l_simp_chinese:
 #Africa
 #Central Africa
 #Kongo Region
 ngono_area: "恩戈诺"
 #East Africa
 #Great Lakes Region
 egaso_ngiro_area: "埃瓦索恩吉罗"
 igombe_area: "伊贡贝"
 malawi_area: "马拉维裂谷"
 rift_valley_area: "大裂谷"
 victoria_area: "维多利亚湖"
 #Ethiopia Region
 central_ethiopia_area: "中埃塞俄比亚"
 northern_ethiopia_area: "北埃塞俄比亚"
 southern_ethiopia_area: "南埃塞俄比亚"
 #Nubia Region
 butana_area: "布塔纳"
 darfur_area: "科尔多凡"
 equatoria_area: "赤道苏丹"
 nubia_proper_area: "努比亚"
 #Somalia Region
 inner_somalia_area: "内索马里"
 northern_somalia_area: "北索马里"
 southern_somalia_area: "南索马里"
 #Madagascar Region
 east_african_island_area: "东非群岛"
 east_madagascar_area: "东马达加斯加"
 malagasy_highlands_area: "马达加斯加高地"
 north_madagascar_area: "北马达加斯加"
 west_madagascar_area: "西马达加斯加"
 #Swahili Coast Region
 mozambique_area: "莫桑比克"
 rufiji_area: "鲁菲吉"
 ruvuma_lurio_area: "鲁伍马‑卢里奥"
 tana_area: "塔纳"
 wami_area: "瓦米"
 #North Africa
 #Egypt Region
 lower_egypt_area: "下埃及"
 upper_egypt_area: "上埃及"
 sinai_area: "西奈"
 cyrenaica_area: "昔兰尼加"
 #Maghreb Region
 algiers_area: "中马格里布"
 atlas_high_plateau: "阿特拉斯高原"
 desert_area: "撒哈拉绿洲"
 macaronesia_area: "马卡罗尼西亚"
 macaronesia_area_ADJ: "马卡罗尼西亚"
 morocco_area: "西马格里布"
 sus_area: "$sus_province$"
 tripolitania_area: "的黎波里"
 tunis_area: "东马格里布"
 #South Africa
 #South Africa Region
 southern_africa_islands_area: "非洲南方诸岛"
 goringhaikona_area: "戈林海科纳"
 umgungundlovu_area: "乌姆贡贡德洛武"
 tzaneen_area: "察嫩"
 thaba_bosiu_area: "塔巴博西乌"
 karoo_area: "卡鲁"
 kalahari_area: "卡拉哈里"
 okavango_area: "奥卡万戈"
 namib_area: "纳米布"
 cape_area: "开普"
 #Zimbabwe Region
 limpopo_area: "林波波"
 zambezi_area: "赞比西"
 save_area: "萨韦"
 #West Africa
 #Sahel Region
 adamawa_area: "阿达马瓦"
 air_area: "阿伊尔"
 bornu_area: "博尔努"
 east_mossi_area: "东莫西"
 gao_area: "加奥"
 ghana_area: "加纳"
 kanem_area: "加奈姆"
 logone_area: "洛贡"
 mali_area: "马里"
 north_hausa_area: "北豪萨兰"
 south_hausa_area: "南豪萨兰"
 timbuktu_area: "廷巴克图"
 wadai_area: "瓦达伊"
 west_mossi_area: "西莫西"
 western_sahara_area: "西撒哈拉"
 zarma_area: "扎尔马"
 #West Africa Region
 akan_area: "阿肯"
 benin_area: "贝宁"
 cameroon_highlands_area: "喀麦隆高地"
 cape_verde_area: "佛得角"
 futa_tooro_area: "富塔托洛"
 gambia_area: "冈比亚"
 gold_coast_area: "黄金海岸"
 gulf_of_guinea_area: "几内亚湾"
 gur_area: "古尔"
 jolof_area: "卓洛夫"
 kong_area: "孔"
 kru_area: "克鲁"
 lower_niger_area: "下尼日尔"
 south_manding_area: "南曼丁"
 upper_guinea_area: "上几内亚"
 west_africa_coastline: "西非海"
 yoruba_area: "约鲁巴"
 #Central Africa Region
 north_gabun_area: "北加蓬"
 south_gabun_area: "南加蓬"
 west_kongo_area: "西刚果"
 kongo_area: "刚果"
 south_kongo_area: "南刚果"
 west_lunda_area: "西隆达"
 viye_area: "维杰"
 maligo_area: "马利戈"
 east_lunda_area: "东隆达"
 moshiko_area: "莫希科"
 kasongo_area: "卡松戈"
 east_kongo_area: "东刚果"
 central_africa_area: "中非"
 #America
 #North America
 #Canada Region
 greenland_area: "格陵兰"
 greenland_sea_area: "格陵兰海"
 icelandic_coast_area: "冰岛海岸"
 northern_isles_sea_area: "北部群岛海"
 quebec_area: "魁北克"
 laurentian_area: "劳伦提亚"
 lower_canada_area: "下加拿大"
 jamesie_area: "东詹姆斯湾"
 nunavik_area: "努纳维克"
 labrador_area: "拉布拉多"
 newfoundland_area: "纽芬兰"
 prince_edward_island_area: "爱德华王子岛"
 acadia_area: "阿卡迪亚"
 new_brunswick_area: "新不伦瑞克"
 eastern_ontario_area: "东安大略"
 western_ontario_area: "西安大略"
 northern_ontario_area: "北安大略"
 northwestern_ontario_area: "西北安大略"
 greenstone_belt_area: "阿比蒂比高地"
 keewatin_area: "基韦廷"
 james_bay_lowlands_area: "西詹姆斯湾"
 gulf_of_saint_lawrence_area: "圣劳伦斯湾"
 canadian_atlantic_coast_area: "大西洋加拿大海岸"
 labrador_sea_area: "拉布拉多海"
 hudson_bay_coast_area: "哈得孙湾海岸"
 western_greenland_sea_zones_area: "西格陵兰海"
 eastern_greenland_sea_area: "东格陵兰海"
 hudson_bay_sea_zones_area: "哈得孙湾"
 lousiana_sea_zones_area: "路易斯安那海"
 great_lakes_sea_zones_area: "五大湖"
 #Caribbean Region
 cuba_area: "古巴"
 hispaniola_area: "伊斯帕尼奥拉" #Quisqueya
 lesser_antilles_area: "小安的列斯群岛"
 #Central America Region
 panama_area: "巴拿马"
 #East Coast Region
 massachusetts_area: "马萨诸塞"
 southern_new_england_area: "南新英格兰"
 vermont_area: "佛蒙特"
 new_hampshire_area: "新罕布什尔"
 maine_area: "缅因"
 hudson_area: "哈得孙"
 haudenosaunee_area: "霍迪诺肖尼"
 new_jersey_area: "新泽西"
 pennsylvania_area: "宾夕法尼亚"
 westsylvania_area: "阿勒格尼"
 maryland_area: "马里兰"
 virginia_area: "弗吉尼亚"
 west_virginia_area: "西弗吉尼亚"
 north_carolina_area: "北卡罗来纳"
 south_carolina_area: "南卡罗来纳"
 georgia_us_area: "佐治亚"
 florida_area: "佛罗里达"
 tennessee_area: "田纳西"
 kentucky_area: "肯塔基"
 ohio_area: "俄亥俄"
 indiana_area: "印第安纳"
 michigan_area: "密歇根"
 illinois_area: "伊利诺伊"
 wisconsin_area: "威斯康星"
 alabama_area: "阿拉巴马"
 mississippi_area: "密西西比"
 #Louisiana Region
 louisiana_area: "路易斯安那"
 arkansas_area: "阿肯色"
 missouri_area: "密苏里"
 iowa_area: "艾奥瓦"
 minnesota_area: "明尼苏达"
 superior_area: "苏必利尔"
 north_dakota_area: "北达科他"
 south_dakota_area: "南达科他"
 central_plains_area: "中央大平原"
 natahende_area: "纳塔亨德"
 high_plains_area: "高地平原"
 badlands_area: "怀俄明"
 upper_missouri_area: "上密苏里"
 athabasca_area: "阿萨巴斯卡"
 saskatchewan_area: "萨斯喀彻温"
 keewatin_n_area: "北基韦廷"
 red_river_area: "红河谷"
 mascarene_islands_area: "马斯克林群岛"
 #Mesoamerica
 mexihko_area: "墨西哥"
 tlaxcala_area: "特拉斯卡拉"
 puebla_area: "普埃布拉"
 guanajuato_area: "瓜纳华托"
 oaxaca_area: "瓦哈卡"
 veracruz_area: "韦拉克鲁斯"
 huaxyacac_area: "瓦西亚卡克"
 tochtepec_area: "托奇特佩克"
 michoacan_area: "米却肯"
 xilotepec_area: "希洛特佩克"
 xalisco_area: "哈利斯科"
 aridoamerica_sea_zones_area: "干旱美洲海"
 janeiro_area: "雅内鲁"
 mayaab_area: "玛雅布"
 chilapan_area: "奇拉潘"
 puuk_area: "普乌克"
 chactemal_area: "查克特埃马尔"
 mesoamerica_sea_zones_area: "美索美洲海"
 central_america_sea_zones_area: "中美洲海"
 peten_area: "佩滕"
 tezulutlan_area: "特苏鲁特兰"
 kuskatan_area: "库斯卡坦"
 imabite_area: "伊玛比特"
 nekokiaw_area: "内科基奥"
 #Arido America
 zacatecas_area: "特拉奎特拉潘"
 baja_area: "下加利福尼亚"
 tahejoc_area: "塔赫霍克"
 culiacan_area: "库利亚坎"
 tamaulipeco_area: "塔毛利佩科"
 guachichil_area: "瓜奇奇尔"
 texas_area: "得克萨斯"
 shiewhibak_area: "阿利雄"
 #West Coast Region
 northwest_coast_area: "西北海岸"
 western_arctic_area: "西北极地"
 alaxsxaq_area: "阿拉斯加"
 yukon_area: "育空"
 alaska_sea_zones_area: "阿拉斯加海"
 columbia_interior_area: "内哥伦比亚"
 california_area: "上加利福尼亚"
 great_basin_area: "大盆地"
 rockies_area: "落基山脉"
 hawaii_area: "夏威夷"
 hawaii_sea_area: "夏威夷海"
 cascadia_area: "卡斯卡迪亚"
 cascadia_sea_zones_area: "美洲西海岸"
 #South America
 #Brazil Region
 amazon_area: "亚马逊"
 tocantins_area: "托坎廷斯"
 mearim_area: "梅阿林"
 paranaiba_area: "帕拉奈巴"
 jaguaribe_area: "雅瓜里贝"
 parapitinga_area: "帕拉平廷加"
 pindorama_area: "平多拉马"
 parana_area: "巴拉那"
 paraguay_area: "巴拉圭"
 guapore_area: "瓜波雷"
 uruguay_area: "乌拉圭"
 #Colombia Region
 bogota_area: "波哥大"
 #Andes Region
 andes_area: "安第斯"
 quitu_area: "基多"
 chala_area: "查拉"
 atacama_area: "阿塔卡马"
 cuyo_area: "库约"
 yunga_area: "云加"
 puna_area: "普纳"
 qullaw_area: "库利亚弗"
 acamama_area: "阿卡马马"
 suni_area: "苏尼"
 rupa_rupa_area: "鲁帕鲁帕"
 galapagos_area: "加拉帕戈斯"
 andes_sea_zones_area: "安第斯海"
 #Chaco Region
 chaco_area: "查科"
 la_plata_area: "拉普拉塔"
 ngulumapu_area: "恩古卢马普"
 juan_fernandez_area: "胡安·费尔南德斯群岛"
 mamore_area: "马莫雷"
 paranena_area: "巴拉那纳"
 ayoreo_area: "阿约雷奥"
 moqoit_area: "莫科维"
 pampa_area: "潘帕"
 puelmapu_area: "普埃尔马普"
 patagonia_area: "巴塔哥尼亚"
 falklands_area: "福克兰群岛"
 south_georgia_area: "南乔治亚岛"
 rapa_nui_area: "拉帕努伊"
 #Asia
 #Central Asia
 #Khorasan Region
 badakhshan_area: "巴达赫尚"
 desht_kipchak_area: "钦察草原"
 eastern_khorasan_area: "东呼罗珊"
 khwarazm_area: "花剌子模"
 transoxiana_area: "河中"
 western_khorasan_area: "西呼罗珊"
 zhetysu_area: "七河"
 caspian_sea_area: "里海"
 #East Asia
 #East China Region
 fujian_area: "福建" #福建
 hunan_area: "湖南" #湖南
 wuling_area: "武陵" #武陵
 hubei_area: "湖北" #湖北
 jiangxi_area: "江西" #江西
 jiangnan_area: "江南" #江南
 huaidong_area: "淮东" #淮东
 huaixi_area: "淮西" #淮西
 taiwan_area: "台湾" #台灣
 zhejiang_area: "浙江" #浙江
 east_china_coastline: "华东海岸"
 #Japan Region
 ezo_area: "虾夷地" #蝦夷
 hokurikudou_area: "北陆道" #北陸道
 kinai_area: "畿內" #畿内
 nankaidou_area: "南海道" #南海道
 saikaidou_area: "西海道" #西海道
 sanindou_area: "山阴道" #山陰道
 sanyoudou_area: "山阳道" #山陽道
 ou_area: "奥羽" #奥羽
 toukaidou_area: "东海道" #東海道
 tousandou_area: "东山道" #東山道
 ryuukyuu_area: "琉球" #琉球
 japan_coastline: "日本海岸"
 sea_of_japan_area: "日本海"
 ryuukyuu_sea_area: "琉球海"
 ezo_sea: "虾夷海"
 #Korea Region
 gwanseo_area: "关西"
 gwandong_area: "关东"
 yeongnam_area: "岭南"
 gyeonggi_area: "京畿"
 honam_area: "湖南"
 haeseo_area: "海西"
 hoseo_area: "湖西"
 gwanbuk_area: "关北"
 korea_western_coastline: "朝鲜西海岸"
 korea_eastern_coastline: "朝鲜东海岸"
 #Manchuria Region
 liaodong_area: "辽东" #遼東
 lower_amur_area: "下阿穆尔"
 middle_amur_area: "中阿穆尔"
 songhua_area: "松花"
 songnen_area: "松嫩"
 ussuri_area: "乌苏里"
 manchuria_coastline: "满洲海岸"
 #Mongolia Region
 argun_area: "额尔古纳"
 eastern_gobi_area: "东戈壁"
 lower_selenga_area: "下色楞格"
 mongolian_great_lakes_area: "蒙古大湖"
 shilkari_area: "石勒喀"
 southern_gobi_area: "南戈壁"
 tuva_area: "图瓦"
 upper_selenga_area: "上色楞格"
 western_gobi_area: "西戈壁"
 #North China Region
 beiping_area: "北平" #北平
 yannan_area: "燕南" #燕南
 yanbei_area: "燕北" #燕北
 hebei_area: "河北" #河北
 henan_area: "河南" #河南
 haiyou_area: "海右" #海右
 shandong_area: "山东" #山東
 datong_area: "大同"
 shanxi_area: "山西" #山西
 north_china_coastline: "华北海岸"
 #South China Region
 haibei_hainan_area: "海北海南" #海北海南
 guangdong_area: "广东" #廣東
 liangjiang_area: "两江" #两江
 guangxi_area: "广西" #廣西
 guizhou_area: "贵州" #貴州
 dali_area: "大理" #大理
 yunnan_area: "云南" #雲南
 south_china_coastline: "华南海岸"
 #Tibet Region
 amdo_area: "安多"
 changtang_area: "羌塘"
 kham_area: "康"
 ngari_area: "阿里"
 tsang_area: "藏"
 u_area: "卫"
 #West China Region
 gansu_area: "甘肃" #甘肃/甘肅
 hexi_area: "河西" #河西
 longyou_area: "陇右" #陇右
 shaanxi_area: "陕西" #陕西/陝西
 chuandong_area: "川东" #川东
 chuannan_area: "川南" #川南
 chuanxi_area: "川西" #川西
 #xinjiang Region
 dzungaria_area: "准噶尔"
 tarim_area: "塔里木"
 #Middle East
 #Anatolia Region
 armenian_highlands_area: "亚美尼亚高地"
 cappadocia_area: "卡帕多西亚"
 central_anatolia_area: "中安纳托利亚"
 cilicia_area: "奇里乞亚"
 marmara_area: "马尔马拉"
 pontus_area: "本都"
 west_anatolia_area: "西安纳托利亚"
 #Arabia Region
 bahrein_area: "巴林"
 hedjaz_area: "汉志"
 najd_area: "内志"
 oman_area: "阿曼"
 hail_area: "哈伊勒"
 north_yemen_area: "北也门"
 south_yemen_area: "南也门"
 arabian_area: "阿拉伯海"
 red_sea_area: "红海"
 #Crescent Region
 iraq_arabi_area: "阿拉伯伊拉克"
 jazira_area: "杰济拉"
 levant_area: "黎凡特"
 #Persia Region
 azerbaijan_area: "阿塞拜疆"
 baluchistan_area: "俾路支斯坦"
 fars_area: "法尔斯"
 iraq_ajam_area: "阿贾姆伊拉克"
 kerman_area: "克尔曼"
 khuzestan_area: "胡齐斯坦‑卢里斯坦"
 kordestan_area: "库尔德斯坦"
 mazandaran_area: "马赞达兰"
 quhestan_area: "库希斯坦"
 sistan_area: "锡斯坦"
 oman_sea_zones_area: "阿曼湾"
 bengal_sea_zones_area: "孟加拉湾"
 western_india_sea_zones_area: "西印度海"
 deccan_sea_zones_area: "德干海"
 #North Asia
 #West Siberia Region
 chimgi_tura_area: "成吉‑图拉"
 qashliq_area: "卡什利克"
 irkutsk_area: "伊尔库茨克"
 surgut_area: "苏尔古特"
 mangazeya_area: "曼加泽亚"
 tomsk_area: "托木斯克"
 omsk_area: "鄂木斯克"
 kulykol_area: "库勒科尔"
 bursol_area: "布尔索尔"
 suzun_area: "苏尊"
 kansk_area: "坎斯克"
 bratsk_area: "布拉茨克"
 angara_area: "安加拉"
 vitim_area: "维季姆"
 anabyr_area: "阿纳巴尔"
 yenisei_area: "叶尼塞"
 #East Siberia Region
 chukchee_area: "楚科奇"
 anadyr_area: "阿纳德尔"
 kamchatka_area: "堪察加"
 chuvan_area: "楚凡"
 kolyma_area: "科雷马"
 yandin_area: "扬丁"
 indigirka_area: "因迪吉尔卡"
 okhotsk_coast_area: "鄂霍次克海岸"
 east_stanovoi_area: "东斯塔诺夫"
 west_stanovoi_area: "西斯塔诺夫"
 amga_area: "阿姆加"
 yakutia_area: "雅库特"
 lower_lena_area: "下勒拿"
 middle_lena_area: "中勒拿"
 upper_lena_area: "上勒拿"
 onoid_area: "奥诺伊德"
 laptev_coast_area: "奥莫洛伊河口"
 siberian_lakes_area: "西伯利亚湖群"
 yakutsk_sea_area: "雅库茨克海"
 #West Siberia Region
 #South Asia
 #Bengal Region
 assam_area: "阿萨姆"
 bengal_area: "孟加拉"
 hill_area: "佐米丘陵"
 jharkhand_area: "贾坎德"
 mithila_area: "弥萨罗‑摩揭陀"
 monyul_area: "门隅"
 nepal_area: "尼泊尔"
 chota_nagpur_area: "焦达那格浦尔"
 orissa_area: "奥里萨"
 #Deccan Region
 andhra_area: "安得拉"
 awadh_area: "阿瓦德"
 bhojpur_area: "波泽布尔"
 gondwana_area: "冈瓦纳"
 karnakassala_area: "迦尔纳卡萨拉"
 konkan_area: "康坎"
 sailan_area: "锡兰"
 maharashtra_area: "马哈拉施特拉"
 malabar_area: "马拉巴尔"
 rokhilkhand_area: "罗希尔坎德"
 tamil_land_area: "泰米尔纳德"
 telingana_area: "特伦甘纳"
 vidarbha_area: "维达尔巴"
 maldives_area: "马尔代夫"
 #Western India Region
 gujarat_area: "古吉拉特"
 malwa_area: "摩腊婆"
 rajputana_area: "拉杰普塔纳"
 saurashtra_area: "萨乌拉施特拉"
 #Hindustan Region
 upper_indus_area: "印度河源"
 sindh_area: "信德"
 doab_area: "河间地"
 punjab_area: "旁遮普"
 #Southeast Asia
 #Indochina Region
 arakhan_area: "阿拉干"
 champa_area: "占婆"
 chao_phraya_area: "昭披耶河三角洲"
 irrawady_area: "伊洛瓦底"
 irrawady_delta_area: "伊洛瓦底三角洲"
 kachin_area: "克钦"
 khorat_plateau_area: "呵叻碟状台地"
 lower_mekong_area: "下湄公"
 malay_peninsula_area: "马来半岛"
 northern_tai_highland_area: "北泰高原"
 red_river_delta_area: "红河三角洲"
 shan_highland_area: "掸邦高原"
 southeast_asian_coasts_area: "东南亚海岸"
 #Indonesia Region
 north_borneo_area: "北婆罗洲"
 south_borneo_area: "南婆罗洲"
 celebes_area: "苏拉威西"
 java_area: "爪哇"
 lesser_sunda_area: "小巽他群岛"
 moluccas_area: "摩鹿加群岛"
 luzon_area: "吕宋"
 visayas_area: "米沙鄢"
 mindanao_area: "棉兰老"
 north_sumatra_area: "北苏门答腊"
 south_sumatra_area: "南苏门答腊"
 indonesia_coasts_area: "印度尼西亚海岸"
 #Europe
 #Eastern Europe
 #Balkan Region
 aegean_archipelago_area: "爱琴海群岛"
 bosnia_area: "波斯尼亚"
 bulgaria_area: "保加利亚"
 croatia_area: "克罗地亚"
 macedonia_area: "马其顿"
 morea_area: "摩里亚"
 northern_greece_area: "北希腊"
 serbia_area: "塞尔维亚"
 silistria_area: "锡利斯特拉"
 slavonia_area: "斯拉沃尼亚"
 slovenia_area: "卡尼奥拉"
 thrace_area: "色雷斯"
 #Carpathia Region
 north_alfold_area: "北部平原"
 south_alfold_area: "南部平原"
 transdanubia_area: "外多瑙"
 moldavia_area: "摩尔达维亚"
 slovakia_area: "斯洛伐克"
 transylvania_area: "特兰西瓦尼亚"
 wallachia_area: "瓦拉几亚"
 #Caucasus Region
 armenia_area: "亚美尼亚"
 georgia_area: "格鲁吉亚"
 northern_caucasus_area: "北高加索"
 shirvan_area: "希尔凡"
 #Poland Region
 central_poland_area: "中波兰"
 greater_poland_area: "大波兰"
 lesser_poland_area: "小波兰"
 lithuania_area: "立陶宛"
 mazovia_area: "马佐夫舍"
 prussia_area: "普鲁士"
 samogitia_area: "萨莫吉希亚"
 #Russia Region
 moscow_area: "莫斯科"
 smolensk_area: "斯摩棱斯克"
 oka_area: "奥卡"
 sloboda_ukraine_area: "斯洛博达"
 ryazan_area: "梁赞"
 west_novgorod_area: "西诺夫哥罗德"
 east_novgorod_area: "东诺夫哥罗德"
 tambov_area: "坦波夫"
 samara_area: "萨马拉"
 nizhny_novgorod_area: "下诺夫哥罗德"
 suzdal_area: "苏兹达尔"
 vladimir_area: "弗拉基米尔"
 tver_area: "特维尔"
 yaroslavl_area: "雅罗斯拉夫尔"
 beloozero_area: "别洛奥泽罗"
 totma_area: "托季马"
 #Ruthenia Region
 black_ruthenia_area: "黑鲁塞尼亚"
 left_bank_ukraine_area: "左岸乌克兰"
 podolia_area: "波多利亚"
 polesia_area: "波利西亚"
 red_ruthenia_area: "红鲁塞尼亚"
 right_bank_ukraine_area: "右岸乌克兰"
 severia_area: "塞韦里亚"
 volhynia_area: "沃里尼亚"
 white_ruthenia_area: "白鲁塞尼亚"
 #Steppes Region
 crimea_area: "克里米亚"
 matrega_area: "马特雷加"
 yedisan_area: "叶迪山"
 zaporizhzhia_area: "扎波罗热"
 pryazovia_area: "亚速海沿岸"
 azov_area: "亚速"
 lower_don_area: "下顿河"
 astrakhan_area: "阿斯特拉罕"
 majar_area: "马加尔"
 lower_yik_area: "下伊克"
 samar_area: "萨马尔"
 kursk_area: "库尔斯克"
 #Ural Region
 kazan_area: "喀山"
 vyatka_area: "维亚特卡"
 bolghar_area: "保加尔"
 bashkiria_area: "巴什基尔"
 karagay_area: "卡拉盖"
 perm_area: "彼尔姆"
 ust_sysola_area: "乌斯季‑瑟索拉"
 vorkuta_area: "沃尔库塔"
 ural_area: "乌拉尔"
 #White Sea Region
 pomorye_area: "波莫尔"
 arkhangelsk_area: "阿尔汉格尔斯克"
 karelia_area: "卡累利阿"
 kola_area: "科拉"
 russian_coastline: "俄罗斯海岸"
 #Western Europe
 #France Region
 alsace_area: "阿尔萨斯"
 alsace_area_ADJ: "阿尔萨斯"
 anjou_area: "安茹"
 anjou_area_ADJ: "安茹"
 auvergne_area: "奥弗涅"
 brittany_area: "布列塔尼"
 brittany_area_ADJ: "布列塔尼"
 burgundy_area: "勃艮第"
 burgundy_area_ADJ: "勃艮第"
 champagne_area: "香槟"
 champagne_area_ADJ: "香槟"
 franche_comte_area: "弗朗什‑孔泰"
 franche_comte_area_ADJ: "孔泰"
 gascony_area: "加斯科涅"
 gascony_area_ADJ: "加斯科涅"
 guyenne_area: "吉耶讷"
 guyenne_area_ADJ: "吉耶讷"
 ile_de_france_area: "法兰西岛"
 ile_de_france_area_ADJ: "法兰西岛"
 lorraine_area: "洛林"
 lorraine_area_ADJ: "洛林"
 lyonnais_area: "里昂"
 normandy_area: "诺曼底"
 normandy_area_ADJ: "诺曼底"
 orleanais_area: "奥尔良"
 orleanais_area_ADJ: "奥尔良"
 picardy_area: "皮卡第"
 picardy_area_ADJ: "皮卡第"
 poitou_area: "普瓦图"
 poitou_area_ADJ: "普瓦图"
 provence_area: "普罗旺斯"
 provence_area_ADJ: "普罗旺斯"
 savoy_area: "萨伏依‑多菲内"
 savoy_area_ADJ: "萨伏依"
 languedoc_area: "朗格多克"
 languedoc_area_ADJ: "朗格多克"
 #Great Britain Region
 east_anglia_area: "东盎格利亚"
 home_counties_area: "伦敦周边"
 midlands_area: "麦西亚"
 northumbria_area: "诺森布里亚"
 scottish_highlands_area: "苏格兰高地"
 hebrides_area: "赫布里底群岛"
 hebrides_area_ADJ: "赫布里底"
 scottish_lowlands_area: "苏格兰低地"
 wales_area: "威尔士"
 northern_isles_area: "北部群岛"
 west_country_area: "西南英格兰"
 #Iberia Region
 andalusia_area: "安达卢西亚"
 andalusia_area_ADJ: "安达卢西亚"
 aragon_area: "阿拉贡"
 aragon_area_ADJ: "阿拉贡"
 balearics_area: "巴利阿里群岛"
 balearics_area_ADJ: "巴利阿里"
 castile_area: "卡斯蒂利亚"
 castile_area_ADJ: "卡斯蒂利亚"
 catalonia_area: "加泰罗尼亚"
 catalonia_area_ADJ: "加泰罗尼亚"
 granada_area: "$granada$"
 granada_area_ADJ: "格拉纳达"
 extremadura_area: "埃斯特雷马杜拉"
 extremadura_area_ADJ: "埃斯特雷马杜拉"
 galicia_area: "加利西亚"
 galicia_area_ADJ: "加利西亚"
 leon_area: "$leon_province$"
 leon_area_ADJ: "莱昂"
 murcia_area: "穆尔西亚"
 navarre_area: "纳瓦拉"
 navarre_area_ADJ: "纳瓦拉"
 north_portugal_area: "北葡萄牙"
 north_portugal_area_ADJ: "北葡萄牙"
 south_portugal_area: "南葡萄牙"
 south_portugal_area_ADJ: "南葡萄牙"
 toledo_area: "$toledo_province$"
 toledo_area_ADJ: "托莱多"
 valencia_area: "$valencia_province$"
 valencia_area_ADJ: "巴伦西亚"
 #Ireland Region
 connaught_area: "康诺特"
 leinster_area: "伦斯特"
 munster_area: "芒斯特"
 ulster_area: "阿尔斯特"
 #Italy Region
 abruzzo_area: "阿布鲁齐"
 apulia_area: "普利亚"
 basilicata_area: "巴西利卡塔‑卡拉布里亚"
 campania_area: "坎帕尼亚‑普林奇帕托"
 emilia_area: "艾米利亚‑罗马涅"
 lazio_area: "拉齐奥"
 liguria_area: "利古里亚‑科西嘉"
 lombardy_area: "伦巴第"
 marche_area: "马尔凯‑翁布里亚"
 piemonte_area: "皮埃蒙特"
 sardinia_area: "撒丁"
 sicily_area: "西西里"
 tuscany_area: "托斯卡纳"
 veneto_area: "威尼托‑弗留利"
 #Scandinavia Region
 denmark_area: "丹麦"
 gotaland_area: "约塔兰"
 iceland_area: "冰岛"
 nord_norge_area: "北挪威"
 skaneland_area: "斯科讷"
 svealand_area: "斯韦阿兰"
 syd_norge_area: "南挪威"
 scandinavian_sea_zones_area: "斯堪的纳维亚海岸"
 #North Germany Region
 brabant_area: "布拉班特"
 flanders_area: "佛兰德"
 friesland_area: "弗里斯兰"
 holland_area: "荷兰"
 wallonia_area: "瓦隆尼亚"
 brandenburg_area: "勃兰登堡"
 mecklenburg_area: "梅克伦堡"
 #South Germany Region
 austria_area: "下奥地利"
 rhineland_area: "莱茵兰"
 hesse_area: "黑森"
 westphalia_area: "威斯特伐利亚"
 lower_saxony_area: "下萨克森"
 upper_saxony_area: "上萨克森"
 pomerania_area: "波美拉尼亚"
 holstein_area: "荷尔斯泰因"
 upper_austria_area: "上奥地利"
 salzburg_area: "萨尔茨堡"
 styria_area: "施蒂里亚"
 carinthia_area: "卡林西亚"
 central_switzerland_area: "瑞士"
 eastern_switzerland_area: "雷蒂亚"
 western_switzerland_area: "罗曼迪"
 bohemia_area: "波希米亚"
 moravia_area: "摩拉维亚"
 silesia_area: "西里西亚"
 upper_rhine_area: "上莱茵"
 swabia_area: "施瓦本"
 bavaria_area: "巴伐利亚"
 franconia_area: "法兰克尼亚"
 tirol_area: "蒂罗尔‑特伦蒂诺"
 #Oceania
 #Australia
 #Australia Region
 eastern_australia_area: "东澳大利亚"
 #Papua
 eastern_australia_sea_zones_area: "东澳大利亚海"
 micronesia_area: "密克罗尼西亚"
 melanesia_area: "美拉尼西亚"
 solomon_islands_area: "所罗门群岛"
 solomon_islands_coastal_sea_zones_area: "所罗门海岸"
 bismarck_area: "俾斯麦群岛"
 momase_area: "莫马塞"
 kerema_area: "凯里马"
 milne_area: "米尔恩"
 wanin_area: "瓦宁"
 papua_area: "巴布亚"
 anim_ha_area: "阿尼姆哈"
 papua_sea_zones_area: "巴布亚海"
 polynesia_area: "波利尼西亚"
 #Polynesia
 #New Zealand Region
 rekohu_area: "查塔姆群岛"
 lord_howe_area: "豪勋爵岛"
 norfolk_nz_area: "诺福克岛"
 motu_maha_area: "莫图马哈"
 new_zealand_sea_zones_area: "新西兰海"
 rapa_nui_sea_zones_area: "拉帕努伊海"
 papahanaumokuakea_area: "西北夏威夷"
 hawaii_sea_zones_area: "夏威夷海"
 aono_raina_area: "莱恩群岛"
 aono_raina_sea_zones_area: "莱恩海"
 kuki_airani_area: "库克群岛"
 kuki_airani_sea_zones_area: "库克海"
 tuhaa_pae_area: "土布艾群岛"
 tuhaa_pae_sea_zones_area: "土布艾海"
 te_henua_enana_area: "马克萨斯群岛"
 te_henua_enana_sea_zones_area: "马克萨斯海"
 tuamotu_area: "土阿莫土"
 raeffsky_area: "拉耶夫斯基群岛"
 palliser_area: "帕利瑟"
 tuamotu_sea_zones_area: "土阿莫土海"
 totaiete_ma_area: "社会群岛"
 totaiete_ma_sea_zones_area: "社会群岛海"
 pitcairn_area: "皮特凯恩群岛"
 pitcairn_sea_zones_area: "皮特凯恩海"
 rawaki_area: "菲尼克斯群岛"
 rawaki_sea_zones_area: "菲尼克斯海"
 tokelau_area: "托克劳群岛"
 tokelau_sea_zones_area: "托克劳海"
 niue_area: "纽埃"
 niue_sea_zones_area: "纽埃海"
 tuvalu_area: "图瓦卢群岛"
 tuvalu_sea_zones_area: "图瓦卢海"
 futuna_area: "富图纳群岛"
 tonga_area: "汤加群岛"
 tonga_sea_zones_area: "汤加海"
 samoa_area: "萨摩亚群岛"
 samoa_sea_zones_area: "萨摩亚海"
 nanpo_area: "南方诸岛"
 nanpo_sea_zones_area: "南方海"
 marianas_area: "马里亚纳群岛"
 marianas_sea_zones_area: "马里亚纳海"
 ratak_area: "拉塔克"
 ralik_area: "拉利克"
 majel_sea_zones_area: "马绍尔海"
 belau_area: "帕劳"
 belau_sea_zones_area: "帕劳海"
 chuuk_area: "丘克"
 chuuk_sea_zones_area: "丘克海"
 tungaru_area: "通加鲁"
 tungaru_sea_zones_area: "通加鲁海"
 tinputz_area: "廷普茨"
 bougainville_area: "布干维尔"
 mu_ngava_area: "穆恩加瓦"
 solomon_islands_sea_zones_area: "所罗门群岛海"
 temotu_area: "泰莫图"
 temotu_sea_zones_area: "泰莫图海"
 vanuatu_area: "瓦努阿图"
 vanuatu_sea_zones_area: "瓦努阿图海"
 fiji_area: "斐济"
 fiji_sea_zones_area: "斐济海"
 kanaky_area: "卡纳基"
 kanaky_sea_zones_area: "卡纳基海"
 nauru_area: "瑙鲁"
 nauru_sea_zones_area: "瑙鲁海"
 #Ocean Continent
 #Ocean Subcontinent
 #Ocean Region
 atlantic_canada_area: "大西洋加拿大"
 black_sea_area: "黑海"
 caribbean_sea_area: "加勒比海"
 alboran_sea_area: "阿尔沃兰海"
 tyrrhenian_sea: "第勒尼安海"
 adriatic_sea_area: "亚得里亚海"
 ionian_sea_area: "爱奥尼亚海"
 aegean_sea_area: "爱琴海"
 albania_area: "阿尔巴尼亚"
 levantine_sea_area: "黎凡特海"
 libyan_sea_area: "利比亚海"
 central_mediterranean_sea_area: "中地中海"
 iberian_west_coast_area: "伊比利亚西海岸"
 southeast_baltic_sea: "东南波罗的海"
 western_mediterranean_sea_area: "西地中海"
 atlantic_west_spitzbergen_area: "大西洋斯瓦尔巴洋流"
 atlantic_irminger_area: "大西洋伊尔明厄洋流"
 atlantic_labrador_area: "大西洋拉布拉多寒流"
 atlantic_gulf_stream_area: "大西洋湾流"
 atlantic_north_atlantic_current_area: "北大西洋暖流"
 atlantic_azores_stream_area: "大西洋亚速尔寒流"
 azores_sea_area: "亚速尔海"
 bay_of_biscay_area: "比斯开湾"
 atlantic_north_equatorial_area: "大西洋北赤道暖流"
 atlantic_equatorial_countercurrent_area: "大西洋赤道逆流"
 atlantic_south_equatorial_area: "大西洋南赤道暖流"
 atlantic_saint_helena_area: "南大西洋诸岛"
 atlantic_saint_helena_sea_area: "南大西洋圣赫勒拿海"
 atlantic_south_area: "南大西洋"
 indian_horn_area: "印度洋海角"
 indian_andaman_area: "印度洋安达曼航道"
 indian_monsoon_area: "印度洋季风环流"
 indian_equatorial_countercurrent_area: "印度洋赤道逆流"
 indian_south_equatorial_area: "南赤道印度洋"
 indian_south_area: "南印度洋"
 indian_austral_area: "印度洋南航道"
 indian_north_agulhas_area: "印度洋北厄加勒斯航道"
 pacific_north_area: "北太平洋"
 pacific_north_equatorial_area: "北赤道太平洋"
 pacific_hawaii_area: "太平洋夏威夷航道"
 pacific_kuro_area: "太平洋黑潮暖流"
 pacific_south_equatorial_area: "南赤道太平洋"
 pacific_easter_equatorial_area: "太平洋东南赤道洋流"
 pacific_equatorial_countercurrent_area: "太平洋赤道逆流"
 pacific_polynesia_area: "太平洋波利尼西亚航道"
 pacific_south_area: "南太平洋"
 pacific_tasmania_area: "太平洋塔斯曼海"
 antarctic_ocean_area: "南大洋"
 mozambique_channel_area: "莫桑比克海峡"
 cape_sea_zones: "开普海"
 bengal_bay_area: "孟加拉海"
 timor_sea_area: "帝汶海"
 tristan_da_cunha_area: "特里斯坦‑达库尼亚"
 tristan_da_cunha_sea_zones_area: "特里斯坦‑达库尼亚海"
 bouvet_area: "布韦"
 #Australians
 western_australia_high_sea_zones_area: "西澳大利亚海"
 northern_australia_high_sea_zones_area: "北澳大利亚海"
 eastern_australia_high_sea_zones_area: "东澳大利亚海"
 southern_australia_high_sea_zones_area: "南澳大利亚海"
 southwestern_australia_area: "西南澳大利亚"
 northwestern_australia_area: "西北澳大利亚"
 australian_northern_territory_area: "北领地"
 australian_yalanji_area: "亚兰吉"
 southeastern_australia_area: "东南澳大利亚"
 south_australia_area: "南澳大利亚"
 #unsorted
 bermuda_province: "$bermuda$"
 bermuda_area: "$bermuda$"
 gulf_of_mexico_area: "墨西哥湾"
 west_greenland_sea_area: "西格陵兰海岸"
 east_greenland_sea_area: "东格陵兰海岸"
 coast_of_portugal_province: "葡萄牙海岸"
 azores_province: "亚速尔群岛"
 madeira_province: "马德拉"
 canary_island_coast: "加那利群岛海岸"
 coast_of_morocco: "摩洛哥海岸"
 sahel_coast_province: "萨赫勒海岸"
 bahamans_sea_zone: "卢卡亚海岸"
 atlantic_sea_area: "马尾藻海"
 madeira_sea_area: "马德拉海"
 azores_area: "亚速尔"
 canary_islands_area: "加那利群岛"
 south_macaronesia_area: "南马卡罗尼西亚"
 #temporary ones
 nw_africa_coast_area: "西北非洲海岸"
