l_korean:
 acre.north_italian_language: "산 조반니 다크리"
 amasra.north_italian_language: "아마스트리스"
 ayas.north_italian_language: "라이아초"
 balat.north_italian_language: "팔라티아"
 berat.north_italian_language: "벨그라도 디 로마니아"
 brac.north_italian_language: "브라차"
 brixen.north_italian_language: "브레사노네"
 bruneck.north_italian_language: "브루니코"
 buzet.north_italian_language: "핀구엔테"
 candia.north_italian_language: "칸디아"
 cesme.north_italian_language: "체스메"
 chania.north_italian_language: "라 카네아"
 crikvenica.north_italian_language: "치르퀘니차"
 dubrovnik.north_italian_language: "라구사"
 dukagjini.north_italian_language: "두카지니"
 durres.north_italian_language: "두라초"
 edremit.north_italian_language: "아드라미티오"
 eregli.north_italian_language: "펜데라키아"
 famagusta.north_italian_language: "파마고스타"
 florence.north_italian_language: "피렌체"
 foca.north_italian_language: "포체아"
 genoa.north_italian_language: "제노바"
 kaffa.north_italian_language: "카파"
 kavaje.north_italian_language: "카발리"
 khadjibey.north_italian_language: "지네스트라"
 knin.north_italian_language: "테닌"
 krk.north_italian_language: "베글리아"
 kruje.north_italian_language: "크로이아"
 kyrenia.north_italian_language: "체리니아"
 lezha.north_italian_language: "알레시오"
 limassol.north_italian_language: "리미소"
 makarska.north_italian_language: "마카르스카"
 mantova.north_italian_language: "만토바"
 milano.north_italian_language: "밀라노"
 morphou.north_italian_language: "오모르포"
 naples.north_italian_language: "나폴리"
 novigrad.north_italian_language: "노베그라디"
 otocac.north_italian_language: "오토초"
 pag.north_italian_language: "파고"
 paphos.north_italian_language: "파포"
 pazin.north_italian_language: "피시노"
 pola.north_italian_language: "폴라"
 pontikokastro.north_italian_language: "벨베데르"
 rethymno.north_italian_language: "레티모"
 rijeka.north_italian_language: "피우메"
 rome.north_italian_language: "로마"
 rovinj.north_italian_language: "로비뇨"
 samsun.north_italian_language: "시미소"
 senj.north_italian_language: "세냐"
 shkoder.north_italian_language: "스쿠타리"
 sibenik.north_italian_language: "세베니코"
 sinj.north_italian_language: "시뇨"
 sinop.north_italian_language: "시노페"
 syracuse.north_italian_language: "시라쿠사"
 siteia.north_italian_language: "시티아"
 slano.north_italian_language: "슬라노"
 smyrna.north_italian_language: "스미르나"
 split.north_italian_language: "스팔라토"
 sterzing.north_italian_language: "비피테노"
 theodoro.north_italian_language: "테도로"
 trebizond.north_italian_language: "트레비손다"
 trento.north_italian_language: "트렌토"
 turin.north_italian_language: "토리노"
 venice.north_italian_language: "베네치아"
 zadar.north_italian_language: "차라"
