l_korean:
 adony.german_language: "아담"
 aiud.german_language: "슈트라스부르크 암 미레슈"
 aizkraukle.german_language: "아셰라덴"
 alba_iulia.german_language: "바이센부르크"
 aluksne.german_language: "마리엔부르크"
 anecho.german_language: "클라인포포"
 babimost.german_language: "봄스트"
 baia_de_aries.german_language: "오펜부르크"
 baia_mare.german_language: "프라우엔바흐"
 baja_hungary.german_language: "프랑켄슈타트"
 balassagyarmat.german_language: "야르마르크트"
 bardejov.german_language: "바르트펠트"
 bauska.german_language: "바우스케"
 bechyne.german_language: "베힌"
 benesov.german_language: "베네샤우"
 beregovo.german_language: "베르크자스"
 beroun.german_language: "베라운"
 bialobork.german_language: "발덴부르크"
 bialogard.german_language: "벨가르트"
 bienne.german_language: "빌"
 bielsko.german_language: "빌리츠"
 bistrita.german_language: "비스트리츠"
 bled.german_language: "펠데스"
 bobolice.german_language: "부블리츠"
 boleslawiec.german_language: "분츨라우"
 bolzano.german_language: "보첸"
 brasov.german_language: "크론슈타트"
 bratislava.german_language: "프레스부르크"
 brodnica.german_language: "슈트라스부르크 안 데어 드레벤츠"
 brunswick.german_language: "브라운슈바이크"
 brzeg.german_language: "브리크"
 brzeznica.german_language: "브리제니츠"
 buda.german_language: "오펜"
 budejovice.german_language: "부트바이스"
 buk.german_language: "부크"
 bydgoszcz.german_language: "브롬베르크"
 bytom.german_language: "보이텐"
 bytow.german_language: "뷔토프"
 caransebes.german_language: "카란제베슈"
 carei.german_language: "그로스카롤"
 caslav.german_language: "카슬라우"
 cavalese.german_language: "가블뢰스"
 celje.german_language: "칠리"
 cesis.german_language: "벤덴"
 cetatea_balta.german_language: "코켈부르크"
 cheb.german_language: "에게르"
 chelmno.german_language: "쿨름"
 chezdi_osorheiu.german_language: "제클러 노이마르크트"
 chodziez.german_language: "호지젠"
 chojna.german_language: "쾨니히스베르크 인 데어 노이마르크"
 choszczno.german_language: "아른스발데"
 ciechanow.german_language: "체헤나우"
 cincu.german_language: "그로스셴크"
 cles.german_language: "글뢰스"
 cluj.german_language: "클라우젠부르크"
 cologne.german_language: "쾰른" #Written with C after the 1500s until 1815 and then again from 1857 to 1919.
 covasna.german_language: "코바스나"
 crasna.german_language: "크라스마르크트"
 csanad.german_language: "차나트"
 cuhea.german_language: "코니하우"
 czaplinek.german_language: "템펠부르크"
 czarnkow.german_language: "차르니카우"
 czlopa.german_language: "슐로페"
 czluchow.german_language: "슐로하우"
 dabaca.german_language: "도베슈도르프"
 daugavpils.german_language: "두나부르크"
 decin.german_language: "테첸"
 dej.german_language: "데슈"
 delemont.german_language: "델스베르크"
 deva.german_language: "딤리히"
 dobele.german_language: "도블렌"
 dobrzyn.german_language: "도브린"
 domazlice.german_language: "타우스"
 drawsko.german_language: "드람부르크"
 dundaga.german_language: "돈다겐"
 durbe.german_language: "두르벤"
 dzierzgon.german_language: "크리스트부르크"
 elblag.german_language: "엘빙"
 elk.german_language: "뤼크"
 fagaras.german_language: "포가라슈"
 fehervar.german_language: "슈툴바이센부르크"
 felegyhaza.german_language: "포일레가스"
 felvint.german_language: "오베르빈츠"
 frombork.german_language: "프라우엔부르크"
 frydlant.german_language: "프리들란트"
 fryvaldov.german_language: "프라이발다우"
 gabin.german_language: "곰빈"
 gdansk.german_language: "단치히"
 gemer.german_language: "괴머"
 geneve.german_language: "겐프"
 giessen.german_language: "기센"
 glogow.german_language: "글로가우"
 glubczyce.german_language: "레오프슈츠"
 gniew.german_language: "메베"
 gniezno.german_language: "그네젠"
 goleniow.german_language: "골노프"
 gora.german_language: "구라우"
 gorizia.german_language: "괴르츠"
 gorzow.german_language: "란츠베르크 안 데어 바르테"
 grobina.german_language: "그로빈"
 grodkow.german_language: "그로트카우"
 grodzisk_wielkopolski.german_language: "그레츠"
 grudziadz.german_language: "그라우덴츠"
 gruyere.german_language: "그라이에르츠"
 gryfia_gora.german_language: "그라이펜베르크"
 gryfow.german_language: "그라이펜하겐"
 gulbene.german_language: "슈바넨부르크"
 gurghiu.german_language: "괴르겐"
 haapsalu.german_language: "하프살"
 halas.german_language: "할라슈"
 hannover.german_language: "하노버"
 hameln.german_language: "하멜른"
 hassfurt.german_language: "하스푸르트"
 hateg.german_language: "발렌탈"
 hlohovec.german_language: "프라이슈타들 안 데어 바크"
 hlucin.german_language: "훌친"
 hodod.german_language: "크릭스도르프"
 holic.german_language: "홀리치"
 hradec_kralove.german_language: "쾨니히그레츠"
 huedin.german_language: "하이노드"
 hulagan.german_language: "그란트포포"
 hunedoara.german_language: "아이젠마르크트"
 husinec.german_language: "후시네츠"
 ilirska_bistrica.german_language: "파이스트리츠"
 ineu.german_language: "예노폴"
 inowroclaw.german_language: "이노브라츨라프"
 j_hradec.german_language: "노이하우스"
 jachymov.german_language: "요아힘슈탈"
 jawor.german_language: "야우어"
 jekabpils.german_language: "크로이츠부르크"
 jelgava.german_language: "미타우"
 jicin.german_language: "이친"
 kaina.german_language: "카이니스"
 kalisz.german_language: "칼리슈"
 kamien.german_language: "카민"
 kamienna_gora.german_language: "란데스후트"
 kandava.german_language: "칸다우"
 kaposvar.german_language: "코피슈"
 kapuvar.german_language: "코브룬"
 karksi.german_language: "카르쿠스"
 khust.german_language: "후스트"
 klatovy.german_language: "클라타우"
 klodzko.german_language: "글라츠"
 kluczbork.german_language: "크로이츠부르크"
 kocevje.german_language: "고체"
 koknese.german_language: "코켄후젠"
 kolo.german_language: "콜로"
 kolobrzeg.german_language: "콜베르크"
 kormend.german_language: "키르멘트"
 koscian.german_language: "코스텐"
 koscierzyna.german_language: "베렌트"
 kosice.german_language: "카샤우"
 koszalin.german_language: "쾨슬린"
 kourim.german_language: "카우르침"
 kozle.german_language: "코젤"
 kozmin.german_language: "호를레"
 kozuchow.german_language: "프라이슈타트"
 kranj.german_language: "크라인부르크"
 kraslava.german_language: "크레슬라우"
 kremnica.german_language: "크렘니츠"
 krnov.german_language: "예게른도르프"
 krosno_odrzanskie.german_language: "크로센 안 데어 오데르"
 krumlov.german_language: "크루마우"
 krupina.german_language: "카르펜"
 kuldiga.german_language: "골딩겐"
 kuressaare.german_language: "아렌스부르크"
 kutna_hora.german_language: "쿠텐베르크"
 kwidzyn.german_language: "마리엔베르더"
 lad_konin.german_language: "론트"
 lasko.german_language: "튀퍼"
 lebork.german_language: "라우엔부르크 인 포메른"
 legnica.german_language: "리그니츠"
 lidzbark.german_language: "하일스베르크"
 lihula.german_language: "레알"
 limbazi.german_language: "렘잘"
 lipno.german_language: "라이페"
 lipova.german_language: "리파"
 liptovsky_mikulas.german_language: "리프타우-장크트-니콜라우스"
 litomerice.german_language: "라이트메리츠"
 litomysl.german_language: "라이토미슐"
 ljubljana.german_language: "라이바흐"
 loket.german_language: "엘보겐"
 lomza.german_language: "룸프제"
 lubawa.german_language: "뢰바우"
 lubica.german_language: "라이비츠"
 lubliniec.german_language: "루블리니츠"
 lugoj.german_language: "루고슈"
 lucerne.german_language: "루체른"
 mako.german_language: "마코바"
 makonkalns.german_language: "볼켄부르크"
 malbork.german_language: "마리엔부르크"
 maribor.german_language: "마르부르크"
 medias.german_language: "메디아슈"
 meissen.german_language: "마이센"
 merano.german_language: "메란"
 metlika.german_language: "뫼틀링"
 miastko.german_language: "룸멜스부르크 인 포메른"
 miedzyrzecz.german_language: "메제리츠"
 miercurea_cluc.german_language: "제클러부르크"
 mihalt.german_language: "미헬스도르프"
 milicz.german_language: "밀리치"
 mirochowo.german_language: "미르하우"
 miskolc.german_language: "미슈콜츠"
 mlada_boleslav.german_language: "융분츨라우"
 mohacs.german_language: "모하치"
 morag.german_language: "모룽겐"
 most.german_language: "브뤽스"
 mukachevo.german_language: "뭉카치"
 munich.german_language: "뮌헨"
 nachod.german_language: "나호트"
 nagykanizsa.german_language: "카니샤"
 naklo.german_language: "나켈 안 데어 네체"
 namyslow.german_language: "남슬라우"
 narva.german_language: "나르바"
 nemecky_brod.german_language: "도이치브로트"
 nibork.german_language: "나이덴부르크"
 niemcza.german_language: "님프치"
 niemodlin.german_language: "팔켄베르크"
 nitra.german_language: "노이트라"
 neuchatel.german_language: "노이엔부르크"
 neuss.german_language: "노이스"
 nograd.german_language: "노이부르크"
 novo_mesto.german_language: "루돌프스베르트"
 nowe.german_language: "노이엔부르크 인 베스트프로이센"
 nowogard.german_language: "나우가르트"
 nowoszczecin.german_language: "노이슈테틴"
 nuremberg.german_language: "뉘른베르크"
 nysa.german_language: "나이세"
 oborniki.german_language: "오보르니크"
 odorhei.german_language: "오도르헬렌"
 olawa.german_language: "올라우"
 olesnica.german_language: "욀스"
 olesno.german_language: "로젠베르크"
 olsnica.german_language: "올스니츠"
 olsztyn.german_language: "알렌슈타인"
 opava.german_language: "트로파우"
 opole.german_language: "오펠른"
 oradea.german_language: "그로스바르다인"
 oravsky_podzamok.german_language: "아르바"
 ostroda.german_language: "오스터로데"
 ostroleka.german_language: "오스트톨렝카"
 ostrow_wielkopolski.german_language: "오스트로보"
 ostrzeszow.german_language: "실트베르크"
 oswiecim.german_language: "아우슈비츠"
 padise.german_language: "파디스"
 paide.german_language: "바이센슈타인"
 papa.german_language: "포파"
 parnu.german_language: "페르나우"
 pazin.german_language: "미테르부르크"
 petrovaradin.german_language: "페터바르다인"
 piltene.german_language: "필텐"
 piotrkow_trybunalski.german_language: "페트리카우"
 pisek.german_language: "피제크"
 pleszew.german_language: "플레셴"
 plock.german_language: "플로츠"
 plonsk.german_language: "플뢰넨"
 plzen.german_language: "필젠"
 podebrady.german_language: "포디브라트"
 podmuran.german_language: "운터무란"
 poltsamaa.german_language: "오버팔렌"
 postojna.german_language: "아델스베르크"
 povazska_bystrica.german_language: "바크비스트리츠"
 poznan.german_language: "브레슬라우"
 prachen.german_language: "프라힌"
 prague.german_language: "프라크"
 presov.german_language: "에페리스"
 prievidza.german_language: "프리비츠"
 prudnik.german_language: "노이슈타트"
 przasnysz.german_language: "페차스니츠"
 pszczyna.german_language: "플레스"
 ptuj.german_language: "페타우"
 puck.german_language: "푸치히"
 pyrzyce.german_language: "퓌리츠"
 pyzdry.german_language: "파이저른"
 raciborz.german_language: "라티보르"
 radziejow.german_language: "라데오"
 rakhiv.german_language: "라히브"
 rakovnik.german_language: "라코니츠"
 rakvere.german_language: "베젠베르크"
 rapla.german_language: "라펠"
 rauna.german_language: "론네부르크"
 rawicz.german_language: "라비치"
 recas.german_language: "레카슈"
 reghin.german_language: "레겐"
 resko.german_language: "레겐발데"
 rezekne.german_language: "로지텐"
 rimavska_sobota.german_language: "그로스슈테펠스도르프"
 riva.german_language: "라이프"
 rovereto.german_language: "로프라이트"
 rozan.german_language: "로찬"
 roznava.german_language: "로제나우"
 rychbach.german_language: "라이헨바흐"
 ryn_poland.german_language: "라인"
 rypin.german_language: "리핀"
 saarde.german_language: "자라호프"
 salaspils.german_language: "키르홀름"
 saldus.german_language: "프라우엔부르크"
 salgotarjan.german_language: "샬가우"
 samorin.german_language: "조머라인"
 santok.german_language: "찬토흐"
 satoraljaujhely.german_language: "노이슈타트 암 첼트베르크"
 schesslitz.german_language: "셰슬리츠"
 sebes.german_language: "뮐바흐"
 selpils.german_language: "젤부르크"
 semlacu_mare.german_language: "그로스솀라크"
 sfantu_gheorghe.german_language: "장크트 게오르겐"
 sibiu.german_language: "헤르만슈타트"
 sic.german_language: "제켄"
 sierpc.german_language: "솁스"
 sighet.german_language: "지게트"
 sighisoara.german_language: "셰스부르크"
 sigulda.german_language: "제게볼트"
 silandro.german_language: "슐란더스"
 simontornya.german_language: "지몬슈투름"
 siret.german_language: "제레트"
 skofja_loka.german_language: "비쇼플라크"
 skwierzyna.german_language: "슈베린 안 데어 바르테"
 slany.german_language: "슐란"
 slawno.german_language: "슐라베"
 slovenj_gradec.german_language: "빈디슈그레츠"
 slupsk.german_language: "슈톨프"
 soltyn.german_language: "졸딘"
 srem.german_language: "슈림"
 sroda_slaska.german_language: "노이마르크트"
 sroda_wielkopolska.german_language: "슈로다"
 stary_tekov.german_language: "알트바르슈"
 storozhynets.german_language: "슈토로치네츠"
 straupe.german_language: "로프"
 strzelce_opolskie.german_language: "그로스 슈트렐리츠"
 sulechow.german_language: "췰리하우"
 suure_jaani.german_language: "그로스 장크트 요하니스"
 swidnica.german_language: "슈바이드니츠"
 swidwin.german_language: "시벨바인"
 swiecie.german_language: "슈베츠"
 swinousjcie.german_language: "스비네뮌데"
 sycow.german_language: "바르텐베르크"
 szabolcs.german_language: "자볼치"
 szadek.german_language: "샤데크"
 szadzko.german_language: "자치히"
 szamotuly.german_language: "잠터"
 szarvas.german_language: "자르바슈"
 szczytno.german_language: "오르텔스부르크"
 szeged.german_language: "제게딘"
 szombathely.german_language: "슈타이나망어"
 szprotawa.german_language: "스프로타우"
 szubin.german_language: "슈빈"
 tachov.german_language: "타하우"
 tallinn.german_language: "레발"
 targu_mures.german_language: "노이마르크트 암 미레슈"
 tartu.german_language: "도르파트"
 tata.german_language: "토티스"
 tczew.german_language: "디르샤우"
 tepla.german_language: "테플"
 tesin.german_language: "테셴"
 timisoara.german_language: "테메스바어"
 titel.german_language: "타이스휘겔"
 tolmin.german_language: "톨마인"
 tolna.german_language: "톨나우"
 toolse.german_language: "톨스부르크"
 torun.german_language: "토른"
 torzym.german_language: "슈테른베르크"
 toszek.german_language: "토스트"
 trebon.german_language: "비팅가우"
 trencin.german_language: "트렌친"
 trento.german_language: "트리엔트"
 trieste.german_language: "트리에스트"
 trnava.german_language: "튀르나우"
 trzebnica.german_language: "트레브니츠"
 trzemeszno.german_language: "트레메센"
 tuchola.german_language: "투헬"
 tukums.german_language: "투쿰"
 turciansky_svaty_martin.german_language: "투르츠-장크트 마르틴"
 turda.german_language: "토렌부르크"
 turna.german_language: "토르나우"
 turnov.german_language: "투르나우"
 uniejow.german_language: "우니에나우"
 usti_nad_labem.german_language: "아우시히"
 uzhorod.german_language: "웅바어"
 valjala.german_language: "볼데"
 valka.german_language: "발크"
 valmiera.german_language: "볼마르"
 vasknarva.german_language: "노이슐로스"
 vastseliina.german_language: "노이하우젠"
 vatra_dornei.german_language: "도르나 바트라"
 veliky_beckerek.german_language: "그로스베치케레크"
 ventspils.german_language: "빈다우"
 vilaka.german_language: "마리엔하우젠"
 viljandi.german_language: "펠린"
 villandro.german_language: "필란데르스"
 vonnu.german_language: "벤다우"
 walcz.german_language: "아른스크로네"
 warsaw.german_language: "바르샤우"
 wegorzewo.german_language: "앙게르부르크"
 weissenburg.german_language: "바이센부르크"
 weissenfels.german_language: "바이센펠스"
 wielen.german_language: "필레네"
 wielun.german_language: "벨룬"
 wieruszow.german_language: "베루샤우"
 wloclawek.german_language: "레슬라우"
 wolow.german_language: "볼라우"
 wroclaw.german_language: "브레슬라우"
 wschowa.german_language: "프라우슈타트"
 wyrzysk.german_language: "비르지츠"
 zagan.german_language: "자간"
 zalaegerszeg.german_language: "에게르제"
 zalau.german_language: "칠렌마르크트"
 zary.german_language: "조라우"
 zatec.german_language: "자츠"
 ziebice.german_language: "뮌스터베르크"
 zielona_gora.german_language: "그륀베르크"
 zilina.german_language: "질라인"
 zlotoryja.german_language: "골트베르크"
 zlotow.german_language: "플라토브"
 zurich.german_language: "취리히"
 zvolen.german_language: "알트졸"
