l_korean:
 aachen.spanish_language: "아키스그란"
 aalst.spanish_language: "알로스트"
 acre.spanish_language: "산 후안 데 아크레"
 agadir.spanish_language: "산타 크루스 델 카보 아게르"
 aguere.spanish_language: "산 크리스토발 데 라 라구나"
 akimel_oodham.spanish_language: "산 하비에르 델 바크"
 alcacer_do_sal.spanish_language: "알카사르 데 라 살"
 alcobaca.spanish_language: "알코바사"
 alencon.spanish_language: "알렌손"
 alexandria.spanish_language: "알레한드리아"
 alghero.spanish_language: "알게르"
 algiers.spanish_language: "아르헬"
 amsterdam.spanish_language: "암스테르담"
 andorra_la_vella.spanish_language: "안도라 라 비에하"
 angouleme.spanish_language: "앙굴레마"
 antwerp.spanish_language: "안투에르피아"
 apalachee.spanish_language: "산마르코스데아팔라체"
 aquileia.spanish_language: "아킬레아"
 arasibo.spanish_language: "아레시보"
 arles.spanish_language: "아를레스"
 arras.spanish_language: "아라스"
 asilah.spanish_language: "아르실라"
 assisi.spanish_language: "아시스"
 augsburg.spanish_language: "아우그스부르고"
 avignon.spanish_language: "아비뇬"
 awaswas.spanish_language: "산 프란시스코 데 아시스"
 azemmour.spanish_language: "아사모르"
 azrou.spanish_language: "아스루"
 azua.spanish_language: "아수아 데 콤포스텔라"
 bamberg.spanish_language: "밤베르가"
 bani.spanish_language: "바니"
 banique.spanish_language: "바니카"
 bastogne.spanish_language: "바스토냐"
 bavaro.spanish_language: "바바로"
 bayaquitiri.spanish_language: "산티아고 데 쿠바"
 bayonne.spanish_language: "바요나"
 bejaia.spanish_language: "부히아"
 bergamo.spanish_language: "베르가모"
 bergen_zoom.spanish_language: "베르헨"
 berlin.spanish_language: "베를린"
 besancon.spanish_language: "베산손"
 bitburg.spanish_language: "비트부르고"
 bizerte.spanish_language: "비세르타"
 bohio.spanish_language: "산 펠리페 데 푸에르토 플라타"
 bologna.spanish_language: "볼로냐"
 bordeaux.spanish_language: "부르데오스"
 bosa_colombia.spanish_language: "산타 페 데 보고타"
 boya.spanish_language: "사바나 그란데 데 보야"
 braganca.spanish_language: "브라간사"
 brandenburg.spanish_language: "브란덴부르고"
 bremen.spanish_language: "브레마"
 briancon.spanish_language: "브리안손"
 brixen.spanish_language: "브레사노나"
 bruges.spanish_language: "브루하스"
 brussels.spanish_language: "브루셀라스"
 cairo.spanish_language: "엘 카이로"
 calais.spanish_language: "칼레스"
 calamari.spanish_language: "카르타헤나 데 인디아스"
 canterbury.spanish_language: "칸토르베리"
 carcassonne.spanish_language: "카르카소나"
 cayacoa.spanish_language: "산토 도밍고 데 구스만"
 ccantumarcani.spanish_language: "포토시"
 chambery.spanish_language: "참베리"
 cherbourg.spanish_language: "체르부르고"
 cholollan.spanish_language: "촐룰라"
 cibao.spanish_language: "산토 토마스 데 하니코"
 coblenz.spanish_language: "코블렌사"
 coburg.spanish_language: "코부르고"
 cojutepeque.spanish_language: "산 비센테"
 cologne.spanish_language: "콜로니아"
 constantine_ALG.spanish_language: "콘스탄티나"
 cotui.spanish_language: "라 메호라다 델 코투이"
 covilha.spanish_language: "코비얀"
 cuauhchinanco.spanish_language: "과치낭고"
 dillingen.spanish_language: "딜링가"
 dortmund.spanish_language: "트레모니아"
 dover.spanish_language: "두브레스"
 dresden.spanish_language: "드레스다"
 dubrovnik.spanish_language: "라구사"
 dunkirk.spanish_language: "둥케르케"
 east_falkland.spanish_language: "솔레다드섬"
 edinburgh.spanish_language: "에딤부르고"
 el_tor.spanish_language: "엘 토르"
 emden.spanish_language: "엠다"
 erfurt.spanish_language: "에르푸르트"
 esztergom.spanish_language: "에스트리고니아"
 flensburg.spanish_language: "플렌스부르고"
 florence.spanish_language: "플로렌시아"
 frankfurt.spanish_language: "프랑크포르트 델 메노"
 freiburg.spanish_language: "프리부르고 데 브리스고비아"
 freising.spanish_language: "프리싱가"
 geldern.spanish_language: "구엘드레스"
 genoa.spanish_language: "헤노바"
 ghent.spanish_language: "간테"
 gottingen.spanish_language: "고팅가"
 groningen.spanish_language: "그로닝가"
 guacayakima.spanish_language: "살바티에라 데 라 사바나"
 guaxenicos.spanish_language: "소모티요"
 guaynabo.spanish_language: "산 후안"
 guaynia.spanish_language: "과이니아"
 gunzburg.spanish_language: "군스부르고"
 habana.spanish_language: "산 크리스토발 데 라 아바나"
 hamburg.spanish_language: "암부르고"
 helsingor.spanish_language: "엘시노르"
 hertogenbosch.spanish_language: "볼두케"
 hicayagua.spanish_language: "산타 크루스 데 이카야과"
 hipalan.spanish_language: "산 세바스티안 데 라 고메라"
 huexotzinco.spanish_language: "우에호트싱고"
 ifni.spanish_language: "산타 크루스 데 라 마르 페케냐"
 ifrane.spanish_language: "이프란"
 iguamuco.spanish_language: "라레스 데 과아바"
 ineseno.spanish_language: "산 루이스 오비스포"
 ixtapan.spanish_language: "익스타파"
 jaragua.spanish_language: "산타 마리아 델 푸에르토 데 라 하라과"
 kairouan.spanish_language: "카이루안"
 kassel.spanish_language: "카셀"
 khenifra.spanish_language: "헤니프라"
 kleve.spanish_language: "클레베리스"
 konstanz.spanish_language: "콘스탄사"
 kortriik.spanish_language: "코르트리케"
 ksar_el_kebir.spanish_language: "알카사르키비르"
 kukamonga.spanish_language: "산 후안 카피스트라노"
 kumeyaay.spanish_language: "산 디에고 데 알칼라"
 la_mamora.spanish_language: "라 마모라"
 la_rochelle.spanish_language: "라 로첼라"
 larache.spanish_language: "라라체"
 lauenburg.spanish_language: "라우엠부르고"
 leeuwarden.spanish_language: "레우바르다"
 leiden.spanish_language: "레이다"
 leipzig.spanish_language: "립시아"
 leiria.spanish_language: "레이리아"
 leuven.spanish_language: "로바이나"
 liege.spanish_language: "리에하"
 lille.spanish_language: "릴라"
 limassol.spanish_language: "리마솔"
 limbourg.spanish_language: "림부르고"
 livorno.spanish_language: "리오르나"
 llacsapallanca.spanish_language: "비야 리카 데 오로페사" #Huancavelica
 lliria.spanish_language: "리리아"
 london.spanish_language: "론드레스"
 lubeck.spanish_language: "루베카"
 luneburg.spanish_language: "루네부르고"
 luxembourg.spanish_language: "룩셈부르고"
 lyon.spanish_language: "레온 데 프란시아"
 maastricht.spanish_language: "마스트리케"
 magdeburg.spanish_language: "마그데부르고"
 magorix.spanish_language: "산 페르난도 데 몬테 크리스티"
 maguana.spanish_language: "산 후안 데 라 마과나"
 mainz.spanish_language: "마군시아"
 manchester.spanish_language: "만체스테르"
 manso.spanish_language: "엘 파소 델 노르테" #Juárez
 mantova.spanish_language: "만투아"
 marburg.spanish_language: "마르부르고"
 marien.spanish_language: "푸에르토 레알"
 marrakesh.spanish_language: "마루에코스"
 marseille.spanish_language: "마르세야"
 maxorata.spanish_language: "베탕쿠리야"
 mayaca.spanish_language: "산 아구스틴"
 mazaghan.spanish_language: "마사간"
 mechelen.spanish_language: "말리나스"
 meknes.spanish_language: "메키네스"
 messina.spanish_language: "메시나"
 middelburg.spanish_language: "미델부르고"
 milano.spanish_language: "밀란"
 miranda_de_i_douro.spanish_language: "미란다 데 두에로"
 mo_o_ti.spanish_language: "과나후아토"
 moca.spanish_language: "콘셉시온 데 라 베가"
 modena.spanish_language: "모데나"
 munich.spanish_language: "모나코 데 바비에라"
 munster.spanish_language: "무니스테"
 mutsun.spanish_language: "산 카를로스 보로메오 데 카르멜로"
 naples.spanish_language: "나폴레스"
 narbonne.spanish_language: "나르보나"
 naumburg.spanish_language: "나움부르고"
 neubrandenburg.spanish_language: "누에보 브란덴부르고"
 nice.spanish_language: "니사"
 nijmegen.spanish_language: "니메가"
 nimes.spanish_language: "니메스"
 nivelles.spanish_language: "니베야스"
 nonualco.spanish_language: "산티아고 노누알코"
 nuremberg.spanish_language: "누렘베르가"
 oldenburg.spanish_language: "올덴부르고"
 ometepec.spanish_language: "아소유"
 oran.spanish_language: "오란"
 orleans.spanish_language: "오를레안스"
 ostend.spanish_language: "오스텐데"
 ouarzazate.spanish_language: "와르사사트"
 ouezzane.spanish_language: "우에산"
 oujda.spanish_language: "욱스다"
 pachyohcan.spanish_language: "파추카 데 소토"
 padova.spanish_language: "파두아"
 paris.spanish_language: "파리스"
 pavia.spanish_language: "파비아"
 perpignan.spanish_language: "페르피냔"
 perugia.spanish_language: "페루사"
 piacenza.spanish_language: "플라센시아"
 poctlan.spanish_language: "푸틀라"
 porto.spanish_language: "오포르토"
 puigcerda.spanish_language: "푸이그세르다"
 ratzeburg.spanish_language: "라체부르고"
 regensburg.spanish_language: "라티스보나"
 roermond.spanish_language: "루레문다"
 rome.spanish_language: "로마"
 rottenburg.spanish_language: "로템부르고 델 네카르"
 rotterdam.spanish_language: "로테르담"
 rouen.spanish_language: "루안"
 saarbrucken.spanish_language: "사레브루크"
 saint_jean_pied_de_port.spanish_language: "산 후안 피에 데 푸에르토"
 saint_quentin.spanish_language: "산 킨틴"
 salzburg.spanish_language: "살스부르고"
 samana.spanish_language: "산타 바르바라 데 사마나"
 santarem.spanish_language: "산타렌"
 sauveterre_de_guyenne.spanish_language: "살바티에라 데 구예나"
 schmalkalden.spanish_language: "에스말칼다"
 sefrou.spanish_language: "세프루"
 shiewhibak.spanish_language: "알부케르케"
 sigmaringen.spanish_language: "시그마링가"
 sint_niklaas.spanish_language: "산 니콜라스 데 플란데스"
 syracuse.spanish_language: "시라쿠사"
 sousse.spanish_language: "수사"
 speyer.spanish_language: "에스피라"
 strasbourg.spanish_language: "에스트라스부르고"
 suez.spanish_language: "수에스"
 tamaraceite.spanish_language: "라스 팔마스 데 그란 카나리아"
 tangier.spanish_language: "탕헤르"
 tarascon.spanish_language: "타라스콘"
 taroudant.spanish_language: "타루단테"
 tecklenburg.spanish_language: "테클렘부르고"
 tedote.spanish_language: "산타 크루스 데 라 팔마"
 tehotihuacan.spanish_language: "산 후안 테오티우아칸"
 temsamane.spanish_language: "텐사만"
 tenochtitlan.spanish_language: "멕시코"
 teotenanco.spanish_language: "테오테낭고"
 tepotahal.spanish_language: "산 안토니오 데 파두아"
 tetouan.spanish_language: "테투안"
 than_u_ge.spanish_language: "라 비야 레알 데 라 산타 페 데 산프란시스코 데 아시스"
 the_hague.spanish_language: "라 아야"
 tillantonco.spanish_language: "틸라통고"
 timucua.spanish_language: "산 마테오"
 tindouf.spanish_language: "틴두프"
 tlaxomulco.spanish_language: "틀라호물코"
 tlemcen.spanish_language: "트레메센"
 toulon.spanish_language: "톨론"
 toulouse.spanish_language: "톨로사 데 랑게도크"
 trier.spanish_language: "트레베리스"
 tubingen.spanish_language: "투빙가"
 tunis.spanish_language: "투네스"
 turin.spanish_language: "투린"
 uberlingen.spanish_language: "우베를링가"
 ulm.spanish_language: "울마"
 urfa.spanish_language: "에데사"
 utrecht.spanish_language: "우트레케"
 valenca.spanish_language: "발렌시아 델 미뇨"
 valence.spanish_language: "발렌시아 데 프란시아"
 valenciennes.spanish_language: "발렌시아나"
 venice.spanish_language: "베네시아"
 verdun_sur_garonne.spanish_language: "베르둔 데 가로나"
 verdun.spanish_language: "베르둔"
 viana_do_castelo.spanish_language: "비아나 델 카스티요"
 vienna.spanish_language: "비에나"
 vila_real.spanish_language: "비야레알"
 vila_vicosa.spanish_language: "비야비시오사"
 villefranche.spanish_language: "비야프랑카 데 루에르궤"
 viseu.spanish_language: "비세오"
 west_falkland.spanish_language: "그란 말비나"
 wurzburg.spanish_language: "우르스부르고"
 xalacinco.spanish_language: "할라싱고"
 xamapan.spanish_language: "베라크루스"
 xicallanco.spanish_language: "시칼랑고"
 yaanga.spanish_language: "누에스트라 세뇨라 라 레이나 데 로스 앙헬레스 델 리오 데 포르시운쿨라"
 yaguana.spanish_language: "산타 마리아 데 라 야과나"
 yamasa.spanish_language: "라 부에나벤투라"
 yanaguana.spanish_language: "산 안토니오 데 베하르"
 yaqui.spanish_language: "산티아고 데 로스 카바예로스"
 yaquimo.spanish_language: "비야누에바 데 야키모"
 yerevan.spanish_language: "에레반"
 ypres.spanish_language: "이프레스"
 yuma.spanish_language: "살발레온 데 이궤이"
 zacatollan.spanish_language: "사카툴라"
 zadar.spanish_language: "하라"
 zain.spanish_language: "사카테카스"
 zaragoza.spanish_language: "사라고사"
 zinacantan.spanish_language: "시우다드 레알"
 zweibrucken.spanish_language: "도스 푸엔테스"
