l_japanese:
 #Africa
 #Central Africa
 #Kongo Region
 ngono_area: "ンゴノ"
 #East Africa
 #Great Lakes Region
 egaso_ngiro_area: "エワソ・ンギロ"
 igombe_area: "イゴンベ"
 malawi_area: "マラウイ地溝帯"
 rift_valley_area: "大地溝帯"
 victoria_area: "ヴィクトリア湖"
 #Ethiopia Region
 central_ethiopia_area: "中央エチオピア"
 northern_ethiopia_area: "北部エチオピア"
 southern_ethiopia_area: "南部エチオピア"
 #Nubia Region
 butana_area: "ブタナ"
 darfur_area: "コルドファン"
 equatoria_area: "エクアトリア"
 nubia_proper_area: "ヌビア"
 #Somalia Region
 inner_somalia_area: "ソマリア内陸部"
 northern_somalia_area: "北部ソマリア"
 southern_somalia_area: "南部ソマリア"
 #Madagascar Region
 east_african_island_area: "東アフリカ諸島"
 east_madagascar_area: "マダガスカル東部"
 malagasy_highlands_area: "マダガスカル高原"
 north_madagascar_area: "マダガスカル北部"
 west_madagascar_area: "マダガスカル西部"
 #Swahili Coast Region
 mozambique_area: "モザンビーク"
 rufiji_area: "ルフィジ"
 ruvuma_lurio_area: "ルヴマ＝ルリオ"
 tana_area: "タナ"
 wami_area: "ワミ"
 #North Africa
 #Egypt Region
 lower_egypt_area: "下エジプト"
 upper_egypt_area: "上エジプト"
 sinai_area: "シナイ"
 cyrenaica_area: "キレナイカ"
 #Maghreb Region
 algiers_area: "中部マグリブ"
 atlas_high_plateau: "アトラス高原"
 desert_area: "サハラ・オアシス"
 macaronesia_area: "マカロネシア"
 macaronesia_area_ADJ: "マカロネシアの"
 morocco_area: "西方マグリブ"
 sus_area: "$sus_province$"
 tripolitania_area: "トリポリ"
 tunis_area: "東方マグリブ"
 #South Africa
 #South Africa Region
 southern_africa_islands_area: "南部アフリカ諸島"
 goringhaikona_area: "ゴリンハイコナ"
 umgungundlovu_area: "ウムグングンドロヴ"
 tzaneen_area: "ツァニーン"
 thaba_bosiu_area: "タバ・ボシウ"
 karoo_area: "カルー"
 kalahari_area: "カラハリ"
 okavango_area: "オカバンゴ"
 namib_area: "ナミブ"
 cape_area: "ケープ"
 #Zimbabwe Region
 limpopo_area: "リンポポ"
 zambezi_area: "ザンベジ"
 save_area: "サヴェ"
 #West Africa
 #Sahel Region
 adamawa_area: "アダマワ"
 air_area: "エア"
 bornu_area: "ボルヌ"
 east_mossi_area: "東モッシ"
 gao_area: "ガオ"
 ghana_area: "ガーナ"
 kanem_area: "カネム"
 logone_area: "ロゴーヌ"
 mali_area: "マリ"
 north_hausa_area: "北ハウサランド"
 south_hausa_area: "南ハウサランド"
 timbuktu_area: "トンブクトゥ"
 wadai_area: "ワダイ"
 west_mossi_area: "西モッシ"
 western_sahara_area: "西サハラ"
 zarma_area: "ザーマ"
 #West Africa Region
 akan_area: "アカン"
 benin_area: "ベナン"
 cameroon_highlands_area: "カメルーン高地"
 cape_verde_area: "カーボベルデ"
 futa_tooro_area: "フタ・トーロ"
 gambia_area: "ガンビア"
 gold_coast_area: "黄金海岸"
 gulf_of_guinea_area: "ギニア湾"
 gur_area: "グル"
 jolof_area: "ジョロフ"
 kong_area: "コン"
 kru_area: "クル"
 lower_niger_area: "ニジェール下流"
 south_manding_area: "南マンディン"
 upper_guinea_area: "上ギニア"
 west_africa_coastline: "西アフリカ海岸線"
 yoruba_area: "ヨルバ"
 #Central Africa Region
 north_gabun_area: "北ガブン"
 south_gabun_area: "南ガブン"
 west_kongo_area: "西コンゴ"
 kongo_area: "コンゴ"
 south_kongo_area: "南コンゴ"
 west_lunda_area: "西ルンダ"
 viye_area: "ヴィエ"
 maligo_area: "マリゴ"
 east_lunda_area: "東ルンダ"
 moshiko_area: "モシコ"
 kasongo_area: "カソンゴ"
 east_kongo_area: "東コンゴ"
 central_africa_area: "中央アフリカ"
 #America
 #North America
 #Canada Region
 greenland_area: "グリーンランド"
 greenland_sea_area: "グリーンランド海"
 icelandic_coast_area: "アイスランド沿岸"
 northern_isles_sea_area: "北部群島海"
 quebec_area: "ケベック"
 laurentian_area: "ローレンシア山脈"
 lower_canada_area: "下カナダ"
 jamesie_area: "ジェームズ湾東部"
 nunavik_area: "ヌナビク"
 labrador_area: "ラブラドル"
 newfoundland_area: "ニューファンドランド"
 prince_edward_island_area: "プリンスエドワード島"
 acadia_area: "アカディア"
 new_brunswick_area: "ニューブランズウィック"
 eastern_ontario_area: "東オンタリオ"
 western_ontario_area: "西オンタリオ"
 northern_ontario_area: "北オンタリオ"
 northwestern_ontario_area: "北西オンタリオ"
 greenstone_belt_area: "アビティビ高原"
 keewatin_area: "キーワティン"
 james_bay_lowlands_area: "ジェームズ湾西部"
 gulf_of_saint_lawrence_area: "セントローレンス湾"
 canadian_atlantic_coast_area: "カナダ大西洋沿岸"
 labrador_sea_area: "ラブラドル海"
 hudson_bay_coast_area: "ハドソン湾岸"
 western_greenland_sea_zones_area: "グリーンランド西海"
 eastern_greenland_sea_area: "グリーンランド東海"
 hudson_bay_sea_zones_area: "ハドソン湾"
 lousiana_sea_zones_area: "ルイジアナ海"
 great_lakes_sea_zones_area: "五大湖"
 #Caribbean Region
 cuba_area: "キューバ"
 hispaniola_area: "イスパニョーラ" #Quisqueya
 lesser_antilles_area: "小アンティル諸島"
 #Central America Region
 panama_area: "パナマ"
 #East Coast Region
 massachusetts_area: "マサチューセッツ"
 southern_new_england_area: "南ニューイングランド"
 vermont_area: "バーモント"
 new_hampshire_area: "ニューハンプシャー"
 maine_area: "メイン"
 hudson_area: "ハドソン"
 haudenosaunee_area: "ホデノショニ"
 new_jersey_area: "ニュージャージー"
 pennsylvania_area: "ペンシルベニア"
 westsylvania_area: "アレゲーニー"
 maryland_area: "メリーランド"
 virginia_area: "バージニア"
 west_virginia_area: "西バージニア"
 north_carolina_area: "ノースカロライナ"
 south_carolina_area: "サウスカロライナ"
 georgia_us_area: "ジョージア"
 florida_area: "フロリダ"
 tennessee_area: "テネシー"
 kentucky_area: "ケンタッキー"
 ohio_area: "オハイオ"
 indiana_area: "インディアナ"
 michigan_area: "ミシガン"
 illinois_area: "イリノイ"
 wisconsin_area: "ウィスコンシン"
 alabama_area: "アラバマ"
 mississippi_area: "ミシシッピ"
 #Louisiana Region
 louisiana_area: "ルイジアナ"
 arkansas_area: "アーカンソー"
 missouri_area: "ミズーリ"
 iowa_area: "アイオワ"
 minnesota_area: "ミネソタ"
 superior_area: "スペリオル湖"
 north_dakota_area: "ノースダコタ"
 south_dakota_area: "サウスダコタ"
 central_plains_area: "中部大平原"
 natahende_area: "ナタヘンデ"
 high_plains_area: "ハイプレーンズ"
 badlands_area: "ワイオミング"
 upper_missouri_area: "上ミズーリ"
 athabasca_area: "アサバスカ"
 saskatchewan_area: "サスカチュワン"
 keewatin_n_area: "北キーワティン"
 red_river_area: "レッドリバー"
 mascarene_islands_area: "マスカリン諸島"
 #Mesoamerica
 mexihko_area: "メヒコ"
 tlaxcala_area: "トラスカラ"
 puebla_area: "プエブラ"
 guanajuato_area: "グアナフアト"
 oaxaca_area: "オアハカ"
 veracruz_area: "ベラクルス"
 huaxyacac_area: "ワーシャカク"
 tochtepec_area: "トチュテペク"
 michoacan_area: "ミチョアカン"
 xilotepec_area: "シロテペク"
 xalisco_area: "ハリスコ"
 aridoamerica_sea_zones_area: "アリドアメリカ海"
 janeiro_area: "ジャネイロ"
 mayaab_area: "マヤアブ"
 chilapan_area: "チラパン"
 puuk_area: "プウク"
 chactemal_area: "チャーク・テ・エマル"
 mesoamerica_sea_zones_area: "メソアメリカ海"
 central_america_sea_zones_area: "中央アメリカ海"
 peten_area: "ペテン"
 tezulutlan_area: "テスルトラン"
 kuskatan_area: "クスカタン"
 imabite_area: "イマビテ"
 nekokiaw_area: "ネコキアウ"
 #Arido America
 zacatecas_area: "トラクイトラパン"
 baja_area: "下カリフォルニア"
 tahejoc_area: "ゲ・カチク・バショ"
 culiacan_area: "クリアカン"
 tamaulipeco_area: "タマウリペコ"
 guachichil_area: "グアチチル"
 texas_area: "テキサス"
 shiewhibak_area: "アリ・ション"
 #West Coast Region
 northwest_coast_area: "北西海岸"
 western_arctic_area: "西部北極海"
 alaxsxaq_area: "アラクシャク"
 yukon_area: "ユーコン"
 alaska_sea_zones_area: "アラスカ海"
 columbia_interior_area: "コロンビア内陸部"
 california_area: "上カリフォルニア"
 great_basin_area: "グレートベースン"
 rockies_area: "ロッキー山脈"
 hawaii_area: "ハワイ"
 hawaii_sea_area: "ハワイ海"
 cascadia_area: "カスカディア"
 cascadia_sea_zones_area: "アメリカ西海岸"
 #South America
 #Brazil Region
 amazon_area: "アマゾン"
 tocantins_area: "トカンチンス"
 mearim_area: "メアリム"
 paranaiba_area: "パラナイバ"
 jaguaribe_area: "ジャグアリベ"
 parapitinga_area: "パラピチンガ"
 pindorama_area: "ピンドラマ"
 parana_area: "パラナ"
 paraguay_area: "パラグアイ"
 guapore_area: "グアポレ"
 uruguay_area: "ウルグアイ"
 #Colombia Region
 bogota_area: "ボゴタ"
 #Andes Region
 andes_area: "アンデス"
 quitu_area: "キト"
 chala_area: "チャラ"
 atacama_area: "アタカマ"
 cuyo_area: "クヨ"
 yunga_area: "ユンガ"
 puna_area: "プナ"
 qullaw_area: "クヤウ"
 acamama_area: "アカママ"
 suni_area: "スニ"
 rupa_rupa_area: "ルパ・ルパ"
 galapagos_area: "ガラパゴス"
 andes_sea_zones_area: "アンデス海"
 #Chaco Region
 chaco_area: "チャコ"
 la_plata_area: "ラ・プラタ"
 ngulumapu_area: "ングルマプ"
 juan_fernandez_area: "フアン・フェルナンデス"
 mamore_area: "マモレー"
 paranena_area: "パラネナ"
 ayoreo_area: "アヨレオ"
 moqoit_area: "モコイト"
 pampa_area: "パンパ"
 puelmapu_area: "プエルマプ"
 patagonia_area: "パタゴニア"
 falklands_area: "フォークランド諸島"
 south_georgia_area: "サウスジョージア"
 rapa_nui_area: "ラパ・ヌイ"
 #Asia
 #Central Asia
 #Khorasan Region
 badakhshan_area: "バダフシャーン"
 desht_kipchak_area: "デシュト・イ・キプチャク"
 eastern_khorasan_area: "東ホラーサーン"
 khwarazm_area: "ホラズム"
 transoxiana_area: "トランスオクシアナ"
 western_khorasan_area: "西ホラーサーン"
 zhetysu_area: "ジェティス"
 caspian_sea_area: "カスピ海"
 #East Asia
 #East China Region
 fujian_area: "福建" #福建
 hunan_area: "湖南" #湖南
 wuling_area: "武陵" #武陵
 hubei_area: "湖北" #湖北
 jiangxi_area: "江西" #江西
 jiangnan_area: "江南" #江南
 huaidong_area: "淮東" #淮东
 huaixi_area: "淮西" #淮西
 taiwan_area: "台湾" #台灣
 zhejiang_area: "浙江" #浙江
 east_china_coastline: "中国東岸"
 #Japan Region
 ezo_area: "蝦夷地" #蝦夷
 hokurikudou_area: "北陸道" #北陸道
 kinai_area: "畿内" #畿内
 nankaidou_area: "南海道" #南海道
 saikaidou_area: "西海道" #西海道
 sanindou_area: "山陰道" #山陰道
 sanyoudou_area: "山陽道" #山陽道
 ou_area: "奥羽" #奥羽
 toukaidou_area: "東海道" #東海道
 tousandou_area: "東山道" #東山道
 ryuukyuu_area: "琉球" #琉球
 japan_coastline: "日本沿岸"
 sea_of_japan_area: "日本海"
 ryuukyuu_sea_area: "琉球海"
 ezo_sea: "蝦夷海"
 #Korea Region
 gwanseo_area: "関西"
 gwandong_area: "関東"
 yeongnam_area: "嶺南"
 gyeonggi_area: "京幾"
 honam_area: "湖南"
 haeseo_area: "海西"
 hoseo_area: "湖西"
 gwanbuk_area: "関北"
 korea_western_coastline: "韓国西海岸"
 korea_eastern_coastline: "韓国東海岸"
 #Manchuria Region
 liaodong_area: "遼東" #遼東
 lower_amur_area: "アムール下流"
 middle_amur_area: "アムール中流"
 songhua_area: "松花"
 songnen_area: "松嫩"
 ussuri_area: "ウスリー"
 manchuria_coastline: "満州沿岸"
 #Mongolia Region
 argun_area: "アルグン"
 eastern_gobi_area: "東ゴビ"
 lower_selenga_area: "セレンガ下流"
 mongolian_great_lakes_area: "モンゴル大湖沼"
 shilkari_area: "シルカリ"
 southern_gobi_area: "南ゴビ"
 tuva_area: "トゥバ"
 upper_selenga_area: "セレンガ上流域"
 western_gobi_area: "西ゴビ"
 #North China Region
 beiping_area: "北平" #北平
 yannan_area: "燕南" #燕南
 yanbei_area: "燕北" #燕北
 hebei_area: "河北" #河北
 henan_area: "河南" #河南
 haiyou_area: "海右" #海右
 shandong_area: "山東" #山東
 datong_area: "大同"
 shanxi_area: "山西" #山西
 north_china_coastline: "中国北部沿岸"
 #South China Region
 haibei_hainan_area: "海南海北" #海北海南
 guangdong_area: "広東" #廣東
 liangjiang_area: "両江" #两江
 guangxi_area: "広西" #廣西
 guizhou_area: "貴州" #貴州
 dali_area: "大理" #大理
 yunnan_area: "雲南" #雲南
 south_china_coastline: "中国南部沿岸"
 #Tibet Region
 amdo_area: "アムド"
 changtang_area: "チャンタング"
 kham_area: "カム"
 ngari_area: "ガリ"
 tsang_area: "ツァン"
 u_area: "ウー"
 #West China Region
 gansu_area: "甘粛" #甘肃/甘肅
 hexi_area: "河西" #河西
 longyou_area: "隴右" #陇右
 shaanxi_area: "山西" #陕西/陝西
 chuandong_area: "川東" #川东
 chuannan_area: "川南" #川南
 chuanxi_area: "川西" #川西
 #xinjiang Region
 dzungaria_area: "ジュンガリア"
 tarim_area: "タリム"
 #Middle East
 #Anatolia Region
 armenian_highlands_area: "アルメニア高原"
 cappadocia_area: "カッパドキア"
 central_anatolia_area: "中央アナトリア"
 cilicia_area: "キリキア"
 marmara_area: "マルマラ地方"
 pontus_area: "ポントス"
 west_anatolia_area: "西アナトリア"
 #Arabia Region
 bahrein_area: "バーレーン"
 hedjaz_area: "ヒジャーズ"
 najd_area: "ナジュド"
 oman_area: "オマーン"
 hail_area: "アル・ハイル"
 north_yemen_area: "イエメン北部"
 south_yemen_area: "イエメン南部"
 arabian_area: "アラビア海"
 red_sea_area: "紅海"
 #Crescent Region
 iraq_arabi_area: "アラビア低地"
 jazira_area: "ジャジーラ"
 levant_area: "レバント"
 #Persia Region
 azerbaijan_area: "アゼルバイジャン"
 baluchistan_area: "バロチスタン"
 fars_area: "ファールス"
 iraq_ajam_area: "イラーク・アジャミー"
 kerman_area: "ケルマン"
 khuzestan_area: "フーゼスターン・ルリスターン"
 kordestan_area: "コルデスターン"
 mazandaran_area: "マザーンダラーン"
 quhestan_area: "クヒスターン"
 sistan_area: "シスターン"
 oman_sea_zones_area: "オマーン湾"
 bengal_sea_zones_area: "ベンガル海"
 western_india_sea_zones_area: "西インド海"
 deccan_sea_zones_area: "デカン海"
 #North Asia
 #West Siberia Region
 chimgi_tura_area: "チムギ＝トゥラ"
 qashliq_area: "カシュリク"
 irkutsk_area: "イルクーツク"
 surgut_area: "スルグト"
 mangazeya_area: "マンガゼヤ"
 tomsk_area: "トムスク"
 omsk_area: "オムスク"
 kulykol_area: "クリコル"
 bursol_area: "ブルソル"
 suzun_area: "スズン"
 kansk_area: "カンスク"
 bratsk_area: "ブラツク"
 angara_area: "アンガラ"
 vitim_area: "ヴィチム"
 anabyr_area: "アナディル"
 yenisei_area: "エニセイ"
 #East Siberia Region
 chukchee_area: "チュクチ"
 anadyr_area: "アナディル"
 kamchatka_area: "カムチャツカ"
 chuvan_area: "チュヴァン"
 kolyma_area: "コリマ"
 yandin_area: "ヤンディン"
 indigirka_area: "インディギルカ"
 okhotsk_coast_area: "オホーツク海岸"
 east_stanovoi_area: "スタノヴォイ東部"
 west_stanovoi_area: "スタノヴォイ西部"
 amga_area: "アムガ"
 yakutia_area: "ヤクーチア"
 lower_lena_area: "レナ下流域"
 middle_lena_area: "レナ中流域"
 upper_lena_area: "レナ上流域"
 onoid_area: "オノイド"
 laptev_coast_area: "ラプテフ海沿岸"
 siberian_lakes_area: "シベリア湖沼地帯"
 yakutsk_sea_area: "ヤクーツク海"
 #West Siberia Region
 #South Asia
 #Bengal Region
 assam_area: "アッサム"
 bengal_area: "ベンガル"
 hill_area: "ゾー丘陵"
 jharkhand_area: "ジャールカンド"
 mithila_area: "ミティラー及びマガダ"
 monyul_area: "モニュール"
 nepal_area: "ネパール"
 chota_nagpur_area: "チョタナグプル"
 orissa_area: "オリッサ"
 #Deccan Region
 andhra_area: "アンドラ"
 awadh_area: "アワド"
 bhojpur_area: "ボージプル"
 gondwana_area: "ゴンドワナ"
 karnakassala_area: "カルナカッサラ"
 konkan_area: "コンカン"
 sailan_area: "サイラン"
 maharashtra_area: "マハーラーシュトラ"
 malabar_area: "マラバール"
 rokhilkhand_area: "ロキルカンド"
 tamil_land_area: "タミル・ナードゥ"
 telingana_area: "テランガーナ"
 vidarbha_area: "ヴィダルバ"
 maldives_area: "モルディブ"
 #Western India Region
 gujarat_area: "グジャラート"
 malwa_area: "マルワ"
 rajputana_area: "ラージプタナ"
 saurashtra_area: "サウラーシュトラ"
 #Hindustan Region
 upper_indus_area: "インダス上流域"
 sindh_area: "シンド"
 doab_area: "ドアブ"
 punjab_area: "パンジャーブ"
 #Southeast Asia
 #Indochina Region
 arakhan_area: "アラカン"
 champa_area: "チャンパ"
 chao_phraya_area: "チャオプラヤー"
 irrawady_area: "エーヤワディー"
 irrawady_delta_area: "エーヤワディーデルタ"
 kachin_area: "カチン"
 khorat_plateau_area: "コーラート台地"
 lower_mekong_area: "下メコン"
 malay_peninsula_area: "マレー半島"
 northern_tai_highland_area: "北タイ高原"
 red_river_delta_area: "紅河デルタ"
 shan_highland_area: "シャン高原"
 southeast_asian_coasts_area: "東南アジア沿岸"
 #Indonesia Region
 north_borneo_area: "ボルネオ北部"
 south_borneo_area: "ボルネオ南部"
 celebes_area: "セレベス"
 java_area: "ジャワ"
 lesser_sunda_area: "小スンダ"
 moluccas_area: "モルッカ諸島"
 luzon_area: "ルソン"
 visayas_area: "ヴィサヤ"
 mindanao_area: "ミンダナオ"
 north_sumatra_area: "スマトラ北部"
 south_sumatra_area: "スマトラ南部"
 indonesia_coasts_area: "インドネシア沿岸"
 #Europe
 #Eastern Europe
 #Balkan Region
 aegean_archipelago_area: "エーゲ海諸島"
 bosnia_area: "ボスニア"
 bulgaria_area: "ブルガリア"
 croatia_area: "クロアチア"
 macedonia_area: "マケドニア"
 morea_area: "モレア"
 northern_greece_area: "北ギリシャ"
 serbia_area: "セルビア"
 silistria_area: "シリストリア"
 slavonia_area: "スラヴォニア"
 slovenia_area: "カルニオラ"
 thrace_area: "トラキア"
 #Carpathia Region
 north_alfold_area: "北アルフェルド"
 south_alfold_area: "南アルフェルド"
 transdanubia_area: "トランスダヌビア"
 moldavia_area: "モルダヴィア"
 slovakia_area: "スロバキア"
 transylvania_area: "トランシルヴァニア"
 wallachia_area: "ワラキア"
 #Caucasus Region
 armenia_area: "アルメニア"
 georgia_area: "グルジア"
 northern_caucasus_area: "北コーカサス"
 shirvan_area: "シルヴァーン"
 #Poland Region
 central_poland_area: "中部ポーランド"
 greater_poland_area: "大ポーランド"
 lesser_poland_area: "小ポーランド"
 lithuania_area: "リトアニア"
 mazovia_area: "マゾフシェ"
 prussia_area: "プロイセン"
 samogitia_area: "ジェマイティヤ"
 #Russia Region
 moscow_area: "モスクワ"
 smolensk_area: "スモレンスク"
 oka_area: "オカ"
 sloboda_ukraine_area: "スロボダ"
 ryazan_area: "リャザン"
 west_novgorod_area: "ノヴゴロド西部"
 east_novgorod_area: "ノヴゴロド東部"
 tambov_area: "タンボフ"
 samara_area: "サマーラ"
 nizhny_novgorod_area: "ニジニ・ノヴゴロド"
 suzdal_area: "スーズダリ"
 vladimir_area: "ウラジーミル"
 tver_area: "トヴェリ"
 yaroslavl_area: "ヤロスラヴリ"
 beloozero_area: "ベロオーゼロ"
 totma_area: "トチマ"
 #Ruthenia Region
 black_ruthenia_area: "黒ルーシ"
 left_bank_ukraine_area: "左岸ウクライナ"
 podolia_area: "ポジーリャ"
 polesia_area: "ポリーシャ"
 red_ruthenia_area: "紅ルーシ"
 right_bank_ukraine_area: "右岸ウクライナ"
 severia_area: "シヴェーリア"
 volhynia_area: "ヴォルィーニ"
 white_ruthenia_area: "白ルーシ"
 #Steppes Region
 crimea_area: "クリミア"
 matrega_area: "マトレガ"
 yedisan_area: "エディサン"
 zaporizhzhia_area: "ザポリージャ"
 pryazovia_area: "プリャゾヴィア"
 azov_area: "アゾフ"
 lower_don_area: "下ドン"
 astrakhan_area: "アストラハン"
 majar_area: "マジャル"
 lower_yik_area: "下ヤイク"
 samar_area: "サマル"
 kursk_area: "クルスク"
 #Ural Region
 kazan_area: "カザン"
 vyatka_area: "ヴャトカ"
 bolghar_area: "ブルガール"
 bashkiria_area: "バシキリア"
 karagay_area: "カラガイ"
 perm_area: "ペルミ"
 ust_sysola_area: "ウスチ＝スィソラ"
 vorkuta_area: "ヴォルクタ"
 ural_area: "ウラル"
 #White Sea Region
 pomorye_area: "ポモーリェ"
 arkhangelsk_area: "アルハンゲリスク"
 karelia_area: "カレリア"
 kola_area: "コラ"
 russian_coastline: "ロシア沿岸部"
 #Western Europe
 #France Region
 alsace_area: "アルザス"
 alsace_area_ADJ: "アルザス"
 anjou_area: "アンジュー"
 anjou_area_ADJ: "アンジュー"
 auvergne_area: "オーヴェルニュ"
 brittany_area: "ブルターニュ"
 brittany_area_ADJ: "ブルターニュ"
 burgundy_area: "ブルゴーニュ"
 burgundy_area_ADJ: "ブルゴーニュ"
 champagne_area: "シャンパーニュ"
 champagne_area_ADJ: "シャンパーニュ"
 franche_comte_area: "フランシュ＝コンテ"
 franche_comte_area_ADJ: "フランシュ＝コンテ"
 gascony_area: "ガスコーニュ"
 gascony_area_ADJ: "ガスコーニュ"
 guyenne_area: "ギュイエンヌ"
 guyenne_area_ADJ: "ギュイエンヌ"
 ile_de_france_area: "イル＝ド＝フランス"
 ile_de_france_area_ADJ: "フランシア"
 lorraine_area: "ロレーヌ"
 lorraine_area_ADJ: "ロレーヌ"
 lyonnais_area: "リヨン"
 normandy_area: "ノルマンディー"
 normandy_area_ADJ: "ノルマンディー"
 orleanais_area: "オルレアン"
 orleanais_area_ADJ: "オルレアン"
 picardy_area: "ピカルディ"
 picardy_area_ADJ: "ピカルディ"
 poitou_area: "ポワトゥー"
 poitou_area_ADJ: "ポワトゥー"
 provence_area: "プロヴァンス"
 provence_area_ADJ: "プロヴァンス"
 savoy_area: "サヴォワ・ドーフィネ"
 savoy_area_ADJ: "サヴォワ"
 languedoc_area: "ラングドック"
 languedoc_area_ADJ: "ラングドック"
 #Great Britain Region
 east_anglia_area: "イースト・アングリア"
 home_counties_area: "ホーム・カウンティ"
 midlands_area: "マーシア"
 northumbria_area: "ノーサンブリア"
 scottish_highlands_area: "ハイランド"
 hebrides_area: "ヘブリディーズ"
 hebrides_area_ADJ: "ヘブリディーズ"
 scottish_lowlands_area: "ローランド"
 wales_area: "ウェールズ"
 northern_isles_area: "北部諸島"
 west_country_area: "ウェスト・カントリー"
 #Iberia Region
 andalusia_area: "アンダルシア"
 andalusia_area_ADJ: "アンダルシア"
 aragon_area: "アラゴン"
 aragon_area_ADJ: "アラゴン"
 balearics_area: "バレアレス"
 balearics_area_ADJ: "バレアレス"
 castile_area: "カスティーリャ"
 castile_area_ADJ: "カスティーリャ"
 catalonia_area: "カタルーニャ"
 catalonia_area_ADJ: "カタルーニャ"
 granada_area: "グラナダ"
 granada_area_ADJ: "グラナダ"
 extremadura_area: "エストレマドゥーラ"
 extremadura_area_ADJ: "エストレマドゥーラ"
 galicia_area: "ガリシア"
 galicia_area_ADJ: "ガリシア"
 leon_area: "$leon_province$"
 leon_area_ADJ: "レオン"
 murcia_area: "ムルシア"
 navarre_area: "ナバラ"
 navarre_area_ADJ: "ナバラ"
 north_portugal_area: "ポルトガル北部"
 north_portugal_area_ADJ: "ポルトガル北部"
 south_portugal_area: "ポルトガル南部"
 south_portugal_area_ADJ: "ポルトガル南部"
 toledo_area: "$toledo_province$"
 toledo_area_ADJ: "トレド"
 valencia_area: "$valencia_province$"
 valencia_area_ADJ: "バレンシア"
 #Ireland Region
 connaught_area: "コノート"
 leinster_area: "レンスター"
 munster_area: "マンスター"
 ulster_area: "アルスター"
 #Italy Region
 abruzzo_area: "アブルッツィ"
 apulia_area: "アプリア"
 basilicata_area: "バジリカータ・カラブリア"
 campania_area: "カンパニア・プリンチパート"
 emilia_area: "エミリア・ロマーニャ"
 lazio_area: "ラツィオ"
 liguria_area: "リグーリア・コルシカ"
 lombardy_area: "ロンバルディ"
 marche_area: "マルケ・ウンブリア"
 piemonte_area: "ピエモンテ"
 sardinia_area: "サルデーニャ"
 sicily_area: "シチリア"
 tuscany_area: "トスカーナ"
 veneto_area: "ヴェネト・フリウリ"
 #Scandinavia Region
 denmark_area: "デンマーク"
 gotaland_area: "イェータランド"
 iceland_area: "アイスランド"
 nord_norge_area: "北ノルウェー"
 skaneland_area: "スコーネランド"
 svealand_area: "スヴェアランド"
 syd_norge_area: "南ノルウェー"
 scandinavian_sea_zones_area: "スカンジナビア沿岸"
 #North Germany Region
 brabant_area: "ブラバント"
 flanders_area: "フランドル"
 friesland_area: "フリースラント"
 holland_area: "ホラント"
 wallonia_area: "ワロン"
 brandenburg_area: "ブランデンブルク"
 mecklenburg_area: "メクレンブルク"
 #South Germany Region
 austria_area: "下オーストリア"
 rhineland_area: "ラインラント"
 hesse_area: "ヘッセン"
 westphalia_area: "ヴェストファーレン"
 lower_saxony_area: "ニーダーザクセン"
 upper_saxony_area: "オーバーザクセン"
 pomerania_area: "ポメラニア"
 holstein_area: "ホルシュタイン"
 upper_austria_area: "上オーストリア"
 salzburg_area: "ザルツブルク"
 styria_area: "シュタイアーマルク"
 carinthia_area: "カリンティア"
 central_switzerland_area: "スイス"
 eastern_switzerland_area: "ラエティア"
 western_switzerland_area: "ロマンディ"
 bohemia_area: "ボヘミア"
 moravia_area: "モラヴィア"
 silesia_area: "シレジア"
 upper_rhine_area: "ライン上部"
 swabia_area: "シュヴァーベン"
 bavaria_area: "バイエルン"
 franconia_area: "フランケン"
 tirol_area: "チロル・トレンティーノ"
 #Oceania
 #Australia
 #Australia Region
 eastern_australia_area: "オーストラリア東部"
 #Papua
 eastern_australia_sea_zones_area: "オーストラリア東部海域"
 micronesia_area: "ミクロネシア"
 melanesia_area: "メラネシア"
 solomon_islands_area: "ソロモン諸島"
 solomon_islands_coastal_sea_zones_area: "ソロモン諸島沿岸海域"
 bismarck_area: "ビスマルク"
 momase_area: "モマセ"
 kerema_area: "ケレマ"
 milne_area: "ミルン"
 wanin_area: "ワニン"
 papua_area: "パプア"
 anim_ha_area: "アニムハ"
 papua_sea_zones_area: "パプア海"
 polynesia_area: "ポリネシア"
 #Polynesia
 #New Zealand Region
 rekohu_area: "レーコフ"
 lord_howe_area: "ロードハウ"
 norfolk_nz_area: "ノーフォーク"
 motu_maha_area: "モトゥ・マハ"
 new_zealand_sea_zones_area: "ニュージーランド海域"
 rapa_nui_sea_zones_area: "ラパ・ヌイ海域"
 papahanaumokuakea_area: "パパハナウモクアケア"
 hawaii_sea_zones_area: "ハワイ海"
 aono_raina_area: "アオノライナ"
 aono_raina_sea_zones_area: "アオノライナ海域"
 kuki_airani_area: "クキ・アイラニ"
 kuki_airani_sea_zones_area: "クキ・アイラニ海域"
 tuhaa_pae_area: "ツハア・パエ"
 tuhaa_pae_sea_zones_area: "ツハア・パエ海域"
 te_henua_enana_area: "テ・フェヌア・エナナ"
 te_henua_enana_sea_zones_area: "テ・フェヌア・エナナ海域"
 tuamotu_area: "トゥアモトゥ"
 raeffsky_area: "ラエフスキー"
 palliser_area: "パリサー"
 tuamotu_sea_zones_area: "トゥアモトゥ海域"
 totaiete_ma_area: "トタイエテ・マ"
 totaiete_ma_sea_zones_area: "トタイエテ・マ海域"
 pitcairn_area: "ピトケアン"
 pitcairn_sea_zones_area: "ピトケアン海域"
 rawaki_area: "ラワキ"
 rawaki_sea_zones_area: "ラワキ海域"
 tokelau_area: "トケラウ"
 tokelau_sea_zones_area: "トケラウ海域"
 niue_area: "ニウエ"
 niue_sea_zones_area: "ニウエ海域"
 tuvalu_area: "ツバル"
 tuvalu_sea_zones_area: "ツバル海域"
 futuna_area: "フツナ"
 tonga_area: "トンガ"
 tonga_sea_zones_area: "トンガ海域"
 samoa_area: "サモア"
 samoa_sea_zones_area: "サモア海域"
 nanpo_area: "南方"
 nanpo_sea_zones_area: "南方海域"
 marianas_area: "マリアナ"
 marianas_sea_zones_area: "マリアナ海域"
 ratak_area: "ラタク"
 ralik_area: "ラリック"
 majel_sea_zones_area: "マジェル海域"
 belau_area: "ベラウ"
 belau_sea_zones_area: "ベラウ海域"
 chuuk_area: "チューク"
 chuuk_sea_zones_area: "チューク海域"
 tungaru_area: "トゥンガル"
 tungaru_sea_zones_area: "トゥンガル海域"
 tinputz_area: "ティンプッツ"
 bougainville_area: "ブーゲンビル"
 mu_ngava_area: "ム・ンガヴァ"
 solomon_islands_sea_zones_area: "ソロモン諸島海域"
 temotu_area: "テモツ"
 temotu_sea_zones_area: "テモツ海域"
 vanuatu_area: "バヌアツ"
 vanuatu_sea_zones_area: "バヌアツ海域"
 fiji_area: "フィジー"
 fiji_sea_zones_area: "フィジー海域"
 kanaky_area: "カナキー"
 kanaky_sea_zones_area: "カナキー海域"
 nauru_area: "ナウル"
 nauru_sea_zones_area: "ナウル海域"
 #Ocean Continent
 #Ocean Subcontinent
 #Ocean Region
 atlantic_canada_area: "大西洋カナダ"
 black_sea_area: "黒海"
 caribbean_sea_area: "カリブ海"
 alboran_sea_area: "アルボラン海"
 tyrrhenian_sea: "ティレニア海"
 adriatic_sea_area: "アドリア海"
 ionian_sea_area: "イオニア海"
 aegean_sea_area: "エーゲ海"
 albania_area: "アルバニア"
 levantine_sea_area: "レバント海"
 libyan_sea_area: "リビア海"
 central_mediterranean_sea_area: "中央地中海"
 iberian_west_coast_area: "イベリア西岸"
 southeast_baltic_sea: "バルト海南東部"
 western_mediterranean_sea_area: "西地中海"
 atlantic_west_spitzbergen_area: "大西洋スピッツベルゲン西部"
 atlantic_irminger_area: "大西洋アーミンガー"
 atlantic_labrador_area: "大西洋ラブラドル"
 atlantic_gulf_stream_area: "大西洋メキシコ湾流"
 atlantic_north_atlantic_current_area: "北大西洋海流"
 atlantic_azores_stream_area: "大西洋アゾレス海流"
 azores_sea_area: "アゾレス海"
 bay_of_biscay_area: "ビスケー湾"
 atlantic_north_equatorial_area: "大西洋北赤道"
 atlantic_equatorial_countercurrent_area: "大西洋赤道反流"
 atlantic_south_equatorial_area: "大西洋南赤道"
 atlantic_saint_helena_area: "大西洋セントヘレナ"
 atlantic_saint_helena_sea_area: "大西洋セントヘレナ"
 atlantic_south_area: "大西洋南部"
 indian_horn_area: "インド・ホーン"
 indian_andaman_area: "インド・アンダマン"
 indian_monsoon_area: "インド・モンスーン"
 indian_equatorial_countercurrent_area: "インド赤道反流"
 indian_south_equatorial_area: "インド南赤道"
 indian_south_area: "インド南部"
 indian_austral_area: "インド・オーストラル"
 indian_north_agulhas_area: "インド北アガラス"
 pacific_north_area: "太平洋北部"
 pacific_north_equatorial_area: "太平洋北赤道"
 pacific_hawaii_area: "太平洋ハワイ"
 pacific_kuro_area: "太平洋黒潮"
 pacific_south_equatorial_area: "太平洋南赤道"
 pacific_easter_equatorial_area: "太平洋東赤道"
 pacific_equatorial_countercurrent_area: "太平洋赤道反流"
 pacific_polynesia_area: "太平洋ポリネシア"
 pacific_south_area: "太平洋南部"
 pacific_tasmania_area: "太平洋タスマニア"
 antarctic_ocean_area: "南極海"
 mozambique_channel_area: "モザンビーク海峡"
 cape_sea_zones: "ケープ海"
 bengal_bay_area: "ベンガル湾"
 timor_sea_area: "ティモール海"
 tristan_da_cunha_area: "トリスタンダクーニャ"
 tristan_da_cunha_sea_zones_area: "トリスタンダクーニャ海"
 bouvet_area: "ブーベ"
 #Australians
 western_australia_high_sea_zones_area: "西オーストラリア海"
 northern_australia_high_sea_zones_area: "北オーストラリア海"
 eastern_australia_high_sea_zones_area: "東オーストラリア海"
 southern_australia_high_sea_zones_area: "南オーストラリア海"
 southwestern_australia_area: "南西オーストラリア"
 northwestern_australia_area: "北西オーストラリア"
 australian_northern_territory_area: "ノーザンテリトリー"
 australian_yalanji_area: "ヤランジ"
 southeastern_australia_area: "南東オーストラリア"
 south_australia_area: "サウスオーストラリア"
 #unsorted
 bermuda_province: "$bermuda$"
 bermuda_area: "$bermuda$"
 gulf_of_mexico_area: "メキシコ湾"
 west_greenland_sea_area: "西グリーンランド沿岸"
 east_greenland_sea_area: "東グリーンランド沿岸"
 coast_of_portugal_province: "ポルトガル沿岸"
 azores_province: "アゾレス諸島"
 madeira_province: "マデイラ"
 canary_island_coast: "カナリア諸島沿岸"
 coast_of_morocco: "モロッコ沿岸"
 sahel_coast_province: "サヘル沿岸"
 bahamans_sea_zone: "ルカヤ沿岸"
 atlantic_sea_area: "サルガッソ海"
 madeira_sea_area: "マデイラ海"
 azores_area: "アゾレス"
 canary_islands_area: "カナリア諸島"
 south_macaronesia_area: "南マカロネシア"
 #temporary ones
 nw_africa_coast_area: "北西アフリカ沿岸"
