l_polish:
 #Africa
 #Central Africa
 #Kongo Region
 ngono_area: "Ngono"
 #East Africa
 #Great Lakes Region
 egaso_ngiro_area: "Ewaso Ng'iro"
 igombe_area: "Igombe"
 malawi_area: "Rów Malawi"
 rift_valley_area: "Wielkie Rowy Afrykańskie"
 victoria_area: "Jezioro Wiktorii"
 #Ethiopia Region
 central_ethiopia_area: "Etiopia Środkowa"
 northern_ethiopia_area: "Etiopia Północna"
 southern_ethiopia_area: "Etiopia Południowa"
 #Nubia Region
 butana_area: "Butana"
 darfur_area: "Kordofan"
 equatoria_area: "Ekwatoria"
 nubia_proper_area: "Nubia"
 #Somalia Region
 inner_somalia_area: "Somalia Wewnętrzna"
 northern_somalia_area: "Somalia Północna"
 southern_somalia_area: "Somalia Południowa"
 #Madagascar Region
 east_african_island_area: "Wyspy Wschodniej Afryki"
 east_madagascar_area: "Madagaskar Wschodni"
 malagasy_highlands_area: "Wyżyny Madagaskaru"
 north_madagascar_area: "Madagaskar Północny"
 west_madagascar_area: "Madagaskar Zachodni"
 #Swahili Coast Region
 mozambique_area: "Mozambik"
 rufiji_area: "Rufidżi"
 ruvuma_lurio_area: "Ruvuma-Lurio"
 tana_area: "Tana"
 wami_area: "Wami"
 #North Africa
 #Egypt Region
 lower_egypt_area: "Dolny Egipt"
 upper_egypt_area: "Górny Egipt"
 sinai_area: "Synaj"
 cyrenaica_area: "Cyrenajka"
 #Maghreb Region
 algiers_area: "Al-Magreb al-Awsat"
 atlas_high_plateau: "Atlas Wysoki"
 desert_area: "Oazy Saharyjskie"
 macaronesia_area: "Makaronezja"
 macaronesia_area_ADJ: "Makaronezyjs"
 morocco_area: "Al-Magreb al-Aqsa"
 sus_area: "$sus_province$"
 tripolitania_area: "Tripoli"
 tunis_area: "Al-Magreb al-Adna"
 #South Africa
 #South Africa Region
 southern_africa_islands_area: "Wyspy Południowej Afryki"
 goringhaikona_area: "Goringhaikona"
 umgungundlovu_area: "uMgungundlovu"
 tzaneen_area: "Tzaneen"
 thaba_bosiu_area: "Thaba Bosiu"
 karoo_area: "Karoo"
 kalahari_area: "Kalahari"
 okavango_area: "Okawango"
 namib_area: "Namib"
 cape_area: "Przylądek"
 #Zimbabwe Region
 limpopo_area: "Limpopo"
 zambezi_area: "Zambezi"
 save_area: "Save"
 #West Africa
 #Sahel Region
 adamawa_area: "Adamawa"
 air_area: "Air"
 bornu_area: "Bornu"
 east_mossi_area: "Mossi Wschodnie"
 gao_area: "Gao"
 ghana_area: "Ghana"
 kanem_area: "Kanem"
 logone_area: "Logone"
 mali_area: "Mali"
 north_hausa_area: "Hausaland Północny"
 south_hausa_area: "Hausaland Południowy"
 timbuktu_area: "Timbuktu"
 wadai_area: "Wadai"
 west_mossi_area: "Mossi Zachodnie"
 western_sahara_area: "Sahara Zachodnia"
 zarma_area: "Zarma"
 #West Africa Region
 akan_area: "Akan"
 benin_area: "Benin"
 cameroon_highlands_area: "Wyżyny Kamerunu"
 cape_verde_area: "Zielony Przylądek"
 futa_tooro_area: "Futa Tooro"
 gambia_area: "Gambia"
 gold_coast_area: "Złote Wybrzeże"
 gulf_of_guinea_area: "Zatoka Gwinejska"
 gur_area: "Gur"
 jolof_area: "Jolof"
 kong_area: "Kong"
 kru_area: "Kru"
 lower_niger_area: "Niger Dolny"
 south_manding_area: "Manding Południowy"
 upper_guinea_area: "Gwinea Górna"
 west_africa_coastline: "Wybrzeże Afryki Zachodniej"
 yoruba_area: "Joruba"
 #Central Africa Region
 north_gabun_area: "Gabun Północny"
 south_gabun_area: "Gabun Południowy"
 west_kongo_area: "Kongo Zachodnie"
 kongo_area: "Kongo"
 south_kongo_area: "Kongo Południowe"
 west_lunda_area: "Lunda Zachodnia"
 viye_area: "Bije"
 maligo_area: "Maligo"
 east_lunda_area: "Lunda Wschodnia"
 moshiko_area: "Moshiko"
 kasongo_area: "Kasongo"
 east_kongo_area: "Kongo Wschodnie"
 central_africa_area: "Afryka Środkowa"
 #America
 #North America
 #Canada Region
 greenland_area: "Grenlandia"
 greenland_sea_area: "Morze Grenlandzkie"
 icelandic_coast_area: "Wybrzeże Islandzkie"
 northern_isles_sea_area: "Morze Szetlandzkie"
 quebec_area: "Québec"
 laurentian_area: "Góry Laurentyńskie"
 lower_canada_area: "Dolna Kanada"
 jamesie_area: "Wschodnia Zatoka Jamesa"
 nunavik_area: "Nunavik"
 labrador_area: "Labrador"
 newfoundland_area: "Nowa Fundlandia"
 prince_edward_island_area: "Wyspa Księcia Edwarda"
 acadia_area: "Akadia"
 new_brunswick_area: "Nowy Brunszwik"
 eastern_ontario_area: "Wschodnie Ontario"
 western_ontario_area: "Zachodnie Ontario"
 northern_ontario_area: "Północne Ontario"
 northwestern_ontario_area: "Północno-zachodnie Ontario"
 greenstone_belt_area: "Wyżyny Abitibi"
 keewatin_area: "Keewatin"
 james_bay_lowlands_area: "Zachodnia Zatoka Jamesa"
 gulf_of_saint_lawrence_area: "Zatoka Świętego Wawrzyńca"
 canadian_atlantic_coast_area: "Kanada Atlantycka"
 labrador_sea_area: "Morze Labradoru"
 hudson_bay_coast_area: "Wybrzeże Zatoki Hudsona"
 western_greenland_sea_zones_area: "Morze Zachodniej Grenlandii"
 eastern_greenland_sea_area: "Morze Wschodniej Grenlandii"
 hudson_bay_sea_zones_area: "Zatoka Hudsona"
 lousiana_sea_zones_area: "Morze Luizjańskie"
 great_lakes_sea_zones_area: "Wielkie Jeziora Północnoamerykańskie"
 #Caribbean Region
 cuba_area: "Kuba"
 hispaniola_area: "Hispaniola" #Quisqueya
 lesser_antilles_area: "Małe Antyle"
 #Central America Region
 panama_area: "Panama"
 #East Coast Region
 massachusetts_area: "Massachusetts"
 southern_new_england_area: "Południowa Nowa Anglia"
 vermont_area: "Vermont"
 new_hampshire_area: "New Hampshire"
 maine_area: "Maine"
 hudson_area: "Hudson"
 haudenosaunee_area: "Haudenosaunee"
 new_jersey_area: "New Jersey"
 pennsylvania_area: "Pennsylvania"
 westsylvania_area: "Allegheny"
 maryland_area: "Maryland"
 virginia_area: "Virginia"
 west_virginia_area: "Wirginia Zachodnia"
 north_carolina_area: "Karolina Północna"
 south_carolina_area: "Karolina Południowa"
 georgia_us_area: "Georgia"
 florida_area: "Floryda"
 tennessee_area: "Tennessee"
 kentucky_area: "Kentucky"
 ohio_area: "Ohio"
 indiana_area: "Indiana"
 michigan_area: "Michigan"
 illinois_area: "Illinois"
 wisconsin_area: "Wisconsin"
 alabama_area: "Alabama"
 mississippi_area: "Mississippi"
 #Louisiana Region
 louisiana_area: "Luizjana"
 arkansas_area: "Arkansas"
 missouri_area: "Missouri"
 iowa_area: "Iowa"
 minnesota_area: "Minnesota"
 superior_area: "Jezioro Górne"
 north_dakota_area: "Dakota Północna"
 south_dakota_area: "Dakota Południowa"
 central_plains_area: "Środkowe Wielkie Równiny"
 natahende_area: "Natahende"
 high_plains_area: "Wysokie Równiny"
 badlands_area: "Wyoming"
 upper_missouri_area: "Górne Missouri"
 athabasca_area: "Athabasca"
 saskatchewan_area: "Saskatchewan"
 keewatin_n_area: "Północny Keewatin"
 red_river_area: "Red River"
 mascarene_islands_area: "Maskareny"
 #Mesoamerica
 mexihko_area: "Mexihko"
 tlaxcala_area: "Tlaxcala"
 puebla_area: "Puebla"
 guanajuato_area: "Guanajuato"
 oaxaca_area: "Oaxaca"
 veracruz_area: "Veracruz"
 huaxyacac_area: "Huāxyacac"
 tochtepec_area: "Tochtepec"
 michoacan_area: "Michoacan"
 xilotepec_area: "Xilotepec"
 xalisco_area: "Xalisco"
 aridoamerica_sea_zones_area: "Morze Aridoamerykańskie"
 janeiro_area: "Janeiro"
 mayaab_area: "Ma'ya'ab"
 chilapan_area: "Chilapan"
 puuk_area: "Pu'uk"
 chactemal_area: "Cháak te' éemal"
 mesoamerica_sea_zones_area: "Morze Mezoamerykańskie"
 central_america_sea_zones_area: "Morze Środkowoamerykańskie"
 peten_area: "Peten"
 tezulutlan_area: "Tezulutlan"
 kuskatan_area: "Kuskatan"
 imabite_area: "Imabite"
 nekokiaw_area: "Nekokiaw"
 #Arido America
 zacatecas_area: "Tlacuitlapan"
 baja_area: "Dolna Kalifornia"
 tahejoc_area: "Ge Kaachk Baasho"
 culiacan_area: "Culiacan"
 tamaulipeco_area: "Tamaulipeco"
 guachichil_area: "Guachichil"
 texas_area: "Teksas"
 shiewhibak_area: "Ali Shon"
 #West Coast Region
 northwest_coast_area: "Wybrzeże północno-zachodnie"
 western_arctic_area: "Zachodnia Arktyka"
 alaxsxaq_area: "Alaxsxaq"
 yukon_area: "Jukon"
 alaska_sea_zones_area: "Morze Alaski"
 columbia_interior_area: "Wnętrze Kolumbii"
 california_area: "Górna Kalifornia"
 great_basin_area: "Wielka Kotlina"
 rockies_area: "Góry Skaliste"
 hawaii_area: "Hawaje"
 hawaii_sea_area: "Morze hawajskie"
 cascadia_area: "Cascadia"
 cascadia_sea_zones_area: "Zachodnie wybrzeże Ameryki"
 #South America
 #Brazil Region
 amazon_area: "Amazonia"
 tocantins_area: "Tocantins"
 mearim_area: "Mearim"
 paranaiba_area: "Paranaiba"
 jaguaribe_area: "Jaguaribe"
 parapitinga_area: "Parapĩtinga"
 pindorama_area: "Pindorama"
 parana_area: "Parana"
 paraguay_area: "Paragwaj"
 guapore_area: "Guapore"
 uruguay_area: "Urugwaj"
 #Colombia Region
 bogota_area: "Bogota"
 #Andes Region
 andes_area: "Andy"
 quitu_area: "Quitu"
 chala_area: "Chala"
 atacama_area: "Atakama"
 cuyo_area: "Cuyo"
 yunga_area: "Yunga"
 puna_area: "Puna"
 qullaw_area: "Altiplano"
 acamama_area: "Acamama"
 suni_area: "Suni"
 rupa_rupa_area: "Rupa Rupa"
 galapagos_area: "Galapagos"
 andes_sea_zones_area: "Morze Andyjskie"
 #Chaco Region
 chaco_area: "Chaco"
 la_plata_area: "La Plata"
 ngulumapu_area: "Ngulumapu"
 juan_fernandez_area: "Juan Fernandez"
 mamore_area: "Mamore"
 paranena_area: "Paranena"
 ayoreo_area: "Ayoreo"
 moqoit_area: "Moqoit"
 pampa_area: "Pampa"
 puelmapu_area: "Puelmapu"
 patagonia_area: "Patagonia"
 falklands_area: "Falklandy"
 south_georgia_area: "Georgia Południowa"
 rapa_nui_area: "Rapa Nui"
 #Asia
 #Central Asia
 #Khorasan Region
 badakhshan_area: "Badachszan"
 desht_kipchak_area: "Kumania"
 eastern_khorasan_area: "Wschodni Horasan"
 khwarazm_area: "Chorezm"
 transoxiana_area: "Transoksania"
 western_khorasan_area: "Zachodni Horasan"
 zhetysu_area: "Siedmiorzecze"
 caspian_sea_area: "Morze Kaspijskie"
 #East Asia
 #East China Region
 fujian_area: "Fujian" #福建
 hunan_area: "Hunan" #湖南
 wuling_area: "Wuling" #武陵
 hubei_area: "Hubei" #湖北
 jiangxi_area: "Jiangxi" #江西
 jiangnan_area: "Jiangnan" #江南
 huaidong_area: "Huaidong" #淮东
 huaixi_area: "Huaixi" #淮西
 taiwan_area: "Tajwan" #台灣
 zhejiang_area: "Zhejiang" #浙江
 east_china_coastline: "Wybrzeże Chin Wschodnich"
 #Japan Region
 ezo_area: "Ezo" #蝦夷
 hokurikudou_area: "Hokurikudō" #北陸道
 kinai_area: "Kinai" #畿内
 nankaidou_area: "Nankaidō" #南海道
 saikaidou_area: "Saikaidō" #西海道
 sanindou_area: "San'indō" #山陰道
 sanyoudou_area: "San'yōdō" #山陽道
 ou_area: "Ōu" #奥羽
 toukaidou_area: "Tōkaidō" #東海道
 tousandou_area: "Tōsandō" #東山道
 ryuukyuu_area: "Ryūkyū" #琉球
 japan_coastline: "Wybrzeże Japonii"
 sea_of_japan_area: "Morze Japońskie"
 ryuukyuu_sea_area: "Morze Ryūkyū"
 ezo_sea: "Morze Ezo"
 #Korea Region
 gwanseo_area: "Gwanseo"
 gwandong_area: "Gwandong"
 yeongnam_area: "Yeongnam"
 gyeonggi_area: "Gyeonggi"
 honam_area: "Honam"
 haeseo_area: "Haeseo"
 hoseo_area: "Hoseo"
 gwanbuk_area: "Gwanbuk"
 korea_western_coastline: "Wybrzeże Korei Zachodniej"
 korea_eastern_coastline: "Wybrzeże Korei Wschodniej"
 #Manchuria Region
 liaodong_area: "Liaotung" #遼東
 lower_amur_area: "Amur Dolny"
 middle_amur_area: "Amur Górny"
 songhua_area: "Sungari"
 songnen_area: "Songnen"
 ussuri_area: "Ussuri"
 manchuria_coastline: "Wybrzeże Mandżurii"
 #Mongolia Region
 argun_area: "Argun"
 eastern_gobi_area: "Wschodnia Gobi"
 lower_selenga_area: "Selenga Dolna"
 mongolian_great_lakes_area: "Kotlina Wielkich Jezior"
 shilkari_area: "Shilkari"
 southern_gobi_area: "Południowa Gobi"
 tuva_area: "Tuwa"
 upper_selenga_area: "Selenga Górna"
 western_gobi_area: "Zachodnia Gobi"
 #North China Region
 beiping_area: "Beiping" #北平
 yannan_area: "Yannan" #燕南
 yanbei_area: "Yanbei" #燕北
 hebei_area: "Hebei" #河北
 henan_area: "Henan" #河南
 haiyou_area: "Haiyou" #海右
 shandong_area: "Szantung" #山東
 datong_area: "Datong"
 shanxi_area: "Shanxi" #山西
 north_china_coastline: "Wybrzeże Chin Północnych"
 #South China Region
 haibei_hainan_area: "Haibei Hainan" #海北海南
 guangdong_area: "Guangdong" #廣東
 liangjiang_area: "Liangjiang" #两江
 guangxi_area: "Kuangsi" #廣西
 guizhou_area: "Kuejczou" #貴州
 dali_area: "Dali" #大理
 yunnan_area: "Junnan" #雲南
 south_china_coastline: "Wybrzeże Chin Południowych"
 #Tibet Region
 amdo_area: "Amdo"
 changtang_area: "Changtang"
 kham_area: "Kham"
 ngari_area: "Ngari"
 tsang_area: "Tsang"
 u_area: "Ü"
 #West China Region
 gansu_area: "Gansu" #甘肃/甘肅
 hexi_area: "Hexi" #河西
 longyou_area: "Longyou" #陇右
 shaanxi_area: "Shaanxi" #陕西/陝西
 chuandong_area: "Chuandong" #川东
 chuannan_area: "Chuannan" #川南
 chuanxi_area: "Chuanxi" #川西
 #xinjiang Region
 dzungaria_area: "Dżungaria"
 tarim_area: "Tarim"
 #Middle East
 #Anatolia Region
 armenian_highlands_area: "Wyżyny Armeńskie"
 cappadocia_area: "Kapadocja"
 central_anatolia_area: "Anatolia Środkowa"
 cilicia_area: "Cylicja"
 marmara_area: "Region Marmara"
 pontus_area: "Pontus"
 west_anatolia_area: "Anatolia Zachodnia"
 #Arabia Region
 bahrein_area: "Bahrajn"
 hedjaz_area: "Hidżaz"
 najd_area: "Nadżd"
 oman_area: "Oman"
 hail_area: "Al-Ha'il"
 north_yemen_area: "Jemen Północny"
 south_yemen_area: "Jemen Południowy"
 arabian_area: "Morze Arabskie"
 red_sea_area: "Morze Czerwone"
 #Crescent Region
 iraq_arabi_area: "Irak al-Arabi"
 jazira_area: "Dżazira"
 levant_area: "Lewant"
 #Persia Region
 azerbaijan_area: "Azerbejdżan"
 baluchistan_area: "Beludżystan"
 fars_area: "Fars"
 iraq_ajam_area: "Irak Perski"
 kerman_area: "Kerman"
 khuzestan_area: "Chuzestan i Lorestan"
 kordestan_area: "Kurdystan"
 mazandaran_area: "Mazandaran"
 quhestan_area: "Kohistan"
 sistan_area: "Sistan"
 oman_sea_zones_area: "Zatoka Omańska"
 bengal_sea_zones_area: "Morze Bengalskie"
 western_india_sea_zones_area: "Zachodnie Morze Indyjskie"
 deccan_sea_zones_area: "Morze Dekańskie"
 #North Asia
 #West Siberia Region
 chimgi_tura_area: "Chimgi-Tura"
 qashliq_area: "Kaszłyk"
 irkutsk_area: "Irkuck"
 surgut_area: "Surgut"
 mangazeya_area: "Mangazeja"
 tomsk_area: "Tomsk"
 omsk_area: "Omsk"
 kulykol_area: "Kułykoł"
 bursol_area: "Bursol"
 suzun_area: "Suzun"
 kansk_area: "Kańsk"
 bratsk_area: "Brack"
 angara_area: "Angara"
 vitim_area: "Witim"
 anabyr_area: "Anabyr"
 yenisei_area: "Jenisej"
 #East Siberia Region
 chukchee_area: "Czukczi"
 anadyr_area: "Anadyr"
 kamchatka_area: "Kamczatka"
 chuvan_area: "Czuwan"
 kolyma_area: "Kołyma"
 yandin_area: "Jandin"
 indigirka_area: "Indigirka"
 okhotsk_coast_area: "Wybrzeże Ochockie"
 east_stanovoi_area: "Wschodnie Pasmo Stanowe"
 west_stanovoi_area: "Zachodnie Pasmo Stanowe"
 amga_area: "Amga"
 yakutia_area: "Jakucja"
 lower_lena_area: "Lena Dolna"
 middle_lena_area: "Lena Środkowa"
 upper_lena_area: "Lena Górna"
 onoid_area: "Onoid"
 laptev_coast_area: "Wybrzeże Łaptiewów"
 siberian_lakes_area: "Jeziora Syberyjskie"
 yakutsk_sea_area: "Morze Jakuckie"
 #West Siberia Region
 #South Asia
 #Bengal Region
 assam_area: "Asam"
 bengal_area: "Bengal"
 hill_area: "Wzgórza Zo"
 jharkhand_area: "Jharkhand"
 mithila_area: "Mithila i Magadha"
 monyul_area: "Monyul"
 nepal_area: "Nepal"
 chota_nagpur_area: "Ćhota Nagpur"
 orissa_area: "Orissa"
 #Deccan Region
 andhra_area: "Andhra"
 awadh_area: "Awadh"
 bhojpur_area: "Bhojpur"
 gondwana_area: "Gondwana"
 karnakassala_area: "Karnakassala"
 konkan_area: "Konkan"
 sailan_area: "Sailan"
 maharashtra_area: "Maharasztra"
 malabar_area: "Malabar"
 rokhilkhand_area: "Rohilkhand"
 tamil_land_area: "Tamil Nadu"
 telingana_area: "Telingana"
 vidarbha_area: "Vidarbha"
 maldives_area: "Malediwy"
 #Western India Region
 gujarat_area: "Gudżarat"
 malwa_area: "Malwa"
 rajputana_area: "Radżputana"
 saurashtra_area: "Saurasztra"
 #Hindustan Region
 upper_indus_area: "Górny Indus"
 sindh_area: "Sindh"
 doab_area: "Doab"
 punjab_area: "Pendżab"
 #Southeast Asia
 #Indochina Region
 arakhan_area: "Arakan"
 champa_area: "Czampa"
 chao_phraya_area: "Chao Phraya"
 irrawady_area: "Irawadi"
 irrawady_delta_area: "Delta Irawadi"
 kachin_area: "Kaczin"
 khorat_plateau_area: "Płaskowyż Khorat"
 lower_mekong_area: "Mekong Dolny"
 malay_peninsula_area: "Półwysep Malajski"
 northern_tai_highland_area: "Północne Wyżyny Tajskie"
 red_river_delta_area: "Delta Red River"
 shan_highland_area: "Wyżyna Szan"
 southeast_asian_coasts_area: "Południowo-wschodnie wybrzeże Azji"
 #Indonesia Region
 north_borneo_area: "Borneo Północne"
 south_borneo_area: "Borneo Południowe"
 celebes_area: "Celebes"
 java_area: "Jawa"
 lesser_sunda_area: "Małe Wyspy Sundajskie"
 moluccas_area: "Moluki"
 luzon_area: "Luzon"
 visayas_area: "Visayas"
 mindanao_area: "Mindanao"
 north_sumatra_area: "Sumatra Północna"
 south_sumatra_area: "Sumatra Południowa"
 indonesia_coasts_area: "Wybrzeże Indonezji"
 #Europe
 #Eastern Europe
 #Balkan Region
 aegean_archipelago_area: "Archipelag Egejski"
 bosnia_area: "Bośnia"
 bulgaria_area: "Bułgaria"
 croatia_area: "Chorwacja"
 macedonia_area: "Macedonia"
 morea_area: "Morea"
 northern_greece_area: "Grecja Północna"
 serbia_area: "Serbia"
 silistria_area: "Silistra"
 slavonia_area: "Slawonia"
 slovenia_area: "Kraina"
 thrace_area: "Tracja"
 #Carpathia Region
 north_alfold_area: "Alföld Północne"
 south_alfold_area: "Alföld Południowe"
 transdanubia_area: "Kraj Zadunajski"
 moldavia_area: "Mołdawia"
 slovakia_area: "Słowacja"
 transylvania_area: "Transylwania"
 wallachia_area: "Wołoszczyzna"
 #Caucasus Region
 armenia_area: "Armenia"
 georgia_area: "Gruzja"
 northern_caucasus_area: "Północny Kaukaz"
 shirvan_area: "Szyrwan"
 #Poland Region
 central_poland_area: "Polska Centralna"
 greater_poland_area: "Wielkopolska"
 lesser_poland_area: "Małopolska"
 lithuania_area: "Litwa"
 mazovia_area: "Mazowsze"
 prussia_area: "Prusy"
 samogitia_area: "Żmudź"
 #Russia Region
 moscow_area: "Moskwa"
 smolensk_area: "Smoleńsk"
 oka_area: "Oka"
 sloboda_ukraine_area: "Słoboda"
 ryazan_area: "Riazań"
 west_novgorod_area: "Nowogród Zachodni"
 east_novgorod_area: "Nowogród Wschodni"
 tambov_area: "Tambow"
 samara_area: "Samara"
 nizhny_novgorod_area: "Niżny Nowogród"
 suzdal_area: "Suzdal"
 vladimir_area: "Włodzimierz"
 tver_area: "Twer"
 yaroslavl_area: "Jarosław"
 beloozero_area: "Biełoziero"
 totma_area: "Totma"
 #Ruthenia Region
 black_ruthenia_area: "Ruś Czarna"
 left_bank_ukraine_area: "Ukraina Lewobrzeżna"
 podolia_area: "Podole"
 polesia_area: "Polesie"
 red_ruthenia_area: "Ruś Czerwona"
 right_bank_ukraine_area: "Ukraina Prawobrzeżna"
 severia_area: "Siewierszczyzna"
 volhynia_area: "Wołyń"
 white_ruthenia_area: "Ruś Biała"
 #Steppes Region
 crimea_area: "Krym"
 matrega_area: "Matrega"
 yedisan_area: "Jedysan"
 zaporizhzhia_area: "Zaporoże"
 pryazovia_area: "Przyazowie"
 azov_area: "Azow"
 lower_don_area: "Don Dolny"
 astrakhan_area: "Astrachań"
 majar_area: "Madżar"
 lower_yik_area: "Yik Dolny"
 samar_area: "Samar"
 kursk_area: "Kursk"
 #Ural Region
 kazan_area: "Kazań"
 vyatka_area: "Wiatka"
 bolghar_area: "Bułgar"
 bashkiria_area: "Baszkiria"
 karagay_area: "Karagaj"
 perm_area: "Perm"
 ust_sysola_area: "Ust-Sysoła"
 vorkuta_area: "Workuta"
 ural_area: "Ural"
 #White Sea Region
 pomorye_area: "Pomorie"
 arkhangelsk_area: "Archangielsk"
 karelia_area: "Karelia"
 kola_area: "Kola"
 russian_coastline: "Wybrzeże Rosyjskie"
 #Western Europe
 #France Region
 alsace_area: "Alzacja"
 alsace_area_ADJ: "Alzac"
 anjou_area: "Andegawenia"
 anjou_area_ADJ: "Andegaweńs"
 auvergne_area: "Owernia"
 brittany_area: "Brytania"
 brittany_area_ADJ: "Bretońs"
 burgundy_area: "Burgundia"
 burgundy_area_ADJ: "Burgundz"
 champagne_area: "Szampania"
 champagne_area_ADJ: "Szampańs"
 franche_comte_area: "Franche-Comté"
 franche_comte_area_ADJ: "Comtojs"
 gascony_area: "Gaskonia"
 gascony_area_ADJ: "Gaskońs"
 guyenne_area: "Gujenna"
 guyenne_area_ADJ: "Gujeńs"
 ile_de_france_area: "Île-de-France"
 ile_de_france_area_ADJ: "Francus"
 lorraine_area: "Lotaryngia"
 lorraine_area_ADJ: "Lotaryńs"
 lyonnais_area: "Lyońs"
 normandy_area: "Normandia"
 normandy_area_ADJ: "Normandz"
 orleanais_area: "Orleania"
 orleanais_area_ADJ: "Orleańs"
 picardy_area: "Pikardia"
 picardy_area_ADJ: "Pikardz"
 poitou_area: "Piktawia"
 poitou_area_ADJ: "Piktaws"
 provence_area: "Prowansja"
 provence_area_ADJ: "Prowansals"
 savoy_area: "Sabaudia i Delfinat"
 savoy_area_ADJ: "Sabaudz"
 languedoc_area: "Langwedocja"
 languedoc_area_ADJ: "Langwedoc"
 #Great Britain Region
 east_anglia_area: "Anglia Wschodnia"
 home_counties_area: "Home Counties"
 midlands_area: "Mercja"
 northumbria_area: "Nortumbria"
 scottish_highlands_area: "Highlands"
 hebrides_area: "Hebrydy"
 hebrides_area_ADJ: "Hebrydz"
 scottish_lowlands_area: "Lowlands"
 wales_area: "Walia"
 northern_isles_area: "Wyspy Szetlandzkie"
 west_country_area: "West Country"
 #Iberia Region
 andalusia_area: "Andaluzja"
 andalusia_area_ADJ: "Andaluzyjs"
 aragon_area: "Aragon"
 aragon_area_ADJ: "Aragońs"
 balearics_area: "Baleary"
 balearics_area_ADJ: "Balears"
 castile_area: "Kastylia"
 castile_area_ADJ: "Kastylijs"
 catalonia_area: "Katalonia"
 catalonia_area_ADJ: "Katalońs"
 granada_area: "$granada$"
 granada_area_ADJ: "Grenadyjs"
 extremadura_area: "Estremadura"
 extremadura_area_ADJ: "Estremadurs"
 galicia_area: "Galicja"
 galicia_area_ADJ: "Galicyjs"
 leon_area: "$leon_province$"
 leon_area_ADJ: "Leońs"
 murcia_area: "Murcja"
 navarre_area: "Nawarra"
 navarre_area_ADJ: "Nawarryjs"
 north_portugal_area: "Portugalia Północna"
 north_portugal_area_ADJ: "Północnoportugals"
 south_portugal_area: "Portugalia Południowa"
 south_portugal_area_ADJ: "Południowoportugals"
 toledo_area: "$toledo_province$"
 toledo_area_ADJ: "Toledyjs"
 valencia_area: "$valencia_province$"
 valencia_area_ADJ: "Walenc"
 #Ireland Region
 connaught_area: "Connaught"
 leinster_area: "Leinster"
 munster_area: "Munster"
 ulster_area: "Ulster"
 #Italy Region
 abruzzo_area: "Abruzzi"
 apulia_area: "Apulia"
 basilicata_area: "Basilicata i Kalabria"
 campania_area: "Campania i Principato"
 emilia_area: "Emilia-Romania"
 lazio_area: "Lazio"
 liguria_area: "Liguria i Korsyka"
 lombardy_area: "Lombardia"
 marche_area: "Marche i Umbria"
 piemonte_area: "Piedmont"
 sardinia_area: "Sardynia"
 sicily_area: "Sycylia"
 tuscany_area: "Toskania"
 veneto_area: "Wenecja i Friuli"
 #Scandinavia Region
 denmark_area: "Dania"
 gotaland_area: "Götaland"
 iceland_area: "Islandia"
 nord_norge_area: "Nord-Norge"
 skaneland_area: "Skåneland"
 svealand_area: "Svealand"
 syd_norge_area: "Syd-Norge"
 scandinavian_sea_zones_area: "Wybrzeże Skandynawskie"
 #North Germany Region
 brabant_area: "Brabancja"
 flanders_area: "Flandria"
 friesland_area: "Fryzja"
 holland_area: "Holandia"
 wallonia_area: "Walonia"
 brandenburg_area: "Brandenburgia"
 mecklenburg_area: "Meklemburgia"
 #South Germany Region
 austria_area: "Dolna Austria"
 rhineland_area: "Nadrenia"
 hesse_area: "Hesse"
 westphalia_area: "Westfalia"
 lower_saxony_area: "Dolna Saksonia"
 upper_saxony_area: "Górna Saksonia"
 pomerania_area: "Pomorze"
 holstein_area: "Holsztyn"
 upper_austria_area: "Górna Austria"
 salzburg_area: "Salzburg"
 styria_area: "Styria"
 carinthia_area: "Karyntia"
 central_switzerland_area: "Szwajcaria"
 eastern_switzerland_area: "Szwajcaria Wschodnia"
 western_switzerland_area: "Szwajcaria Zachodnia"
 bohemia_area: "Bohemia"
 moravia_area: "Morawia"
 silesia_area: "Śląsk"
 upper_rhine_area: "Górny Ren"
 swabia_area: "Szwabia"
 bavaria_area: "Bawaria"
 franconia_area: "Frankonia"
 tirol_area: "Tyrol i Trydent"
 #Oceania
 #Australia
 #Australia Region
 eastern_australia_area: "Australia Wschodnia"
 #Papua
 eastern_australia_sea_zones_area: "Wschodnie morze Australii"
 micronesia_area: "Mikronezja"
 melanesia_area: "Melanezja"
 solomon_islands_area: "Wyspy Salomona"
 solomon_islands_coastal_sea_zones_area: "Morze przybrzeżne Wysp Salomona"
 bismarck_area: "Bismarck"
 momase_area: "Momase"
 kerema_area: "Kerema"
 milne_area: "Milne"
 wanin_area: "Wanin"
 papua_area: "Papua"
 anim_ha_area: "Anim Ha"
 papua_sea_zones_area: "Morze Papuańskie"
 polynesia_area: "Polinezja"
 #Polynesia
 #New Zealand Region
 rekohu_area: "Rēkohu"
 lord_howe_area: "Lord Howe"
 norfolk_nz_area: "Norfolk"
 motu_maha_area: "Motu Maha"
 new_zealand_sea_zones_area: "Morze Nowej Zelandii"
 rapa_nui_sea_zones_area: "Morze Rapa Nui"
 papahanaumokuakea_area: "Papahanaumokuakea"
 hawaii_sea_zones_area: "Morze hawajskie"
 aono_raina_area: "Aono Raina"
 aono_raina_sea_zones_area: "Morze Aono Raina"
 kuki_airani_area: "Kuki Airani"
 kuki_airani_sea_zones_area: "Morze Kuki Airani"
 tuhaa_pae_area: "Tuhaa Pae"
 tuhaa_pae_sea_zones_area: "Morze Tuhaa Pae"
 te_henua_enana_area: "Te Henua Enana"
 te_henua_enana_sea_zones_area: "Morze Te Henua Enana"
 tuamotu_area: "Tuamotu"
 raeffsky_area: "Raevski"
 palliser_area: "Palliser"
 tuamotu_sea_zones_area: "Morze Tuamotu"
 totaiete_ma_area: "Totaiete Ma"
 totaiete_ma_sea_zones_area: "Morze Totaiete Ma"
 pitcairn_area: "Pitcairn"
 pitcairn_sea_zones_area: "Morze Pitcairn"
 rawaki_area: "Rawaki"
 rawaki_sea_zones_area: "Morze Rawaki"
 tokelau_area: "Tokelau"
 tokelau_sea_zones_area: "Morze Tokelau"
 niue_area: "Niue"
 niue_sea_zones_area: "Morze Niue"
 tuvalu_area: "Tuvalu"
 tuvalu_sea_zones_area: "Morze Tuvalu"
 futuna_area: "Futuna"
 tonga_area: "Tonga"
 tonga_sea_zones_area: "Morze Tonga"
 samoa_area: "Samoa"
 samoa_sea_zones_area: "Morze Samoańskie"
 nanpo_area: "Nanpō"
 nanpo_sea_zones_area: "Morze Nanpō"
 marianas_area: "Mariany"
 marianas_sea_zones_area: "Morze Marianów"
 ratak_area: "Ratak"
 ralik_area: "Ralik"
 majel_sea_zones_area: "Morze Majel"
 belau_area: "Belau"
 belau_sea_zones_area: "Morze Belau"
 chuuk_area: "Chuuk"
 chuuk_sea_zones_area: "Morze Chuuk"
 tungaru_area: "Tungaru"
 tungaru_sea_zones_area: "Morze Tungaru"
 tinputz_area: "Tinputz"
 bougainville_area: "Wyspa Bougainville’a"
 mu_ngava_area: "Mu Ngava"
 solomon_islands_sea_zones_area: "Morze Wysp Salomona"
 temotu_area: "Temotu"
 temotu_sea_zones_area: "Morze Temotu"
 vanuatu_area: "Vanuatu"
 vanuatu_sea_zones_area: "Morze Vanuatu"
 fiji_area: "Fidżi"
 fiji_sea_zones_area: "Morze Fidżi"
 kanaky_area: "Kanaki"
 kanaky_sea_zones_area: "Morze Kanaki"
 nauru_area: "Nauru"
 nauru_sea_zones_area: "Morze Nauru"
 #Ocean Continent
 #Ocean Subcontinent
 #Ocean Region
 atlantic_canada_area: "Kanada Atlantycka"
 black_sea_area: "Morze Czarne"
 caribbean_sea_area: "Morze Karaibskie"
 alboran_sea_area: "Morze Alborańskie"
 tyrrhenian_sea: "Morze Tyrreńskie"
 adriatic_sea_area: "Morze Adriatyckie"
 ionian_sea_area: "Morze Jońskie"
 aegean_sea_area: "Morze Egejskie"
 albania_area: "Albania"
 levantine_sea_area: "Morze Lewantyńskie"
 libyan_sea_area: "Morze Libijskie"
 central_mediterranean_sea_area: "Środkowe Morze Śródziemne"
 iberian_west_coast_area: "Zachodnie wybrzeże Iberii"
 southeast_baltic_sea: "Południowo-wschodnie Morze Bałtyckie"
 western_mediterranean_sea_area: "Zachodnie Morze Śródziemne"
 atlantic_west_spitzbergen_area: "Atlantycki Spitzbergen Zachodni"
 atlantic_irminger_area: "Irminger Atlantycki"
 atlantic_labrador_area: "Labrador Atlantycki"
 atlantic_gulf_stream_area: "Golfsztrom Atlantycki"
 atlantic_north_atlantic_current_area: "Prąd Północnoatlantycki"
 atlantic_azores_stream_area: "Atlantycki Prąd Azorski"
 azores_sea_area: "Morze Azorskie"
 bay_of_biscay_area: "Zatoka Biskajska"
 atlantic_north_equatorial_area: "Atlantycki Prąd Północnorównikowy"
 atlantic_equatorial_countercurrent_area: "Atlantycki Prąd Wsteczny"
 atlantic_south_equatorial_area: "Atlantycki Prąd Południoworównikowy"
 atlantic_saint_helena_area: "Wyspa Świętej Heleny"
 atlantic_saint_helena_sea_area: "Wyspa Świętej Heleny"
 atlantic_south_area: "Atlantyk Południowy"
 indian_horn_area: "Indyjski Półwysep Somalijski"
 indian_andaman_area: "Indyjskie Morze Andamańskie"
 indian_monsoon_area: "Indyjski Prąd Monsunowy"
 indian_equatorial_countercurrent_area: "Indyjski Prąd Wsteczny"
 indian_south_equatorial_area: "Indyjski Prąd Południoworównikowy"
 indian_south_area: "Południowy Ocean Indyjski"
 indian_austral_area: "Indyjski Prąd Zachodnioaustralijski"
 indian_north_agulhas_area: "Indyjski Prąd Północnoafrykański"
 pacific_north_area: "Pacyfik Północny"
 pacific_north_equatorial_area: "Pacyficzny Prąd Północnorównikowy"
 pacific_hawaii_area: "Hawaje"
 pacific_kuro_area: "Prąd Kuro Siwo"
 pacific_south_equatorial_area: "Pacyficzny Prąd Południoworównikowy"
 pacific_easter_equatorial_area: "Pacyficzny Prąd Cromwella"
 pacific_equatorial_countercurrent_area: "Pacyficzny Prąd Wsteczny"
 pacific_polynesia_area: "Polinezja"
 pacific_south_area: "Pacyfik Południowy"
 pacific_tasmania_area: "Tasmania"
 antarctic_ocean_area: "Ocean Antarktyczny"
 mozambique_channel_area: "Kanał Mozambicki"
 cape_sea_zones: "Morze Przylądkowe"
 bengal_bay_area: "Zatoka Bengalska"
 timor_sea_area: "Morze Timor"
 tristan_da_cunha_area: "Tristan da Cunha"
 tristan_da_cunha_sea_zones_area: "Morze Tristan da Cunha"
 bouvet_area: "Bouvet"
 #Australians
 western_australia_high_sea_zones_area: "Zachodnie morze Australii"
 northern_australia_high_sea_zones_area: "Północne morze Australii"
 eastern_australia_high_sea_zones_area: "Wschodnie morze Australii"
 southern_australia_high_sea_zones_area: "Południowe morze Australii"
 southwestern_australia_area: "Australia Południowo-zachodnia"
 northwestern_australia_area: "Australia Północo-zachodnia"
 australian_northern_territory_area: "Terytorium Północne"
 australian_yalanji_area: "Yalanji"
 southeastern_australia_area: "Australia Południowo-wschodnia"
 south_australia_area: "Australia Południowa"
 #unsorted
 bermuda_province: "$bermuda$"
 bermuda_area: "$bermuda$"
 gulf_of_mexico_area: "Zatoka Meksykańska"
 west_greenland_sea_area: "Wybrzeże Zachodniej Grenlandii"
 east_greenland_sea_area: "Wybrzeże Wschodniej Grenlandii"
 coast_of_portugal_province: "Wybrzeże Portugalii"
 azores_province: "Azory"
 madeira_province: "Madera"
 canary_island_coast: "Wybrzeże Wysp Kanaryjskich"
 coast_of_morocco: "Wybrzeże Marokańskie"
 sahel_coast_province: "Wybrzeże Sahel"
 bahamans_sea_zone: "Wybrzeże Lukaya"
 atlantic_sea_area: "Morze Sargassowe"
 madeira_sea_area: "Morze Madery"
 azores_area: "Azory"
 canary_islands_area: "Wyspy Kanaryjskie"
 south_macaronesia_area: "Makaronezja Południowa"
 #temporary ones
 nw_africa_coast_area: "Północno-zachodnie wybrzeże Afryki"
