l_spanish:
 #Africa
 #Central Africa
 #Kongo Region
 ngono_area: "Ngono"
 #East Africa
 #Great Lakes Region
 egaso_ngiro_area: "Ewaso Ng'iro"
 igombe_area: "Igombe"
 malawi_area: "Rift de Malaui"
 rift_valley_area: "Valle del Rift"
 victoria_area: "Lago Victoria"
 #Ethiopia Region
 central_ethiopia_area: "Etiopía central"
 northern_ethiopia_area: "Norte de Etiopía"
 southern_ethiopia_area: "Sur de Etiopía"
 #Nubia Region
 butana_area: "Butana"
 darfur_area: "Kordofán"
 equatoria_area: "Ecuatoria"
 nubia_proper_area: "Nubia"
 #Somalia Region
 inner_somalia_area: "Somalia Interior"
 northern_somalia_area: "Norte de Somalia"
 southern_somalia_area: "Sur de Somalia"
 #Madagascar Region
 east_african_island_area: "Islas de África Oriental"
 east_madagascar_area: "Este de Madagascar"
 malagasy_highlands_area: "Tierras Altas de Madagascar"
 north_madagascar_area: "Norte de Madagascar"
 west_madagascar_area: "Oeste de Madagascar"
 #Swahili Coast Region
 mozambique_area: "Mozambique"
 rufiji_area: "Rufiji"
 ruvuma_lurio_area: "Ruvuma-Lurio"
 tana_area: "Tana"
 wami_area: "Wami"
 #North Africa
 #Egypt Region
 lower_egypt_area: "Bajo Egipto"
 upper_egypt_area: "Alto Egipto"
 sinai_area: "Sinaí"
 cyrenaica_area: "Cirenaica"
 #Maghreb Region
 algiers_area: "Al-Maġrib al-Awsat"
 atlas_high_plateau: "Atlas High Plateau"
 desert_area: "Oasis del Sáhara"
 macaronesia_area: "Macaronesia"
 macaronesia_area_ADJ: "de la Macaronesia"
 morocco_area: "Al-Maġrib al-Aqṣā"
 sus_area: "$sus_province$"
 tripolitania_area: "Trípoli"
 tunis_area: "Al-Maġrib al-Adna"
 #South Africa
 #South Africa Region
 southern_africa_islands_area: "Islas de África Meridional"
 goringhaikona_area: "Goringhaikona"
 umgungundlovu_area: "Umgungundlovu"
 tzaneen_area: "Tzaneen"
 thaba_bosiu_area: "Thaba Bosiu"
 karoo_area: "Karoo"
 kalahari_area: "Kalahari"
 okavango_area: "Okavango"
 namib_area: "Namib"
 cape_area: "Cabo"
 #Zimbabwe Region
 limpopo_area: "Limpopo"
 zambezi_area: "Zambeze"
 save_area: "Save"
 #West Africa
 #Sahel Region
 adamawa_area: "Adamawa"
 air_area: "Air"
 bornu_area: "Bornu"
 east_mossi_area: "Mossi oriental"
 gao_area: "Gao"
 ghana_area: "Ghana"
 kanem_area: "Kanem"
 logone_area: "Logone"
 mali_area: "Mali"
 north_hausa_area: "Hausa del Norte"
 south_hausa_area: "Hausa del Sur"
 timbuktu_area: "Tombuctú"
 wadai_area: "Wadai"
 west_mossi_area: "Mossi occidental"
 western_sahara_area: "Sáhara Occidental"
 zarma_area: "Zarma"
 #West Africa Region
 akan_area: "Akan"
 benin_area: "Benín"
 cameroon_highlands_area: "Meseta alta de Camerún"
 cape_verde_area: "Cabo Verde"
 futa_tooro_area: "Futa Toro"
 gambia_area: "Gambia"
 gold_coast_area: "Costa de Oro"
 gulf_of_guinea_area: "Golfo de Guinea"
 gur_area: "Gur"
 jolof_area: "Jólof"
 kong_area: "Kong"
 kru_area: "Kru"
 lower_niger_area: "Bajo Níger"
 south_manding_area: "Sur de Mandinga"
 upper_guinea_area: "Alta Guinea"
 west_africa_coastline: "Costa occidental de África"
 yoruba_area: "Yoruba"
 #Central Africa Region
 north_gabun_area: "Norte de Gabón"
 south_gabun_area: "Sur de Gabun"
 west_kongo_area: "Congo Occidental"
 kongo_area: "Congo"
 south_kongo_area: "Sur del Congo"
 west_lunda_area: "Lunda Occidental"
 viye_area: "Viye"
 maligo_area: "Maligo"
 east_lunda_area: "Lunda Oriental"
 moshiko_area: "Moshiko"
 kasongo_area: "Kasongo"
 east_kongo_area: "Congo Oriental"
 central_africa_area: "África Central"
 #America
 #North America
 #Canada Region
 greenland_area: "Groenlandia"
 greenland_sea_area: "Mar de Groenlandia"
 icelandic_coast_area: "Costa islandesa"
 northern_isles_sea_area: "Mar de las Islas del Norte"
 quebec_area: "Quebec"
 laurentian_area: "Laurentinas"
 lower_canada_area: "Bajo Canadá"
 jamesie_area: "Bahía de James oriental"
 nunavik_area: "Nunavik"
 labrador_area: "Labrador"
 newfoundland_area: "Terranova"
 prince_edward_island_area: "Isla del Príncipe Eduardo"
 acadia_area: "Acadia"
 new_brunswick_area: "Nuevo Brunswick"
 eastern_ontario_area: "Ontario Oriental"
 western_ontario_area: "Ontario Occidental"
 northern_ontario_area: "Ontario Septentrional"
 northwestern_ontario_area: "Ontario Noroccidental"
 greenstone_belt_area: "Mesetas de Abitibi"
 keewatin_area: "Keewatin"
 james_bay_lowlands_area: "Bahía de James occidental"
 gulf_of_saint_lawrence_area: "Golfo de San Lorenzo"
 canadian_atlantic_coast_area: "Costa atlántica canadiense"
 labrador_sea_area: "Mar de Labrador"
 hudson_bay_coast_area: "Costa de la Bahía de Hudson"
 western_greenland_sea_zones_area: "Mar de Groenlandia Occidental"
 eastern_greenland_sea_area: "Mar de Groenlandia Oriental"
 hudson_bay_sea_zones_area: "Bahía de Hudson"
 lousiana_sea_zones_area: "Mar de Luisiana"
 great_lakes_sea_zones_area: "Grandes Lagos"
 #Caribbean Region
 cuba_area: "Cuba"
 hispaniola_area: "La Española" #Quisqueya
 lesser_antilles_area: "Antillas Menores"
 #Central America Region
 panama_area: "Panamá"
 #East Coast Region
 massachusetts_area: "Massachusetts"
 southern_new_england_area: "Nueva Inglaterra Meridional"
 vermont_area: "Vermont"
 new_hampshire_area: "Nuevo Hampshire"
 maine_area: "Maine"
 hudson_area: "Hudson"
 haudenosaunee_area: "Confederación Iroquesa"
 new_jersey_area: "Nueva Jersey"
 pennsylvania_area: "Pensilvania"
 westsylvania_area: "Allegheny"
 maryland_area: "Maryland"
 virginia_area: "Virginia"
 west_virginia_area: "Virginia Occidental"
 north_carolina_area: "Carolina del Norte"
 south_carolina_area: "Carolina del Sur"
 georgia_us_area: "Georgia"
 florida_area: "Florida"
 tennessee_area: "Tennessee"
 kentucky_area: "Kentucky"
 ohio_area: "Ohio"
 indiana_area: "Indiana"
 michigan_area: "Míchigan"
 illinois_area: "Illinois"
 wisconsin_area: "Wisconsin"
 alabama_area: "Alabama"
 mississippi_area: "Misisipi"
 #Louisiana Region
 louisiana_area: "Luisiana"
 arkansas_area: "Arkansas"
 missouri_area: "Misuri"
 iowa_area: "Iowa"
 minnesota_area: "Minnesota"
 superior_area: "Lago Superior"
 north_dakota_area: "Dakota del Norte"
 south_dakota_area: "Dakota del Sur"
 central_plains_area: "Grandes Llanuras Centrales"
 natahende_area: "Natahende"
 high_plains_area: "Altas Llanuras"
 badlands_area: "Wyoming"
 upper_missouri_area: "Misuri superior"
 athabasca_area: "Athabasca"
 saskatchewan_area: "Saskatchewan"
 keewatin_n_area: "Keewatin Septentrional"
 red_river_area: "Río Rojo"
 mascarene_islands_area: "Islas Mascareñas"
 #Mesoamerica
 mexihko_area: "Mexihko"
 tlaxcala_area: "Tlaxcala"
 puebla_area: "Puebla"
 guanajuato_area: "Guanajuato"
 oaxaca_area: "Oaxaca"
 veracruz_area: "Veracruz"
 huaxyacac_area: "Huāxyacac"
 tochtepec_area: "Tochtepec"
 michoacan_area: "Michoacán"
 xilotepec_area: "Xilotepec"
 xalisco_area: "Xalisco"
 aridoamerica_sea_zones_area: "Mar de Aridoamérica"
 janeiro_area: "Janeiro"
 mayaab_area: "Ma'ya'ab"
 chilapan_area: "Chilapa"
 puuk_area: "Pu'uk"
 chactemal_area: "Cháak te' éemal"
 mesoamerica_sea_zones_area: "Mar de Mesoamérica"
 central_america_sea_zones_area: "Mar de Centroamérica"
 peten_area: "Peten"
 tezulutlan_area: "Tezulutlán"
 kuskatan_area: "Cuzcatlán"
 imabite_area: "Imabite"
 nekokiaw_area: "Nekokiaw"
 #Arido America
 zacatecas_area: "Tlacuitlapán"
 baja_area: "Baja California"
 tahejoc_area: "Ge Kaachk Baasho"
 culiacan_area: "Culiacán"
 tamaulipeco_area: "Tamaulipeco"
 guachichil_area: "Guachichil"
 texas_area: "Texas"
 shiewhibak_area: "Ali Shon"
 #West Coast Region
 northwest_coast_area: "Costa Noroeste"
 western_arctic_area: "Ártico occidental"
 alaxsxaq_area: "Alaxsxaq"
 yukon_area: "Yukón"
 alaska_sea_zones_area: "Mar de Alaska"
 columbia_interior_area: "Columbia interior"
 california_area: "Alta California"
 great_basin_area: "Gran Cuenca"
 rockies_area: "Montañas Rocosas"
 hawaii_area: "Hawái"
 hawaii_sea_area: "Mar de Hawái"
 cascadia_area: "Cascadia"
 cascadia_sea_zones_area: "Costa oeste de Estados Unidos"
 #South America
 #Brazil Region
 amazon_area: "Amazonas"
 tocantins_area: "Tocantins"
 mearim_area: "Mearim"
 paranaiba_area: "Paranaíba"
 jaguaribe_area: "Jaguaribe"
 parapitinga_area: "Parapĩtinga"
 pindorama_area: "Pindorama"
 parana_area: "Paraná"
 paraguay_area: "Paraguay"
 guapore_area: "Guaporé"
 uruguay_area: "Uruguay"
 #Colombia Region
 bogota_area: "Bogotá"
 #Andes Region
 andes_area: "Andes"
 quitu_area: "Quitu"
 chala_area: "Chala"
 atacama_area: "Atacama"
 cuyo_area: "Cuyo"
 yunga_area: "Yunga"
 puna_area: "Puna"
 qullaw_area: "Qullaw"
 acamama_area: "Acamama"
 suni_area: "Suni"
 rupa_rupa_area: "Rupa Rupa"
 galapagos_area: "Galápagos"
 andes_sea_zones_area: "Mar de los Andes"
 #Chaco Region
 chaco_area: "Chaco"
 la_plata_area: "La Plata"
 ngulumapu_area: "Ngulumapu"
 juan_fernandez_area: "Juan Fernández"
 mamore_area: "Mamoré"
 paranena_area: "Paranena"
 ayoreo_area: "Ayoreo"
 moqoit_area: "Moqoit"
 pampa_area: "Pampa"
 puelmapu_area: "Puelmapu"
 patagonia_area: "Patagonia"
 falklands_area: "Islas Malvinas"
 south_georgia_area: "Georgia del Sur"
 rapa_nui_area: "Rapa Nui"
 #Asia
 #Central Asia
 #Khorasan Region
 badakhshan_area: "Badakhšān"
 desht_kipchak_area: "Desht-i Kipchak"
 eastern_khorasan_area: "Ḫorāsān oriental"
 khwarazm_area: "Khwarazm"
 transoxiana_area: "Transoxiana"
 western_khorasan_area: "Ḫorāsān occidental"
 zhetysu_area: "Zhetysu"
 caspian_sea_area: "Mar Caspio"
 #East Asia
 #East China Region
 fujian_area: "Fújiàn" #福建
 hunan_area: "Húnán" #湖南
 wuling_area: "Wǔlíng" #武陵
 hubei_area: "Húběi" #湖北
 jiangxi_area: "Jiāngxī" #江西
 jiangnan_area: "Jiāngnán" #江南
 huaidong_area: "Huáidōng" #淮东
 huaixi_area: "Huáixī" #淮西
 taiwan_area: "Taiwán" #台灣
 zhejiang_area: "Zhèjiāng" #浙江
 east_china_coastline: "Costa oriental de China"
 #Japan Region
 ezo_area: "Ezo" #蝦夷
 hokurikudou_area: "Hokurikudō" #北陸道
 kinai_area: "Kinai" #畿内
 nankaidou_area: "Nankaidō" #南海道
 saikaidou_area: "Saikaidō" #西海道
 sanindou_area: "San'indō" #山陰道
 sanyoudou_area: "San'yōdō" #山陽道
 ou_area: "Ōu" #奥羽
 toukaidou_area: "Tōkaidō" #東海道
 tousandou_area: "Tōsandō" #東山道
 ryuukyuu_area: "Ryūkyū" #琉球
 japan_coastline: "Costa de Japón"
 sea_of_japan_area: "Mar de Japón"
 ryuukyuu_sea_area: "Mar de Ryūkyū"
 ezo_sea: "Mar de Ezo"
 #Korea Region
 gwanseo_area: "Gwanseo"
 gwandong_area: "Gwandong"
 yeongnam_area: "Yeongnam"
 gyeonggi_area: "Gyeonggi"
 honam_area: "Honam"
 haeseo_area: "Haeseo"
 hoseo_area: "Hoseo"
 gwanbuk_area: "Gwanbuk"
 korea_western_coastline: "Costa occidental de Corea"
 korea_eastern_coastline: "Costa oriental de Corea"
 #Manchuria Region
 liaodong_area: "Liáodōng" #遼東
 lower_amur_area: "Amur bajo"
 middle_amur_area: "Amur medio"
 songhua_area: "Songhua"
 songnen_area: "Songnen"
 ussuri_area: "Ussuri"
 manchuria_coastline: "Costa de Manchuria"
 #Mongolia Region
 argun_area: "Argun"
 eastern_gobi_area: "Gobi oriental"
 lower_selenga_area: "Bajo Selengá"
 mongolian_great_lakes_area: "Grandes Lagos de Mongolia"
 shilkari_area: "Shilkari"
 southern_gobi_area: "Gobi meridional"
 tuva_area: "Tuva"
 upper_selenga_area: "Alto Selengá"
 western_gobi_area: "Gobi occidental"
 #North China Region
 beiping_area: "Běipíng" #北平
 yannan_area: "Yānnán" #燕南
 yanbei_area: "Yānběi" #燕北
 hebei_area: "Héběi" #河北
 henan_area: "Henan" #河南
 haiyou_area: "Hǎiyòu" #海右
 shandong_area: "Shandong" #山東
 datong_area: "Dàtóng"
 shanxi_area: "Shanxi" #山西
 north_china_coastline: "Costa septentrional de China"
 #South China Region
 haibei_hainan_area: "Hǎiběi Hǎinán" #海北海南
 guangdong_area: "Guǎngdōng" #廣東
 liangjiang_area: "Liǎngjiāng" #两江
 guangxi_area: "Guangxi" #廣西
 guizhou_area: "Guizhou" #貴州
 dali_area: "Dàlǐ" #大理
 yunnan_area: "Yúnnán" #雲南
 south_china_coastline: "Costa meridional de China"
 #Tibet Region
 amdo_area: "Amdo"
 changtang_area: "Changtang"
 kham_area: "Kham"
 ngari_area: "Ngari"
 tsang_area: "Tsang"
 u_area: "Ü"
 #West China Region
 gansu_area: "Gansu" #甘肃/甘肅
 hexi_area: "Héxī" #河西
 longyou_area: "Lǒngyòu" #陇右
 shaanxi_area: "Shanxi" #陕西/陝西
 chuandong_area: "Chuāndōng" #川东
 chuannan_area: "Chuānnán" #川南
 chuanxi_area: "Chuānxī" #川西
 #xinjiang Region
 dzungaria_area: "Dzungaria"
 tarim_area: "Tarim"
 #Middle East
 #Anatolia Region
 armenian_highlands_area: "Tierras Altas armenias"
 cappadocia_area: "Capadocia"
 central_anatolia_area: "Anatolia central"
 cilicia_area: "Cilicia"
 marmara_area: "Zona del Mármara"
 pontus_area: "Ponto"
 west_anatolia_area: "Anatolia occidental"
 #Arabia Region
 bahrein_area: "Baréin"
 hedjaz_area: "Hiyaz"
 najd_area: "Najd"
 oman_area: "Omán"
 hail_area: "Al-Ḥa'il"
 north_yemen_area: "North Yemen"
 south_yemen_area: "South Yemen"
 arabian_area: "Mar Arábigo"
 red_sea_area: "Mar Rojo"
 #Crescent Region
 iraq_arabi_area: "Irâk al-'Arabi"
 jazira_area: "Al-Yazira"
 levant_area: "Levante"
 #Persia Region
 azerbaijan_area: "Azerbaiyán"
 baluchistan_area: "Baluchistán"
 fars_area: "Fars"
 iraq_ajam_area: "Erāq-e Ajam"
 kerman_area: "Kermán"
 khuzestan_area: "Juzestán y Luristán"
 kordestan_area: "Kurdistán"
 mazandaran_area: "Mazandarán"
 quhestan_area: "Kuhistán"
 sistan_area: "Sistán"
 oman_sea_zones_area: "Gulf of Oman"
 bengal_sea_zones_area: "Mar de Bengala"
 western_india_sea_zones_area: "Mar de la India Occidental"
 deccan_sea_zones_area: "Mar de Decán"
 #North Asia
 #West Siberia Region
 chimgi_tura_area: "Chimgi Tura"
 qashliq_area: "Qashliq"
 irkutsk_area: "Irkutsk"
 surgut_area: "Surgut"
 mangazeya_area: "Mangazeya"
 tomsk_area: "Tomsk"
 omsk_area: "Omsk"
 kulykol_area: "Kulykol"
 bursol_area: "Bursol"
 suzun_area: "Suzun"
 kansk_area: "Kansk"
 bratsk_area: "Bratsk"
 angara_area: "Angara"
 vitim_area: "Vitim"
 anabyr_area: "Anabyr"
 yenisei_area: "Yenisei"
 #East Siberia Region
 chukchee_area: "Chukchee"
 anadyr_area: "Anadyr"
 kamchatka_area: "Kamchatka"
 chuvan_area: "Chuvan"
 kolyma_area: "Kolyma"
 yandin_area: "Yandin"
 indigirka_area: "Indigirka"
 okhotsk_coast_area: "Costa de Okhotsk"
 east_stanovoi_area: "Stanovoi oriental"
 west_stanovoi_area: "Stanovoi occidental"
 amga_area: "Amga"
 yakutia_area: "Yakutia"
 lower_lena_area: "Lena inferior"
 middle_lena_area: "Lena interior"
 upper_lena_area: "Alta Lena"
 onoid_area: "Onoid"
 laptev_coast_area: "Costa de Láptev"
 siberian_lakes_area: "Lagos siberianos"
 yakutsk_sea_area: "Mar de Yakutsk"
 #West Siberia Region
 #South Asia
 #Bengal Region
 assam_area: "Assam"
 bengal_area: "Bengala"
 hill_area: "Colinas Zo"
 jharkhand_area: "Jharkhand"
 mithila_area: "Mithila y Magadh"
 monyul_area: "Monyul"
 nepal_area: "Nepal"
 chota_nagpur_area: "Chota Nagpur"
 orissa_area: "Odisha"
 #Deccan Region
 andhra_area: "Andhra"
 awadh_area: "Awadh"
 bhojpur_area: "Bhojpur"
 gondwana_area: "Gondwana"
 karnakassala_area: "Karnakassala"
 konkan_area: "Konkan"
 sailan_area: "Sailan"
 maharashtra_area: "Maharashtra"
 malabar_area: "Malabar"
 rokhilkhand_area: "Rokhilkhand"
 tamil_land_area: "Tamil Nadu"
 telingana_area: "Telingana"
 vidarbha_area: "Vidarbha"
 maldives_area: "Maldivas"
 #Western India Region
 gujarat_area: "Gujarat"
 malwa_area: "Malwa"
 rajputana_area: "Rajputana"
 saurashtra_area: "Saurashtra"
 #Hindustan Region
 upper_indus_area: "Indo superior"
 sindh_area: "Sind"
 doab_area: "Doab"
 punjab_area: "Punyab"
 #Southeast Asia
 #Indochina Region
 arakhan_area: "Arakan"
 champa_area: "Champa"
 chao_phraya_area: "Chao Phraya"
 irrawady_area: "Irawadi"
 irrawady_delta_area: "Delta del Irawadi"
 kachin_area: "Kachin"
 khorat_plateau_area: "Meseta de Khorat"
 lower_mekong_area: "Bajo Mekong"
 malay_peninsula_area: "Península malaya"
 northern_tai_highland_area: "Altiplanicie septentrional de Tai"
 red_river_delta_area: "Delta del río Rojo"
 shan_highland_area: "Tierras Altas de Shan"
 southeast_asian_coasts_area: "Costas del Sudeste Asiático"
 #Indonesia Region
 north_borneo_area: "North Borneo"
 south_borneo_area: "South Borneo"
 celebes_area: "Célebes"
 java_area: "Java"
 lesser_sunda_area: "Sonda menor"
 moluccas_area: "Molucas"
 luzon_area: "Luzon"
 visayas_area: "Visayas"
 mindanao_area: "Mindanao"
 north_sumatra_area: "North Sumatra"
 south_sumatra_area: "South Sumatra"
 indonesia_coasts_area: "Costa de Indonesia"
 #Europe
 #Eastern Europe
 #Balkan Region
 aegean_archipelago_area: "Archipiélago del Egeo"
 bosnia_area: "Bosnia"
 bulgaria_area: "Bulgaria"
 croatia_area: "Croacia"
 macedonia_area: "Macedonia"
 morea_area: "Morea"
 northern_greece_area: "Norte de Grecia"
 serbia_area: "Serbia"
 silistria_area: "Silistria"
 slavonia_area: "Eslavonia"
 slovenia_area: "Carniola"
 thrace_area: "Tracia"
 #Carpathia Region
 north_alfold_area: "Alföld septentrional"
 south_alfold_area: "Alföld meridional"
 transdanubia_area: "Transdanubia"
 moldavia_area: "Moldavia"
 slovakia_area: "Eslovaquia"
 transylvania_area: "Transilvania"
 wallachia_area: "Valaquia"
 #Caucasus Region
 armenia_area: "Armenia"
 georgia_area: "Georgia"
 northern_caucasus_area: "Cáucaso Norte"
 shirvan_area: "Shirván"
 #Poland Region
 central_poland_area: "Polonia central"
 greater_poland_area: "Gran Polonia"
 lesser_poland_area: "Pequeña Polonia"
 lithuania_area: "Lituania"
 mazovia_area: "Mazovia"
 prussia_area: "Prusia"
 samogitia_area: "Samogitia"
 #Russia Region
 moscow_area: "Moscú"
 smolensk_area: "Smolensk"
 oka_area: "Oka"
 sloboda_ukraine_area: "Sloboda"
 ryazan_area: "Riazán"
 west_novgorod_area: "West Novgorod"
 east_novgorod_area: "East Novgorod"
 tambov_area: "Tambov"
 samara_area: "Samara"
 nizhny_novgorod_area: "Nizhni Nóvgorod"
 suzdal_area: "Súzdal"
 vladimir_area: "Vladímir"
 tver_area: "Tver"
 yaroslavl_area: "Yaroslavl"
 beloozero_area: "Beloózero"
 totma_area: "Totma"
 #Ruthenia Region
 black_ruthenia_area: "Rutenia Negra"
 left_bank_ukraine_area: "Ucrania de la Margen Izquierda"
 podolia_area: "Podolia"
 polesia_area: "Polesia"
 red_ruthenia_area: "Rutenia Roja"
 right_bank_ukraine_area: "Ucrania de la Margen Derecha"
 severia_area: "Severia"
 volhynia_area: "Volinia"
 white_ruthenia_area: "Rutenia Blanca"
 #Steppes Region
 crimea_area: "Crimea"
 matrega_area: "Matrega"
 yedisan_area: "Yedisán"
 zaporizhzhia_area: "Zaporiyia"
 pryazovia_area: "Pryazovia"
 azov_area: "Azov"
 lower_don_area: "Bajo Don"
 astrakhan_area: "Astracán"
 majar_area: "Majar"
 lower_yik_area: "Bajo Yik"
 samar_area: "Samar"
 kursk_area: "Kursk"
 #Ural Region
 kazan_area: "Kazán"
 vyatka_area: "Viatka"
 bolghar_area: "Bolghar"
 bashkiria_area: "Bashkiria"
 karagay_area: "Karagay"
 perm_area: "Perm"
 ust_sysola_area: "Ust-Sysola"
 vorkuta_area: "Vorkuta"
 ural_area: "Ural"
 #White Sea Region
 pomorye_area: "Pomorye"
 arkhangelsk_area: "Arcángel"
 karelia_area: "Carelia"
 kola_area: "Kola"
 russian_coastline: "Costa de Rusia"
 #Western Europe
 #France Region
 alsace_area: "Alsacia"
 alsace_area_ADJ: "de Alsacia"
 anjou_area: "Anjou"
 anjou_area_ADJ: "de Anjou"
 auvergne_area: "Auvernia"
 brittany_area: "Bretaña"
 brittany_area_ADJ: "de Bretaña"
 burgundy_area: "Borgoña"
 burgundy_area_ADJ: "de Borgoña"
 champagne_area: "Champaña"
 champagne_area_ADJ: "de Champaña"
 franche_comte_area: "Franco Condado"
 franche_comte_area_ADJ: "de Franco Condado"
 gascony_area: "Gascuña"
 gascony_area_ADJ: "de Gascuña"
 guyenne_area: "Guyena"
 guyenne_area_ADJ: "de Guyena"
 ile_de_france_area: "Isla de Francia"
 ile_de_france_area_ADJ: "de la Isla de Francia"
 lorraine_area: "Lorena"
 lorraine_area_ADJ: "de Lorena"
 lyonnais_area: "Leonesado"
 normandy_area: "Normandía"
 normandy_area_ADJ: "de Normandía"
 orleanais_area: "Orleanesado"
 orleanais_area_ADJ: "del Orleanesado"
 picardy_area: "Picardía"
 picardy_area_ADJ: "de Picardía"
 poitou_area: "Poitou"
 poitou_area_ADJ: "de Poitou"
 provence_area: "Provenza"
 provence_area_ADJ: "de la Provenza"
 savoy_area: "Saboya y Delfinado"
 savoy_area_ADJ: "de Saboya"
 languedoc_area: "Languedoc"
 languedoc_area_ADJ: "de Languedoc"
 #Great Britain Region
 east_anglia_area: "Anglia Oriental"
 home_counties_area: "Home counties"
 midlands_area: "Mercia"
 northumbria_area: "Northumbria"
 scottish_highlands_area: "Tierras Altas"
 hebrides_area: "Hébridas"
 hebrides_area_ADJ: "de las Hébridas"
 scottish_lowlands_area: "Tierras Bajas"
 wales_area: "Gales"
 northern_isles_area: "Islas del Norte"
 west_country_area: "Sudoeste de Inglaterra"
 #Iberia Region
 andalusia_area: "Andalucía"
 andalusia_area_ADJ: "de Andalucía"
 aragon_area: "Aragón"
 aragon_area_ADJ: "de Aragón"
 balearics_area: "Baleares"
 balearics_area_ADJ: "de Baleares"
 castile_area: "Castilla"
 castile_area_ADJ: "de Castilla"
 catalonia_area: "Cataluña"
 catalonia_area_ADJ: "de Cataluña"
 granada_area: "$granada$"
 granada_area_ADJ: "de Granada"
 extremadura_area: "Extremadura"
 extremadura_area_ADJ: "de Extremadura"
 galicia_area: "Galicia"
 galicia_area_ADJ: "de Galicia"
 leon_area: "$leon_province$"
 leon_area_ADJ: "de León"
 murcia_area: "Murcia"
 navarre_area: "Navarra"
 navarre_area_ADJ: "de Navarra"
 north_portugal_area: "North Portugal"
 north_portugal_area_ADJ: "Northern Portuguese"
 south_portugal_area: "South Portugal"
 south_portugal_area_ADJ: "Southern Portuguese"
 toledo_area: "$toledo_province$"
 toledo_area_ADJ: "de Toledo"
 valencia_area: "$valencia_province$"
 valencia_area_ADJ: "de Valencia"
 #Ireland Region
 connaught_area: "Connaught"
 leinster_area: "Leinster"
 munster_area: "Munster"
 ulster_area: "Úlster"
 #Italy Region
 abruzzo_area: "Abruzos"
 apulia_area: "Apulia"
 basilicata_area: "Basilicata y Calabria"
 campania_area: "Campania y Principado"
 emilia_area: "Emilia-Romaña"
 lazio_area: "Lazio"
 liguria_area: "Liguria y Córcega"
 lombardy_area: "Lombardía"
 marche_area: "Las Marcas y Umbría"
 piemonte_area: "Piamonte"
 sardinia_area: "Cerdeña"
 sicily_area: "Sicilia"
 tuscany_area: "Toscana"
 veneto_area: "Véneto y Friul"
 #Scandinavia Region
 denmark_area: "Dinamarca"
 gotaland_area: "Gotia"
 iceland_area: "Islandia"
 nord_norge_area: "Nord-Norge"
 skaneland_area: "Skåneland"
 svealand_area: "Sueonia"
 syd_norge_area: "Syd-Norge"
 scandinavian_sea_zones_area: "Scandinavian Coastline"
 #North Germany Region
 brabant_area: "Brabante"
 flanders_area: "Flandes"
 friesland_area: "Frisia"
 holland_area: "Holanda"
 wallonia_area: "Valonia"
 brandenburg_area: "Brandeburgo"
 mecklenburg_area: "Mecklemburgo"
 #South Germany Region
 austria_area: "Baja Austria"
 rhineland_area: "Renania"
 hesse_area: "Hesse"
 westphalia_area: "Westfalia"
 lower_saxony_area: "Baja Sajonia"
 upper_saxony_area: "Alta Sajonia"
 pomerania_area: "Pomerania"
 holstein_area: "Holstein"
 upper_austria_area: "Alta Austria"
 salzburg_area: "Salzburgo"
 styria_area: "Estiria"
 carinthia_area: "Carintia"
 central_switzerland_area: "Switzerland"
 eastern_switzerland_area: "Raetia"
 western_switzerland_area: "Romandy"
 bohemia_area: "Bohemia"
 moravia_area: "Moravia"
 silesia_area: "Silesia"
 upper_rhine_area: "Rin Superior"
 swabia_area: "Suabia"
 bavaria_area: "Baviera"
 franconia_area: "Franconia"
 tirol_area: "Tirol y Trentino"
 #Oceania
 #Australia
 #Australia Region
 eastern_australia_area: "Australia Oriental"
 #Papua
 eastern_australia_sea_zones_area: "Mar de Australia Oriental"
 micronesia_area: "Micronesia"
 melanesia_area: "Melanesia"
 solomon_islands_area: "Islas Salomón"
 solomon_islands_coastal_sea_zones_area: "Mar costero de las Islas Salomón"
 bismarck_area: "Bismarck"
 momase_area: "Momase"
 kerema_area: "Kerema"
 milne_area: "Milne"
 wanin_area: "Wanin"
 papua_area: "Papúa"
 anim_ha_area: "Anim Ha"
 papua_sea_zones_area: "Mar de Papúa"
 polynesia_area: "Polinesia"
 #Polynesia
 #New Zealand Region
 rekohu_area: "Rēkohu"
 lord_howe_area: "Lord Howe"
 norfolk_nz_area: "Norfolk"
 motu_maha_area: "Motu Maha"
 new_zealand_sea_zones_area: "Mar de Nueva Zelanda"
 rapa_nui_sea_zones_area: "Mar de Rapa Nui"
 papahanaumokuakea_area: "Papahanaumokuakea"
 hawaii_sea_zones_area: "Mar de Hawái"
 aono_raina_area: "Aono Raina"
 aono_raina_sea_zones_area: "Mar de Aono Raina"
 kuki_airani_area: "Kuki Airani"
 kuki_airani_sea_zones_area: "Mar Kuki Airani"
 tuhaa_pae_area: "Tuhaa Pae"
 tuhaa_pae_sea_zones_area: "Mar de Tuhaa Pae"
 te_henua_enana_area: "Te Henua Enana"
 te_henua_enana_sea_zones_area: "Mar de Te Henua Enana"
 tuamotu_area: "Tuamotu"
 raeffsky_area: "Raeffsky"
 palliser_area: "Palliser"
 tuamotu_sea_zones_area: "Mar de Tuamotu"
 totaiete_ma_area: "Totaiete Ma"
 totaiete_ma_sea_zones_area: "Mar de Totaiete Ma"
 pitcairn_area: "Pitcairn"
 pitcairn_sea_zones_area: "Mar de Pitcairn"
 rawaki_area: "Rawaki"
 rawaki_sea_zones_area: "Mar de Rawaki"
 tokelau_area: "Tokelau"
 tokelau_sea_zones_area: "Mar de Tokelau"
 niue_area: "Niue"
 niue_sea_zones_area: "Mar de Niue"
 tuvalu_area: "Tuvalu"
 tuvalu_sea_zones_area: "Mar de Tuvalu"
 futuna_area: "Futuna"
 tonga_area: "Tonga"
 tonga_sea_zones_area: "Mar de Tonga"
 samoa_area: "Samoa"
 samoa_sea_zones_area: "Mar de Samoa"
 nanpo_area: "Nanpō"
 nanpo_sea_zones_area: "Mar de Nanpō"
 marianas_area: "Marianas"
 marianas_sea_zones_area: "Mar de las Marianas"
 ratak_area: "Ratak"
 ralik_area: "Ralik"
 majel_sea_zones_area: "Mar de Majel"
 belau_area: "Belau"
 belau_sea_zones_area: "Mar de Belau"
 chuuk_area: "Chuuk"
 chuuk_sea_zones_area: "Mar de Chuuk"
 tungaru_area: "Tungaru"
 tungaru_sea_zones_area: "Mar de Tungaru"
 tinputz_area: "Tinputz"
 bougainville_area: "Bougainville"
 mu_ngava_area: "Mu Ngava"
 solomon_islands_sea_zones_area: "Mar de las Islas Salomón"
 temotu_area: "Temotu"
 temotu_sea_zones_area: "Mar de Temotu"
 vanuatu_area: "Vanuatu"
 vanuatu_sea_zones_area: "Mar de Vanuatu"
 fiji_area: "Fiyi"
 fiji_sea_zones_area: "Mar de Fiyi"
 kanaky_area: "Kanaky"
 kanaky_sea_zones_area: "Mar de Kanaky"
 nauru_area: "Nauru"
 nauru_sea_zones_area: "Mar de Nauru"
 #Ocean Continent
 #Ocean Subcontinent
 #Ocean Region
 atlantic_canada_area: "Canadá Atlántico"
 black_sea_area: "Mar Negro"
 caribbean_sea_area: "Mar Caribe"
 alboran_sea_area: "Alboran Sea"
 tyrrhenian_sea: "Tyrrhenian Sea"
 adriatic_sea_area: "Adriatic Sea"
 ionian_sea_area: "Ionian Sea"
 aegean_sea_area: "Aegean Sea"
 albania_area: "Albania"
 levantine_sea_area: "Levantine Sea"
 libyan_sea_area: "Libyan Sea"
 central_mediterranean_sea_area: "Central Mediterranean"
 iberian_west_coast_area: "Costa oeste ibérica"
 southeast_baltic_sea: "Mar Báltico sudoriental"
 western_mediterranean_sea_area: "Mediterráneo occidental"
 atlantic_west_spitzbergen_area: "Atlántico Oeste Spitzbergen"
 atlantic_irminger_area: "Irminger Atlántico"
 atlantic_labrador_area: "Labrador Atlántico"
 atlantic_gulf_stream_area: "Corriente atlántica del Golfo"
 atlantic_north_atlantic_current_area: "Corriente del Atlántico Norte"
 atlantic_azores_stream_area: "Corriente atlántica de las Azores"
 azores_sea_area: "Mar de las Azores"
 bay_of_biscay_area: "Golfo de Vizcaya"
 atlantic_north_equatorial_area: "Atlántico Norte Ecuatorial"
 atlantic_equatorial_countercurrent_area: "Contracorriente Ecuatorial Atlántica"
 atlantic_south_equatorial_area: "Atlántico Sur Ecuatorial"
 atlantic_saint_helena_area: "Santa Elena Atlántica"
 atlantic_saint_helena_sea_area: "Santa Elena Atlántica"
 atlantic_south_area: "Atlántico Sur"
 indian_horn_area: "Cuerno Índico"
 indian_andaman_area: "Andamán Índico"
 indian_monsoon_area: "Monzón Índico"
 indian_equatorial_countercurrent_area: "Contracorriente ecuatorial del Índico"
 indian_south_equatorial_area: "Ecuatorial del Sur Índico"
 indian_south_area: "Sur Índico"
 indian_austral_area: "Austral Índico"
 indian_north_agulhas_area: "Cabo de las Agujas Índico Norte"
 pacific_north_area: "Pacífico Norte"
 pacific_north_equatorial_area: "Pacífico Norte Ecuatorial"
 pacific_hawaii_area: "Hawái del Pacífico"
 pacific_kuro_area: "Kuro del Pacífico"
 pacific_south_equatorial_area: "Pacífico Ecuatorial Sur"
 pacific_easter_equatorial_area: "Pacífico Ecuatorial Oriental"
 pacific_equatorial_countercurrent_area: "Contracorriente Ecuatorial del Pacífico"
 pacific_polynesia_area: "Polinesia del Pacífico"
 pacific_south_area: "Pacífico Sur"
 pacific_tasmania_area: "Tasmania Pacífico"
 antarctic_ocean_area: "Océano Antártico"
 mozambique_channel_area: "Mozambique Channel"
 cape_sea_zones: "Mar del Cabo"
 bengal_bay_area: "Bahía de Bengala"
 timor_sea_area: "Mar de Timor"
 tristan_da_cunha_area: "Tristán da Cunha"
 tristan_da_cunha_sea_zones_area: "Mar de Tristán da Cunha"
 bouvet_area: "Bouvet"
 #Australians
 western_australia_high_sea_zones_area: "Mar de Australia Occidental"
 northern_australia_high_sea_zones_area: "Mar de Australia Septentrional"
 eastern_australia_high_sea_zones_area: "Mar de Australia Oriental"
 southern_australia_high_sea_zones_area: "Mar de Australia Meridional"
 southwestern_australia_area: "Suroeste de Australia"
 northwestern_australia_area: "Noroeste de Australia"
 australian_northern_territory_area: "Territorio del Norte"
 australian_yalanji_area: "Yalanji"
 southeastern_australia_area: "Sureste de Australia"
 south_australia_area: "Australia Meridional"
 #unsorted
 bermuda_province: "$bermuda$"
 bermuda_area: "$bermuda$"
 gulf_of_mexico_area: "Golfo de México"
 west_greenland_sea_area: "Costa occidental de Groenlandia"
 east_greenland_sea_area: "Costa oriental de Groenlandia"
 coast_of_portugal_province: "Costa de Portugal"
 azores_province: "Las Azores"
 madeira_province: "Madeira"
 canary_island_coast: "Costa de las Islas Canarias"
 coast_of_morocco: "Costa de Marruecos"
 sahel_coast_province: "Costa del Sahel"
 bahamans_sea_zone: "Coast of Lucayas"
 atlantic_sea_area: "Sargasso Sea"
 madeira_sea_area: "Mar de Madeira"
 azores_area: "Azores"
 canary_islands_area: "Islas Canarias"
 south_macaronesia_area: "Macaronesia Meridional"
 #temporary ones
 nw_africa_coast_area: "Costa de África noroeste"
