l_spanish:
 #Cultural Templates
 NEW_CULTURE_NAME_ADJ_OLD_CULTURE: "$OLD_CULTURE_NAME$ $COUNTRY_ADJ$" #for naming possible new cultures. COUNTRY_NAME is also available
 swedish: "Suecos"
 danish: "Daneses"
 finnish: "Finlandeses"
 karelian: "Calerianos"
 tavastian: "Tavastianos"
 gutnish: "Gutnios"
 savonian: "Savonianos"
 bjarmian: "Bjarmianos"
 kvens: "Kvenos"
 ingrian: "Ingrios"
 norwegian: "Noruegos"
 icelandic: "Islandeses"
 norn_culture: "Nornos"
 welsh: "Galeses"
 english: "Ingleses"
 northumbrian: "Northumbrios"
 scottish: "Escoceses"
 irish: "Irlandeses"
 highland: "Habitantes de las Tierras Altas"
 norse_gael: "Norse-Gael"
 anglo_irish: "Anglo-Irish"
 frisian: "Frisones"
 maori_culture: "Maoríes"
 corsican: "Corsos"
 emilian: "Emilianos"
 friulian: "Friulanos"
 ladin: "Ladinos"
 ligurian: "Ligures"
 lombard: "Lombardos"
 maltese: "Malteses"
 neapolitan: "Napolitanos"
 piedmontese: "Piamonteses"
 romansh: "Romanches"
 sardinian: "Sardos"
 sicilian: "Sicilianos"
 southern_gallo_italic: "Galoitálicos"
 tuscan: "Toscanos"
 bardi_bank_culture: "Bardi"
 peruzzi_bank_culture: "Peruzzi"
 median: "Medianos"
 venetian: "Venecianos"
 arpitan: "Arpitanios"
 vivaro_alpine: "Alpinos"
 estonian: "Estonios"
 latvian: "Letones"
 liv: "Leopolienses"
 aukstaitian: "Altolituanos"
 cornish: "Córnicos"
 greek_culture: "Griegos"
 slovak: "Eslovacos"
 transylvanian: "Transilvanos"
 wallachian: "Valaquianos"
 moldovan: "Moldavos"
 aromanian: "Arrumanos"
 istroromanian: "Istrorrumanos"
 hungarian: "Húngaros"
 szekely_culture: "Sículos"
 chiyalik_culture: "Chiyalik"
 tamil: "Tamiles"
 malayali: "Malayali"
 kodaga: "Kodava"
 beary: "Byari"
 telugu: "Telugu"
 kannadiga: "Kannadiga"
 banjara: "Banjara"
 tuluva: "Tuluva"
 gond: "Gond"
 marathi_culture: "Marathi"
 konkani: "Konkani"
 gujarati: "Gujaratíes"
 malvi: "Malviya"
 nimadi: "Nimadi"
 khandeshi: "Khandesí"
 marwari: "Marwari"
 mewari: "Mewari"
 harauti: "Harauti"
 dhundhari: "Dhundhari"
 bagri: "Bagri"
 mewati: "Mewati"
 awadhi: "Awadhi"
 dehlavi: "Dehlavi"
 braji: "Braji"
 bundeli: "Bundeli"
 bagheli: "Bagheli"
 chhattisgarhi: "Chhattisgarhi"
 halbi: "Halbi"
 kannauji: "Kannauji"
 punjabi: "Punyabíes"
 kohistani: "Kohistani"
 chitrali: "Chitrali"
 burusho: "Burusho"
 sindhi: "Sindhi"
 bhil: "Bhil"
 bengali: "Bengalíes"
 magahi: "Magahi"
 kangri: "Kangri"
 kamarupi: "Kamarupi"
 orissan: "Odia"
 kumaoni: "Kumaoni"
 garhwali: "Garhwalíes"
 sinhalese: "Cingaleses"
 vedda: "Vedda"
 sapmi: "Sámi"
 croatian: "Croatas"
 serbian: "Serbios"
 bosnian: "Bosnios"
 albanian: "Albaneses"
 arvanite: "Arvanitas"
 dalmatian: "Dálmatas"
 bulgarian: "Búlgaros"
 slovene: "Eslovenos"
 sclavene: "Esclavenos"
 french: "Francien"
 catalan: "Catalanes"
 breton: "Bretones"
 gascon: "Gascones"
 norman: "Normandos"
 gallo: "Gallos"
 picard: "Picardos"
 champenais: "Champañeses"
 auvergnat: "Auvernios"
 languedocien: "Occitanos"
 franc_comtois: "Habitantes del Franco Condado"
 lorrain: "Loreneses"
 berrichon: "Berrichones"
 limousin: "Lemosinos"
 saintongeais: "Saintongeais"
 angevin: "Angevinos"
 poitevin: "Poitevinos"
 angrian: "Angrianos"
 german_baltic: "Alemanes bálticos"
 brandenburgish: "Brandeburgueses"
 eastern_pomeranian: "Pomeranios orientales"
 eastphalian: "Westfalianos orientales"
 holsatian: "Holsatianos"
 hanseatic: "Hanseáticos"
 lower_saxon: "Bajosajones"
 markish: "Marqueses"
 prussian: "Prusianos"
 western_pomeranian: "Pomeranios occidentales"
 westphalian: "Westfalianos"
 east_franconian: "Franconios orientales"
 german_carpathian: "Alemanes de los Cárpatos"
 german_silesian: "Alemanes silesios"
 german_transylvanian: "Alemanes transilvanos"
 low_franconian: "Habitantes de la Baja Franconia"
 moselle_franconian: "Franconios de Mosela"
 rhine_franconian: "Franconios del Rin"
 ripuarian_franconian: "Franconios ripuarios"
 saxon: "Sajones"
 danube_bavarian: "Bávaros del Danubio"
 high_alemannic: "Alemánicos alto"
 rhine_alemannic: "Alemánicos del Rin"
 southern_bavarian: "Bávaros del sur"
 swabian: "Suabos"
 upper_palatine: "Habitantes del Alto Palatinado"
 valencian: "Valencianos"
 aragonese: "Aragoneses"
 castilian: "Castellanos"
 burgundian: "Bourguignones"
 leonese: "Asturleoneses"
 portuguese: "Portugueses"
 galician: "Gallegos"
 andalusi: "Andalusíes"
 basque: "Vascos"
 walloon: "Valones"
 provencal: "Provenzales"
 novgorodian: "Novgorodianos"
 muscovite: "Moscovitas"
 ryazanian: "Ryazanian"
 taino_culture: "Taínos"
 macorix_culture: "Macorix"
 ciboney: "Ciboney"
 lucayo: "Lucayo"
 guanahatabey: "Guanahatabey"
 carib: "Kalinago"
 igneri: "Igneri"
 ciguayo_culture: "Ciguayo"
 mandean_culture: "Mandean"
 samaritan_culture: "Samaritanos"
 ashkenazi: "Asquenazíes"
 beyte_yisrael: "Beyte Yisrael"
 gurji: "Gurji"
 kalimi: "Kalīmī"
 mizrahi: "Mizrahi"
 mustaarabi: "Musta'ravi"
 sephardi: "Sefardíes"
 italki: "Italki"
 kochini: "Kochini"
 qayfengi: "Qāyfengi"
 romanyoti: "Romanyoti"
 teimani: "Teimani"
 moroccan: "Marroquíes"
 algerian: "Argelinos"
 tunisian: "Tunecinos"
 guanche: "Guanches"
 hassaniya: "Hassaniya"
 masmuda: "Masmuda"
 sanhaja: "Sanhaja"
 zenati: "Zenati"
 kabyle: "Kabyle"
 chaoui: "Chaoui"
 mozabite: "Mozabitos"
 tuareg: "Tuaregs"
 eastern_amazigh: "Amazig orientales"
 ruthenian: "Rutenos"
 cossack_culture: "Cosacos"
 polatskian_culture: "Polatskianos"
 smolenskian_culture: "Smolenskianos"
 polesian_culture: "Polesianos"
 volhynian_culture: "Volinios"
 halychian_culture: "Halychian"
 rusyn_culture: "Rusinos"
 messufa_culture: "Messufa"
 lamtuna_culture: "Lamtuna"
 godala_culture: "Godala"
 mandinka: "Mandinka"
 soninke: "Soninke"
 susu: "Susu"
 kpelle: "Kpelle"
 kono_cul: "Kono"
 dan: "Dan"
 dyula: "Dyula"
 wolof: "Wolof"
 serer: "Serer"
 jola: "Jola"
 manjak: "Manjak"
 balanta: "Balanta"
 fulbe: "Fulbe"
 tenda_culture: "Tenda"
 temne: "Temne"
 baga_culture: "Baga"
 sherbro: "Sherbro"
 bullom: "Bullom"
 kissi: "Kissi"
 gola: "Gola"
 senufo: "Senufo"
 western_kru: "Ku occidental"
 eastern_kru: "Ku oriental"
 mossi: "Mossi"
 mamprusi: "Mamprusi"
 dagbani: "Dagbani"
 tem: "Tem"
 kabiye: "Kabiye"
 bariba: "Bariba"
 gonja: "Gonja"
 akan: "Akan"
 ewe: "Ewe"
 ajan: "Ajan"
 fon: "Fon"
 yoruba: "Yoruba"
 edo: "Edo"
 igbo: "Igbo"
 igala: "Igala"
 ijaw: "Ijaw"
 bantoid: "Bantoid"
 benue: "Benue"
 nupe: "Nupe"
 idoma: "Idoma"
 gbari: "Gbari"
 hausa: "Hausa"
 afar_culture: "Afar"
 agaw_culture: "Agaw"
 amhara: "Amhara"
 beja_culture: "Beja"
 berta_culture: "Berta"
 burji_culture: "Burji"
 daju_culture: "Daju"
 dinka_culture: "Dinka"
 gedeo_culture: "Gedeo"
 gonga_culture: "Gonga"
 gumuz_culture: "Gumuz"
 gurage: "Gurage"
 funj_culture: "Funj"
 fur_culture: "Fur"
 hadiya_culture: "Hadiya"
 harla_culture: "Harla"
 kambaata_culture: "Kambaata"
 kunama_culture: "Kunama"
 nuba: "Nuba"
 nubian: "Nubios"
 nuer_culture: "Nuer"
 ometo_culture: "Ometo"
 omo_culture: "Omo"
 oromo_culture: "Oromo"
 anuak_culture: "Anuak"
 madi_culture: "Mà'dí"
 moru_culture: "Moru"
 zande_culture: "Zande"
 surma_culture: "Surma"
 seru_culture: "Seru"
 shilluk_culture: "Shilluk"
 sidama_culture: "Sidama"
 somali_culture: "Somalíes"
 sudanese_arab: "Árabes sudaneses"
 tigre: "Tigre"
 tigrinya: "Tigrinya"
 tunjur_culture: "Tunjur"
 lower_egyptian_culture: "Habitantes del Bajo Egipto"
 upper_egyptian_culture: "Habitantes del Alto Egipto"
 bedouin_culture: "Beduinos"
 libyan_arabic_culture: "Libaneses"
 toubou_culture: "Toubou"
 coptic_culture: "Coptic"
 yemeni_culture: "Yemenís"
 bena_culture: "Bena"
 chewa_culture: "Chewa"
 haya_culture: "Haya"
 luhya_culture: "Luhya"
 makhuwa_culture: "Makhuwa"
 matuumbi_culture: "Matuumbi"
 mbugu_culture: "Mbugu"
 nyamwezi_culture: "Nyamwezi"
 rutara_culture: "Rutara"
 rukwa_culture: "Rukwa"
 ruvu_culture: "Ruvu"
 rwanda_culture: "Ruandeses"
 sena_culture: "Sena"
 seuta_culture: "Seuta"
 shona_culture: "Shona"
 swahili_culture: "Suajilis"
 tsonga_culture: "Tsonga"
 tumbuka_culture: "Tumbuka"
 yao_culture: "Yao"
 kalenjin_culture: "Kalenjin"
 luo_culture: "Luo"
 luo_language: "Luo"
 maasai_culture: "Masáis"
 ongamo_culture: "Ongamo"
 tatoga_culture: "Tatoga"
 turkana_culture: "Turkana"
 dhaasanac_culture: "Dhaasanac"
 dahalo_culture: "Dahalo"
 rendille_culture: "Rendille"
 sandawe_culture: "Sandawe"
 hadza_culture: "Hadza"
 bezanozano_culture: "Bezanozano"
 betsimisaraka_culture: "Betsimisaraka"
 zafiraminia_culture: "Zafiraminia"
 antanosy_culture: "Antanosy"
 bara_culture: "Bara"
 sakalava_culture: "Sakalava"
 tanala_culture: "Tanala"
 vezo_culture: "Vezo"
 tsimihety_culture: "Tsimihety"
 tandroy_culture: "Tandroy"
 antankarana_culture: "Antankarana"
 mahafaly_culture: "Mahafaly"
 antambahoaka_culture: "Antambahoaka"
 antaisaka_culture: "Antaisaka"
 antaifasy_culture: "Antaifasy"
 betsileo_culture: "Betsileo"
 vazimba_culture: "Vazimba"
 sihanaka_culture: "Sihanaka"
 merina_culture: "Merina"
 malagasy_language: "Malgache"
 south_cushitic_culture: "Cushitas meridionales"
 bambara: "Bambara"
 bobo: "Bobo"
 dogon: "Dogón"
 songhai: "Songhai"
 gurunsi: "Gurunsi"
 gurma: "Gurma"
 kanembu_culture: "Kanembu"
 bilala_culture: "Bilala"
 runga_culture: "Runga"
 nyimang_culture: "Nyimang"
 twa_culture: "Twa"
 singa_culture: "Singa"
 masalit_culture: "Masalit"
 maba_africa_culture: "Maba"
 zaghawa_culture: "Zaghawa"
 shi_culture: "Shi"
 mandara_culture: "Mandara"
 somali_dialect: "Somalí"
 dahalo_dialect: "Dahalo"
 daasanach_dialect: "Daasanach"
 rendille_dialect: "Rendille"
 beja_language: "Beja"
 highland_cushitic_dialect: "Highland Cushitic"
 agaw_language: "Agaw"
 south_cushitic_language: "South Cushitic"
 afar_dialect: "Afar"
 otuho_culture: "Otuho"
 sao_culture: "Sao"
 sao_language: "Sao"
 baguirmi_culture: "Baguirmi"
 adamawa_culture: "Adamawa"
 armenian_culture: "Armenios"
 cappadocian_greek_culture: "Capadocios"
 georgian_culture: "Georgianos"
 kurdish_culture: "Kurdos"
 laz_culture: "Laz"
 mingrelian_culture: "Mingrelianos"
 pontic_greek_culture: "Pónticos"
 griko_culture: "Griko"
 svan_culture: "Svan"
 syriac_culture: "Siríacos"
 turkish_culture: "Turcos"
 turkmen_culture: "Turcomanos"
 turkoman_culture: "Turcómanos"
 alawite_culture: "Alawite"
 iraqi_culture: "Iraquíes"
 levantine_culture: "Levantinos"
 czech: "Checos"
 polish: "Polacos"
 silesian: "Silesios"
 jasz_culture: "Jasz"
 sorbian: "Sorbianos"
 polabian: "Polabianos"
 kashubian: "Kashubianos"
 moravian: "Moravianos"
 lesser_polish: "Polacos bajos"
 greater_polish: "Polacos altos"
 mazovian: "Mazovianos"
 samogitian: "Samogitios"
 pruthenian: "Prutenos"
 curonian: "Curonios"
 sudovian: "Sudovianos"
 severian: "Severianos"
 pomor: "Pomor"
 vepsian: "Vepsianos"
 votian: "Votianos"
 mansi_culture: "Mansi"
 ket_culture: "Ket"
 komi: "Komi"
 besermyan: "Besermyan"
 udmurt: "Udmurt"
 astrakhani: "Astracanos"
 bashkir: "Bashkiria"
 crimean: "Crimeos"
 cuman_culture: "Cumanos"
 kazani: "Kazaneses"
 mishar: "Mishar"
 nogai: "Nogai"
 siberian: "Siberianos"
 nenets_culture: "Nenets"
 khanty_culture: "Khanty"
 selkup_culture: "Selkup"
 enets_culture: "Enets"
 chukchi_culture: "Chukchi"
 kerek_culture: "Kerek"
 chuvan_culture: "Chuvan"
 koryak_culture: "Koriakos"
 alyutor_culture: "Alyutor"
 itelmen_culture: "Itelmen"
 yukaghir_culture: "Yukaghir"
 mari_culture: "Mari"
 merya_culture: "Merya"
 nganasan_culture: "Nganasan"
 even_culture: "Even"
 moksha_culture: "Moksha"
 erzya_culture: "Erzya"
 meschera_culture: "Meschera"
 chuvash_culture: "Chuvash"
 bolghar_culture: "Bolghar"
 sakha_culture: "Sakha"
 soyot_culture: "Soyot"
 khakas_culture: "Khakas"
 telengit_culture: "Telengit"
 teleut_culture: "Teleut"
 chelkans_culture: "Chelkana"
 kumandin_culture: "Kumandina"
 tubalar_culture: "Tubalar"
 shor_culture: "Shor"
 yerle_qaliq_culture: "Yerle Qalıq"
 #Langauge Families
 celtic_language_family: "Celta"
 romance_language_family: "Romance"
 germanic_language_family: "Germánico"
 iranic_language_family: "Iranio"
 dravidian_language_family: "Dravídico"
 tibetic_language_family: "Tibetano"
 indic_language_family: "Índico"
 austroasiatic_language_family: "Austroasiático"
 slavic_language_family: "Eslavo"
 semitic_language_family: "Semita"
 uralic_language_family: "Urálico"
 turkic_language_family: "Túrquico"
 chinese_language_family: "Chino"
 tai_language_family: "Tai"
 philippine_language_family: "Filipino"
 bornean_language_family: "Borneano"
 moluccan_language_family: "Moluco"
 barito_language_family: "Barito"
 sal_language_family: "Sal"
 burmic_language_family: "Burmic"
 chadic_language_family: "Chadic"
 tungusic_language_family: "Tungusic"
 cushitic_language_family: "Cushitic"
 south_semitic_language_family: "South Semitic"
 nilotic_language_family: "Nilotic"
 eastern_sudanic_language_family: "Eastern Sudanic"
 central_sudanic_language_family: "Central Sudanic"
 saharan_language_family: "Saharan"
 atlantic_language_family: "Atlantic"
 north_volta_language_family: "North Volta"
 south_volta_language_family: "South Volta"
 bantu_language_family: "Bantu"
 chontal_language_family: "Chontal"
 otomanguean_language_family: "Otomanguean"
 northern_yutonahua_language_family: "Northern Yutonahua"
 southern_yutonahua_language_family: "Southern Yutonahua"
 arawakan_language_family: "Arawakan"
 cariban_language_family: "Caribe"
 eastern_algonquian_language_family: "Eastern Algonquian"
 central_algonquian_language_family: "Central Algonquian"
 plains_algonquian_language_family: "Plains Algonquian"
 iroquoian_language_family: "Iroquoian"
 siouan_language_family: "Siouan"
 muskogean_language_family: "Muskogean"
 eskaleut_language_family: "Eskaleut"
 japonic_language_family: "Japonic"
 halmaheran_guinean_language_family: "Halhaheran-Guinean"
 trans_new_guinea_language_family: "Trans-New Guinea"
 oceanic_language_family: "Oceanic"
 binanderean_language_family: "Binanderean"
 papuan_gulf_language_family: "Papuan Gulf"
 trans_fly_language_family: "Trans-Fly"
 polynesian_language_family: "Polynesian"
 vanuatu_language_family: "Vanuatu"
 micronesian_language_family: "Micronesian"
 solomonic_language_family: "Solomonic"
 #Languages
 scandinavian_language: "Escandinavo"
 swedish_dialect: "Sueco"
 danish_dialect: "Danés"
 icelandic_dialect: "Islandés"
 norwegian_dialect: "Noruego"
 latin_language: "Latín"
 frisian_language: "Frisón"
 central_german_dialect: "Alemán medio"
 english_language: "Inglés"
 english_dialect: "Sureño"
 scots_dialect: "Escoto"
 northumbrian_dialect: "Norteño"
 hiberno_english_dialect: "Hibernoinglés"
 brythonic_language: "Britónico"
 breton_dialect: "Bretón"
 welsh_dialect: "Galés"
 gaelic_language: "Gaélico"
 scottish_gaelic_dialect: "Escocés"
 irish_dialect: "Irlandés"
 maori_language: "Te Reo Māori"
 greek_language: "Griego"
 hungarian_language: "Húngaro"
 romanian_language: "Rumano"
 kashmiri_language: "Cachemir"
 nepali_language: "Nepalí"
 pahari_language: "Paharí"
 khandeshi_language: "Khandesí"
 bhili_language: "Bhili"
 dakhni_language: "Dakhni"
 rajasthani_language: "Rajastaní"
 malvi_language: "Malviya"
 sindhi_language: "Sindhi"
 punjabi_language: "Punyabí"
 sinhala_language: "Sinhala"
 marathi_language: "Marathi"
 oriya_language: "Oriya"
 kamarupi_language: "Kamarupi"
 bengali_language: "Bengalí"
 bihari_language: "Biharí"
 hindustani_language: "Indostaní"
 gujarati_language: "Gujaratí"
 brahui_language: "Brahui"
 kannada_language: "Canarés"
 gondi_language: "Gondi"
 malayalam_language: "Malayalam"
 telugu_language: "Telugu"
 tamil_language: "Tamiles"
 north_italian_language: "Galoitálico"
 piedmontese_dialect: "Piamontés"
 venetian_dialect: "Veneciano"
 lombard_dialect: "Lombardo"
 ligurian_dialect: "Ligur"
 emilian_dialect: "Emiliano"
 rhaetian_dialect: "Rhaetiano"
 south_italian_language: "Italiano"
 tuscan_dialect: "Toscano"
 sicilian_dialect: "Siciliano"
 neapolitan_dialect: "Napolitano"
 median_dialect: "Mediano"
 sardinian_dialect: "Sardo"
 dalmatian_dialect: "Dálmata"
 occitan_language: "Occitano"
 occitan_dialect: "Occitano"
 gascon_dialect: "Gascón"
 catalan_dialect: "Catalán"
 spanish_language: "Español"
 aragonese_dialect: "Aragonés"
 castilian_dialect: "Castellano"
 ladino_dialect: "Ladino"
 leonese_dialect: "Leonés"
 french_language: "Francés"
 french_dialect: "Francés"
 norman_dialect: "Normando"
 burgundian_dialect: "Borgoñés"
 angevin_dialect: "Armoricano"
 francique_dialect: "Francique"
 poitevin_dialect: "Poitevino"
 arpitan_dialect: "Arpitano"
 basque_language: "$basque$"
 portuguese_language: "Portugués"
 galician_dialect: "Gallego"
 portuguese_dialect: "Portugués"
 german_language: "Alemán"
 low_german_dialect: "Alemán bajo"
 upper_german_dialect: "Alemán alto"
 alemannic_dialect: "Alemánico"
 yiddish_dialect: "Judeoalemán"
 dutch_dialect: "Neerlandés"
 albanian_language: "Albanés"
 finnish_language: "Finobáltico"
 finnish_dialect: "Finés"
 estonian_dialect: "Estonio"
 sami_language: "Sámi"
 arabic_language: "Árabe"
 maghrebi_dialect: "Maghrebi"
 egyptian_dialect: "Egyptian"
 iraqi_dialect: "Iraqi"
 levantine_dialect: "Levantine"
 peninsular_dialect: "Peninsular Arabic"
 classical_arabic_dialect: "Classical Arabic"
 maltese_dialect: "Maltés"
 serbo_croatian_language: "Sudeslavo"
 serbian_dialect: "Shtokavo"
 croatian_dialect: "Croata"
 slovene_dialect: "$slovene$"
 bulgarian_language: "Búlgaro"
 church_slavonic_language: "Eslavo eclesial"
 ta_arawakan_language: "Arahuaco"
 taino_language: "Tainonaiki"
 haliti_language: "Haliti"
 ciguayo_language: "Ciguayo"
 bare_language: "Barawana"
 manaos_language: "Manao"
 baure_language: "Baure"
 yuracare_language: "Yuracaré"
 cariban_language: "Caribe"
 kuikuro_language: "Kuikúro"
 enepas_language: "E'ñapa woromaipu"
 pemon_language: "Pemón"
 yukpa_language: "Yukpa"
 cumanagoto_language: "Itoto majun"
 tamazight_language: "Tamazight"
 mande_language: "Mande"
 senegambian_language: "Senegambiano"
 mel_language: "Mel"
 senufo_language: "Senufo"
 kru_language: "Kru"
 gur_language: "Gur"
 kwa_language: "Kwa"
 nigerian_language: "Nigeriano"
 bantoid_language: "Bantoid"
 bassa_language: "Bassa"
 tsogo_language: "Tsogo"
 bangi_language: "Bangi"
 lega_language: "Lega"
 kongo_language: "Kongo"
 rwanda_language: "Rwanda"
 nyamwezi_language: "Nyamwezi"
 swahili_language: "Swahili"
 chokwe_language: "Chokwe"
 luba_language: "Luba"
 rukwa_language: "Rukwa"
 nyasa_language: "Nyasa"
 rufiji_ruvuma_language: "Rufiji-Ruvuma"
 kavango_language: "Kavango"
 sintu_language: "Sintu"
 shona_dialect: "Shona"
 makhuwa_dialect: "Makhuwa"
 nguni_dialect: "Nguni"
 sotho_dialect: "Sotho"
 tswa_ronga_dialect: "Tswa-Ronga"
 hausa_language: "Hausa"
 daju_language: "Daju"
 nubian_language: "Nubian"
 ethiopic_language: "Etíope"
 north_ethiopic_language: "North Ethiopic"
 geez_language: "Ge'ez"
 south_arabic_language: "South Arabic"
 east_cushitic_language: "East Cushitic"
 dinka_language: "Dinka"
 katla_culture: "Katla"
 kadu_culture: "Kadu"
 lugbara_culture: "Lugbara"
 kordofan_language: "Kordofan"
 saharan_language: "Sáhara"
 songhai_language: "Songhai"
 kipchak_language: "Kipchak"
 dogon_language: "Dogón"
 adamawa_language: "Adamawa"
 baltic_language: "Báltico"
 latvian_dialect: "Letón"
 lithuanian_dialect: "Lituano"
 western_baltic_dialect: "Báltico occidental"
 armenian_language: "Armenio"
 georgian_language: "Georgiano"
 turkish_language: "Oghuz"
 turkish_dialect: "$turkish_culture$"
 azeri_dialect: "$azeri_culture$"
 turkmen_dialect: "$turkmen_culture$"
 aramaic_language: "Arameo"
 kurdish_language: "Kurdo"
 korean_culture: "Coreanos"
 korean_language: "Coreano"
 tamna_culture: "Tamna"
 saigoku_culture: "Saigoku"
 tougoku_culture: "Tōgoku"
 touhoku_culture: "Tōhoku"
 kyushu_culture: "Kyushu"
 japanese_language: "Japonés"
 ainu_culture: "Ainu"
 ainu_language: "Ainu"
 ryukyu_culture: "Ryūkyū"
 ryukyu_language: "Ryūkyū"
 jurchen_culture: "Yurchen"
 jurchen_language: "Yurchen"
 west_slavic_language: "Lequítico"
 czechslovak_language: "Checoslovaco"
 czech_dialect: "Checo"
 kashubian_dialect: "Kashubiano"
 polabian_dialect: "Polabiano"
 polish_dialect: "Polaco"
 silesian_dialect: "Silesio"
 slovak_dialect: "Eslovaco"
 sorbian_dialect: "Sorbiano"
 east_slavic_language: "Ruso"
 ruthenian_language: "Ruteno"
 russian_dialect: "Ruso"
 novgorodian_dialect: "Novgorodiano"
 ukrainian_dialect: "Ucraniano"
 belarusian_dialect: "Bielorruso"
 purepecha_culture: "Purepecha"
 purepecha_language: "Purepecha"
 nahua_culture: "Nahua"
 tolimec_culture: "Tolimec"
 pochutec_culture: "Pochutec"
 teco_culture: "Teco"
 nahuatl_language: "Náhuatl"
 otomanguean_culture: "Otomangue"
 matlatzinca_culture: "Matlatzinca"
 mephaa_culture: "Me'phaa"
 cuitlatec_culture: "Cuitlatecos"
 cuitlatec_language: "Cuitlateco"
 otopamean_language: "Otopamean"
 popoloca_culture: "Popoloca"
 mixe_culture: "Mixe"
 amuzgo_culture: "Amuzgo"
 eastern_otomanguean_language: "Otomangue oriental"
 mixtec_culture: "Ñuu Savi"
 zapotec_culture: "Zapoteca"
 totonac_culture: "Tutunakú"
 huastec_culture: "Téenek"
 tlaxcaltec_culture: "Tlaxcalteca"
 tlaxcaltec_language: "Tlaxcalteca"
 pame_culture: "Xi'oi"
 tonala_culture: "Tonalá"
 tepecan_culture: "Tepehuán"
 caxcan_culture: "Caxcán"
 zacatecah_culture: "Zacatecas"
 guamar_culture: "Guamar"
 sauzas_culture: "Sauzas"
 guachichil_culture: "Cuachíchitl"
 iztachichimecah_culture: "Iztachichimeca"
 tepiman_language: "Tepiman"
 tarahumaran_language: "Tarahumaran"
 cahita_language: "Cahita"
 opata_language: "Opata"
 corachol_language: "Corachol"
 mandarin_language: "Mandarín"
 mandarin_language_desc: "El mandarín es el idioma $chinese_language_family$ más extendido de toda China"
 northern_mandarin_dialect: "Mandarín septentrional"
 southern_mandarin_dialect: "Mandarín meridional"
 shu_language: "Shǔ" #蜀
 xiang_language: "Xiāng" #新湘
 gan_language: "Gàn" #贛
 ping_language: "Píng" #平
 yue_language: "Yuè" #粵
 min_language: "Mǐn" #闽
 wu_language: "Wú" #吳
 huizhou_language: "Huīzhōu" #徽州
 kejia_language: "Kèjiā" #客家
 jin_language: "Jìn" #晋
 classical_chinese_language: "Chino clásico"
 hui_muslim_culture: "Huí"
 yan_culture: "Yān" #燕
 jilu_culture: "Jìlǔ" #冀魯
 jiaodong_culture: "Jiāodōng" #胶东
 liaodong_culture: "Liáodōng" #辽东
 zhongyuan_culture: "Zhōngyuán" #中原
 liang_culture: "Liáng" #涼
 huaihai_culture: "Huáihǎi" #淮海
 qin_culture: "Qín" #秦
 jianghuai_culture: "Jiānghuái" #江淮
 tongtai_culture: "Tōngtài" #通泰
 chu_culture: "Chǔ" #楚
 changde_culture: "Chángdé" #常德
 shu_culture: "Shǔ" #蜀
 jin_culture: "Jìn" #晋
 wu_culture: "Wú" #吳
 yue_wu_culture: "Yuè" #越
 xuanzhou_culture: "Xuānzhōu" #宣州
 wuzhou_culture: "Wùzhōu" #婺州
 quzhou_culture: "Qúzhōu" #衢州
 chuzhou_culture: "Chúzhōu" #滁州
 jiangshan_culture: "Jiāngshān" #江山
 taizhou_wu_culture: "Táizhōu" #台州
 ouhai_culture: "Ōuhǎi" #瓯海
 tunxi_culture: "Túnxī" #屯溪
 jixi_culture: "Jìxī" #绩溪
 qiwu_culture: "Qíwù" #祁婺
 xinxiang_culture: "Xīnxiāng" #新湘
 laoxiang_culture: "Lǎoxiāng" #老湘
 xianxi_culture: "Xiāngxī" #湘西
 yongzhou_culture: "Yǒngzhōu" #永州
 hengzhou_culture: "Héngzhōu" #衡州
 waxiang_culture: "Wǎxiāng" #瓦乡
 gan_culture: "Gàn" #贛
 kejia_culture: "Kèjiā" #客家
 huizhou_hakka_culture: "Huìzhōu" #惠州
 dongjiang_culture: "Dōngjiāng" #東江
 fuzhou_culture: "Fúzhōu" #福州
 funing_culture: "Fúníng" #福宁
 manjiang_culture: "Mánjiǎng" #蛮讲
 xinghua_culture: "Xīnghuà" #兴化
 minnan_culture: "Mǐnnán" #闽南
 chaozhou_culture: "Cháozhōu" #潮州
 fulao_culture: "Fúlǎo" #福佬
 leizhou_culture: "Léizhōu" #雷州
 qiong_culture: "Qióng" #琼
 cunhua_culture: "Cūnhuà" #村话
 jianning_culture: "Jiànníng" #建宁
 yuehai_culture: "Yuèhǎi" #粵海
 xinhui_culture: "Xīnhuì" #新会
 malao_culture: "Málǎo" #麻佬
 huazhou_culture: "Huàzhōu" #化州
 gaozhou_culture: "Gāozhōu" #高州
 wuchuan_culture: "Wúchuān" #吴川
 yangjiang_culture: "Yángjiāng" #阳江
 guangxin_culture: "Guǎngxìn" #广信
 tubai_culture: "Tǔbái" #土白
 yulin_culture: "Yùlín" #郁林
 danzhou_culture: "Dānzhōu" #儋州
 mai_culture_culture: "Mài" #迈
 guibei_culture: "Guìběi" #桂北
 guinan_culture: "Guìnán" #桂南
 mongolian_culture: "Mongoles"
 mongolian_language: "Mongol"
 formosan_language: "Formosano"
 formosan_culture: "Formosanos"
 tai_language: "Tai"
 thai_dialect: "Tailandés"
 shan_dialect: "Shan"
 lao_dialect: "Lao"
 dai_dialect: "Dai"
 zhuang_language: "Zhuang"
 kra_language: "Kra"
 kam_language: "Kam"
 hlai_language: "Hlai"
 palaungic_language: "Palaungic"
 khmu_language: "Khmu"
 kachinic_language: "Kachinico"
 karenic_language: "Karénico"
 bahnaric_language: "Bahnarico"
 katuic_language: "Katuico"
 aslian_language: "Aslian"
 zhuang_culture: "Zhuang"
 hmong_language: "Hmong"
 hmong_culture: "Hmong"
 kado_culture: "Kado"
 yao_china_culture: "Yáo"
 lawa_culture: "Lawa"
 burmese_language: "Birmano"
 burmese_culture: "Birmanos"
 danu_culture: "Danu"
 yi_culture: "Yi"
 yi_language: "Yi"
 tujia_culture: "Tujia"
 tujia_language: "Tujia"
 tibetan_language: "Tibetano"
 utsang_culture: "Ü-Tsang"
 khampa_culture: "Khampa"
 amdowa_culture: "Amdowa"
 dai_culture: "Dai"
 bai_culture: "Bai"
 uyghur_culture: "Uyghur"
 karluk_language: "Karluk"
 turkic_language: "Túrquico siberiano"
 kam_culture: "Kam"
 hani_culture: "Hani"
 hlai_culture: "Hlai"
 she_culture: "She"
 lisu_culture: "Lisu"
 sarta_culture: "Sarta"
 gelao_culture: "Gelao"
 bo_culture: "Bo"
 lahu_culture: "Lahu"
 wa_culture: "Wa"
 khmer_language: "Jemer"
 khmer_culture: "Jemeres"
 sui_culture: "Sui"
 nashi_culture: "Nashi"
 rma_culture: "Rma"
 qiangic_language: "Qiangico"
 bai_language: "Bai"
 gyalrong_culture: "Gyalrong"
 mi_niah_culture: "Mi-Niah"
 monguor_culture: "Monguor"
 mulam_culture: "Mulam"
 sibe_culture: "Sibe"
 kyrgyz_culture: "Kirguiza"
 jingpo_culture: "Jingpo"
 salar_culture: "Salar"
 blang_culture: "Blang"
 maonan_culture: "Culto maonan"
 pumi_culture: "Pumi"
 ngacang_culture: "Ngac'ang"
 nu_culture: "Nu"
 jino_culture: "Jino"
 palaung_culture: "Palaung"
 bonan_culture: "Bonan"
 yugur_culture: "Yugur"
 derung_culture: "Derung"
 hokan_language: "Hokano"
 tanoan_language: "Tanoan"
 zuni_language: "Zuni"
 keres_language: "Keres"
 nadene_language: "Na-dené"
 coahuilteco_language: "Coahuilteco"
 caddoan_language: "Caddo"
 tonkawa_language: "Tonkawa"
 atakapa_language: "Atakapa"
 chitimacha_language: "Sitimaxa"
 acaxee_culture: "Acaxee"
 cochimi_culture: "Cochimí"
 cocopa_culture: "Xawiƚƚ Kwñchawaay"
 piipaash_culture: "Piipaash"
 quechan_culture: "Kwatsáan"
 xalychidom_culture: "Xalychidom"
 mohave_culture: "'Aha Makhav"
 guaicura_culture: "Guaicura"
 guarijio_culture: "Macurawe"
 naayeri_culture: "Náayeri"
 chiapanec_culture: "Chiapanec"
 huichol_culture: "Wixárikas"
 kiliwa_culture: "Ko'leew"
 kumiai_culture: "Kumeyaay"
 mayo_culture: "Yoreme"
 mongui_culture: "Mongui"
 opata_culture: "Opata"
 hohokam_culture: "Hohokam"
 paipai_culture: "Paipai"
 pericu_culture: "Pericu"
 pima_culture: "Pima"
 seri_culture: "Comcaac"
 raramuri_culture: "Raramuri"
 yaqui_culture: "Yaqui"
 tapachultec_culture: "Tapachultec"
 yavapai_culture: "Yavapai"
 hualapai_culture: "Hualapai"
 hopi_culture: "Hopi"
 poqom_culture: "Poqom"
 mache_culture: "Manche Ch'ol"
 zuni_culture: "Zuni"
 keres_culture: "Keres"
 tanoan_culture: "Tanoan"
 totorame_culture: "Totorame"
 xixime_culture: "Xixime"
 tahue_culture: "Tahue"
 guasave_culture: "Guasave"
 tepehuan_culture: "O'dam"
 yoli_culture: "Yoli"
 xumani_culture: "Xumani"
 toboso_culture: "Toboso"
 irritila_culture: "Irritila"
 coahuilteco_culture: "Coahuiltecos"
 tamauliteco_culture: "Tamaulitecos"
 quasmigdo_culture: "Quasmigdo"
 caddo_culture: "Caddo"
 kitsai_culture: "K'itaish"
 karankawa_culture: "Karankawa"
 comecrudo_culture: "Esto'k Gna"
 atakapa_culture: "Ishak"
 ancestral_pueblo_culture: "Hisatsinom"
 sherpa_culture: "Sherpa"
 ladakh_culture: "Ladakh"
 kashmiri_culture: "Cachemires"
 baima_culture: "Baima"
 monpa_culture: "Monpa"
 changpa_culture: "Changpa"
 oirat_culture: "Oirat"
 mishmi_culture: "Mishmi"
 tani_culture: "Tani"
 tebbu_culture: "Tebbu"
 ngalop_culture: "Ngalop"
 kirati_culture: "Kirati"
 sikkim_culture: "Sikkimese"
 chakma_culture: "Chakma"
 nivkh_culture: "Nivkh"
 nivkh_language: "Nivkh"
 evenk_culture: "Evenk"
 evenk_language: "Evenk"
 nanai_culture: "Nanai"
 nanai_language: "Nanai"
 oroqen_culture: "Oroqen"
 daur_culture: "Daur"
 ulch_culture: "Ulch"
 oroch_culture: "Oroch"
 udege_culture: "Udege"
 udege_language: "Udege"
 buryat_culture: "Buryat"
 kharchin_culture: "Kharchin"
 tumed_culture: "Tümed"
 tuvan_culture: "Tuvan"
 solon_culture: "Solon"
 cueva_culture: "Cueva"
 guna_culture: "Guna"
 huetar_culture: "Huetar"
 tises_culture: "Tises"
 katapas_culture: "Katapas"
 botos_culture: "Botos"
 rama_culture: "Rama"
 ulwas_culture: "Ulwas"
 miskito_culture: "Miskito"
 kukra_culture: "Kukra"
 mayangna_culture: "Mayangna"
 pech_culture: "Pech"
 matagalpa_culture: "Matagalpa"
 maleku_culture: "Maleku"
 ngabe_culture: "Ngabe"
 naso_culture: "Naso"
 cabecar_culture: "Cabecar"
 nicarao_culture: "Nicarao"
 boruca_culture: "Boruca"
 chorotega_culture: "Chorotega"
 xinka_culture: "Xinka"
 pipil_culture: "Pipil"
 lenca_culture: "Lenca"
 tolupan_culture: "Tolupan"
 toltec_culture: "Toltecas"
 ikoot_culture: "Ikoot"
 zoque_culture: "Zoque"
 qeqchi_culture: "Qeqchi"
 chorti_culture: "Chorti"
 chontal_culture: "Yoko t'aanob"
 kaqchikel_culture: "Kaqchikel"
 mam_culture: "Mam"
 itza_culture: "Itzá"
 putun_culture: "Putun"
 kowoj_culture: "Kowoj"
 mopan_culture: "Mopán"
 chol_culture: "Ch'ol"
 tojolabal_culture: "Tojolabal"
 tzutujil_culture: "Tzutujil"
 qanjobal_culture: "Q'anjob'al"
 kiche_culture: "K'iche'"
 yucatec_culture: "Maaya"
 toquegua_culture: "Toquegua"
 tzeltal_culture: "Winik Atel"
 tzotzil_culture: "Sotz'leb"
 chibchan_language: "Chibchana"
 misumalpan_language: "Misumalpan"
 xinka_language: "Xinka"
 maya_language: "Maya"
 chontal_language: "Chontal"
 totozoquean_language: "Totozoqueano"
 arawak_culture: "Arawak"
 achagua_culture: "Achagua"
 wayuu_culture: "Wayuu"
 waunana_culture: "Waunana"
 guahibo_culture: "Sikuani"
 guahibo_language: "Guahibo"
 guayupe_culture: "Guayupe"
 caquetio_culture: "Caquetio"
 cumanagoto_culture: "Cumanagoto"
 sinu_culture: "Zenu"
 sinu_language: "Zenu"
 warao_culture: "Warao"
 warao_language: "Warao"
 tayrona_culture: "Tayrona"
 tayrona_language: "Tayrona"
 pemon_culture: "Pemon"
 karapana_culture: "Karapanã"
 cuicas_culture: "Cuicas"
 cuicas_language: "Cuicas"
 tatuy_culture: "Tatuy"
 timoto_language: "Timoto"
 muisca_culture: "Muisca"
 quimbaya_culture: "Quimbaya"
 kuiba_culture: "Kuiba"
 ayamanes_culture: "Ayamanes"
 jirajaran_culture: "Jirajaran"
 jirajaran_language: "Jirajaran"
 chitarero_culture: "Chitarero"
 uwa_culture: "U'wa"
 yarigui_culture: "Yariguí"
 panche_culture: "Panche"
 panche_language: "Panche"
 muzo_culture: "Muzo"
 tahami_culture: "Tahami"
 nutabe_culture: "Nutabe"
 malibu_culture: "Malibu"
 malibu_language: "Malibu"
 pijao_culture: "Pijao"
 pijao_language: "Pijao"
 sutagao_culture: "Sutagao"
 tama_culture: "Tama"
 timanae_culture: "Timanae"
 embera_culture: "Emberá"
 calima_culture: "Calima"
 calima_language: "Calima"
 awa_culture: "Awa"
 barbakoan_culture: "Barbakoanos"
 barbakoan_language: "Barbakoano"
 pasto_culture: "Pasto"
 andaqui_culture: "Andaqui"
 inga_culture: "Inga"
 puben_culture: "Puben"
 uitoto_culture: "Uitoto"
 guayabe_culture: "Guayabe"
 chaima_culture: "Chaima"
 yukpa_culture: "Yukpa"
 ette_ennaka_culture: "Ette ennaka"
 wapishana_culture: "Wapishana"
 guaribes_culture: "Guaribes"
 tumaco_culture: "Tumaco"
 pume_culture: "Pume"
 pume_language: "Pume"
 enepas_culture: "E'ñepás"
 tucanoan_language: "Tucanoano"
 quechuan_language: "Quechua"
 choco_language: "Choco"
 bora_huitoto_language: "Bora-Huitoto"
 cacan_language: "Cacano"
 aymara_language: "Aymara"
 ckunsa_language: "Kunza"
 lule_language: "Lule"
 pukina_language: "Pukina"
 muchik_language: "Muchik"
 quingnam_language: "Quingnam"
 culli_language: "Culli"
 panzaleo_language: "Panzaleo"
 bagua_language: "Bagua"
 chicham_language: "Chicham"
 atallan_language: "Atallan"
 chono_language: "Chono"
 napuruna_language: "Runashimi"
 aingae_language: "A'ingae"
 kayambi_language: "Kayambi"
 atacame_language: "Atacame"
 kuikuro_culture: "Kuikuro"
 marajo_culture: "Marajo"
 wapaji_culture: "Wajãpi"
 tupinamba_culture: "Tupinamba"
 tupiniquim_culture: "Tupiniquim"
 kanhgag_culture: "Kanhgag"
 ava_culture: "Ava"
 potiguara_culture: "Potiguara"
 awa_brazil_culture: "Guajá"
 awa_canoeiro_culture: "Ãwa"
 kren_culture: "Kren"
 anambe_culture: "Anambe"
 awaete_culture: "Awaete"
 timbira_culture: "Timbira"
 iny_culture: "Iny"
 ukaragma_culture: "Ukaragma"
 wuyjuyu_culture: "Wuyjuyu"
 kambeba_culture: "Kambeba"
 miranha_culture: "Miranha"
 kinja_culture: "Waimiri Atroari"
 akwe_culture: "Akwê"
 apyawa_culture: "Apyãwa"
 panara_culture: "Panara"
 kajkwakratxi_culture: "Kajkwakratxi"
 kawaiwete_culture: "Kawaiwete"
 ikpeng_culture: "Ikpeng"
 rikbaktsa_culture: "Rikbaktsa"
 apiaka_culture: "Apiaka"
 haliti_culture: "Haliti"
 balotipone_culture: "Balotipone"
 guato_culture: "Guato"
 boe_culture: "Boe"
 mebengokre_culture: "Mebengokre"
 kaxixo_culture: "Kaxixo"
 maxakali_culture: "Maxakali"
 kiriri_culture: "Kiriri"
 xoco_culture: "Xoco"
 pankararu_culture: "Pankararu"
 tumbalala_culture: "Tumbalala"
 pankara_culture: "Pankara"
 atikum_culture: "Atikum"
 tabajara_culture: "Tabajara"
 kaninde_culture: "Kaninde"
 pitaguary_culture: "Pitaguary"
 ofaie_culture: "Ofaie"
 terena_culture: "Terena"
 guaikuru_culture: "Guaikuru"
 nambikwara_culture: "Nambikwara"
 manoki_culture: "Manoki"
 guarasugwe_culture: "Guarasugwe"
 makurap_culture: "Makurap"
 purubora_culture: "Purubora"
 wajuru_culture: "Wajuru"
 kagwahiva_culture: "Kagwahiva"
 txapakura_culture: "Txapakura"
 towa_panka_culture: "Towa panka"
 kura_culture: "Kura"
 djeoromitxi_culture: "Djeoromitxi"
 yjxa_culture: "Yjxa"
 kaxarari_culture: "Kaxarari"
 paiter_culture: "Paiter"
 aikana_culture: "Aikana"
 kwaza_culture: "Kwaza"
 enawene_nawe_culture: "Enawene Nawe"
 laklano_culture: "Laklano"
 puri_culture: "Puri"
 xeta_culture: "Xeta"
 kaapor_culture: "Kaapor"
 tapajo_culture: "Tapajo"
 tenetehara_culture: "Tenetehara"
 zoe_culture: "Zo'é"
 waiwai_culture: "Waiwai"
 satere_mawe_culture: "Satere Mawe"
 manaos_culture: "Manaos"
 bare_culture: "Bare"
 mura_culture: "Mura"
 arua_culture: "Arua"
 tremembe_culture: "Tremembe"
 tarairiu_culture: "Tarairiu"
 kaete_culture: "Kaete"
 fulnio_culture: "Fulni-ô"
 kambiwa_culture: "Kambiwa"
 truka_culture: "Truka"
 coremas_culture: "Coremas"
 pegas_culture: "Pegas"
 guaitaka_culture: "Guaîtaká"
 charrua_culture: "Charrua"
 catagua_culture: "Catagua"
 tupi_language: "Tupí-guaraní"
 macro_je_language: "Jê"
 mataco_guaicuru_language: "Mataco-guaicurú"
 nambikwara_language: "Nambikwara"
 manoki_language: "Manoki"
 txapakura_language: "Txapakura"
 pano_language: "Pano"
 aikana_language: "Aikaná"
 kwaza_language: "Kwaza"
 mura_language: "Bohurá"
 tarairiu_language: "Tarairiú"
 kambiwa_language: "Kambiwa"
 truka_language: "Truka"
 nenets_language: "Nenets"
 mordvinic_language: "Mordvino"
 mari_language: "Mari"
 permic_language: "Pérmico"
 ugrian_language: "Ob-Ugrian"
 yeniseian_language: "Yeniseiano"
 tartar_language: "Tatar"
 cham_language: "Cham"
 cham_culture: "Cham"
 vietnamese_language: "Vietnamita"
 vietnamese_culture: "Vietnamitas"
 mon_language: "Mon"
 mon_culture: "Mon"
 malay_language: "Malayo"
 malay_culture: "Malayos"
 malay_dialect: "Malayo"
 minangkabau_dialect: "Minangkabau"
 lampung_language: "Lampung"
 iban_dialect: "Iban"
 banjarese_dialect: "Banjarés"
 kutai_dialect: "Kutai"
 thai_culture: "Tailandeses"
 dambro_culture: "Dambro"
 khon_muang_culture: "Khon Muang"
 rakhine_culture: "Rakhine"
 lao_culture: "Lao"
 tai_long_culture: "Tai Long"
 tai_nua_culture: "Tai Nüa"
 tai_lu_culture: "Tai Lü"
 karen_culture: "Karen"
 muong_culture: "Muong"
 orang_asli_culture: "Orang Asli"
 zo_culture: "Zo"
 bahnar_culture: "Bahnar"
 sedang_culture: "Sedang"
 bru_culture: "Bru"
 kuy_culture: "Kuy"
 khmu_culture: "Khmu"
 nicobarese_culture: "Nicobareses"
 nicobarese_language: "Nicobarés"
 andamanese_culture: "Andamaneses"
 andamanese_language: "Andamanés"
 naga_culture: "Naga"
 meitei_culture: "Meitei"
 meitei_language: "Meitei"
 degar_culture: "Degar"
 pali_language: "Pāli"
 taontaenrat_culture: "Taontaenrat"
 attignawantan_culture: "Attignawantan"
 arendaronon_culture: "Arendaronon"
 attigneenongnahac_culture: "Attigneenongnahac"
 ataronchronon_culture: "Ataronchronon"
 aondironon_culture: "Aondironon"
 onghniaahra_culture: "Onghniaahra"
 tionontate_culture: "Tionontate"
 osheaga_culture: "Osheaga"
 maisouna_culture: "Maisouna"
 stadaconan_culture: "Stadaconan"
 mikmaq_culture: "Lnu"
 wolastoqiyik_culture: "Wolastoqiyik"
 eastern_abenaki_culture: "Abenaki oriental"
 western_abenaki_culture: "Abenaki occidental"
 innu_culture: "Innu"
 ilnu_culture: "Ilnu"
 naskapi_culture: "Naskapi"
 beothuk_culture: "Beothuk"
 iyiniyu_culture: "Iyiniyu"
 iyiyiyu_culture: "Iyiyiyu"
 ilili_culture: "Ilili"
 innini_culture: "Innini"
 nehina_culture: "Nehina"
 atikamekw_culture: "Atikamekw"
 kichesipirini_culture: "Kichesipirini"
 timiscaming_culture: "Timiscaming"
 abitibi_culture: "Abitibi"
 weskarini_culture: "Weskarini"
 ojibwe_culture: "Ojibwe"
 odawa_culture: "Odawa"
 nipissing_culture: "Nipissing"
 akainaa_culture: "Akinaa"
 siksika_culture: "Siksika"
 piikani_culture: "Piikani"
 dorset_culture: "Dorset"
 missisage_culture: "Missisage"
 nakawe_culture: "Nakawe"
 agojuda_culture: "Agojuda"
 passamaquoddy_culture: "Passamaquoddy"
 wendat_language: "Wendat"
 abenakian_language: "Abenakian"
 cree_language: "Cree"
 anishinabe_language: "Anishinabe"
 siksika_language: "Siksiká"
 tsehesenestsestotse_language: "Tsėhesenėstsestotse"
 hinonoeitiit_language: "Hinóno'eitíít"
 paiute_language: "Numu-Monachi"
 hopi_language: "Hopi"
 shoshoni_language: "Sosoni-Kusiutta"
 nuuchi_nuwu_language: "Nuuchi-Nuwuwi"
 takic_language: "Takic"
 penutian_language: "Penutí"
 chumashan_language: "Chumashan"
 salishan_language: "Salishan"
 wakashan_language: "Wakashan"
 ktunaxa_language: "Ktunaxan"
 tsimshian_language: "Tsimshian"
 haida_language: "Haida"
 yupik_language: "Yupik"
 inuit_language: "Inuit"
 algic_language: "Algic"
 yuki_language: "Yuki"
 willetpoos_culture: "Willetpoose"
 nuuchi_culture: "Nuuchi"
 nuwuvi_culture: "Nuwuvi"
 nuwuvu_culture: "Nuwuvu"
 kawaiisu_culture: "Kawaiisu"
 agaideka_culture: "Agai-deka"
 tukudeka_culture: "Dukun-deka"
 bannock_culture: "Banakwut"
 kuccuntikka_culture: "Kuchun-deka"
 kusiutta_culture: "Kusiutta"
 tetadeka_culture: "Teta-deka"
 haivodika_culture: "Haivo-deka"
 penkwitikka_culture: "Penkwi-deka"
 watatikka_culture: "Wata-deka"
 wiyimpihtikka_culture: "Wiyimpih-deka"
 numu_culture: "Numu"
 monachi_culture: "Monachi"
 taaqtam_culture: "Taaqtam"
 timbisha_culture: "Timbisha"
 taxliswet_culture: "Táxliswet"
 north_valley_yokut_culture: "North Valley Yokuts"
 south_valley_yokut_culture: "South Valley Yokuts"
 foothill_yokut_culture: "Foothill Yokuts"
 tulumni_culture: "Tulumni"
 miwok_culture: "Miwok"
 maiduan_culture: "Maiduan"
 nisenan_culture: "Nisena'n"
 koyoongkawi_culture: "Koyoongkawi"
 waashiw_culture: "Waashiw"
 wintuan_culture: "Wintuan"
 nomlaki_culture: "Nomlaki"
 patwin_culture: "Patwin"
 ohlone_culture: "Ohlone"
 ewksikni_culture: "Ewksikni"
 modokni_culture: "Modokni"
 achomawi_culture: "Achomawi"
 shastan_culture: "Shastan"
 molalla_culture: "Molalla"
 sahaptin_culture: "Sahaptin"
 yakama_culture: "Mamachatpam"
 nimiipuu_culture: "Nimiipuu"
 kalapuyan_culture: "Kalapuyan"
 chinook_culture: "Chinook"
 salinan_culture: "Salinan"
 pomo_culture: "Pomo"
 chumash_culture: "Chumash"
 tongva_culture: "Tongva"
 chehalis_culture: "Tsamosan"
 tillamook_culture: "Tillamook"
 halkomelemt_culture: "Halkomelemt"
 squamish_culture: "Squamish"
 k_omoks_culture: "K'omoks"
 saleesh_culture: "Saleesh"
 alene_culture: "Snchicu'umshcn"
 kalispel_culture: "Qalispé"
 spokane_culture: "Sqeliz"
 sinkiuse_culture: "Sinkiuse"
 okanagan_culture: "Syilix"
 sinixt_culture: "Sinixt"
 lillooet_culture: "Lillooet"
 nlakapamuk_culture: "Nlakapamuk"
 shuswap_culture: "Secwépemc"
 palouse_culture: "Palus"
 ktunaxa_culture: "Ktunaxa"
 chilcotin_culture: "Tsilhqot'in"
 coos_culture: "Coos"
 tututni_culture: "Tututni"
 tolowa_culture: "Tolowa"
 yurok_culture: "Oohl"
 alsea_culture: "Alsea"
 hupa_culture: "Hupa"
 tsnungwe_culture: "Tsnungwe"
 wappo_culture: "Micewal"
 wiyot_culture: "Wiyot"
 twana_culture: "Twana"
 sklallam_culture: "S'Klallam"
 saanich_culture: "Saanich"
 lummi_culture: "Lhaq'temish"
 karuk_culture: "Káruk"
 mattole_culture: "Mattole"
 nongatl_culture: "Nongatl"
 yuki_culture: "Yuki"
 takelma_culture: "Takelma"
 dakelh_culture: "Dakelh"
 wetsuweten_culture: "Wet'suwet'en"
 sekani_culture: "Tse'khene"
 dunezza_culture: "Dunezza"
 tsimshian_culture: "Tsimishian"
 haida_culture: "Xaayda"
 ingalik_culture: "Dex Xit'an"
 nahani_culture: "Nahani"
 kaska_culture: "Kaska"
 tlingit_culture: "Tlingit"
 eyak_culture: "Eyak"
 tanaina_culture: "Dena'ina"
 koyukon_culture: "Denaakk'e"
 tanana_culture: "Tanana"
 nabesna_culture: "Nabesna"
 ahtna_culture: "Ahtna"
 dan_ke_culture: "Dan'ke"
 dan_ki_culture: "Dan'ki"
 haen_culture: "Han Hwech'in"
 gwichin_culture: "Gwich'in"
 sahtu_culture: "Sahtu"
 chugash_culture: "Chugashigmuit"
 kaniag_culture: "Kaniagmiut"
 unalaska_culture: "Unangax"
 atka_culture: "Atka"
 attu_culture: "Attu"
 yupighyt_culture: "Yupighyt"
 ogul_culture: "Ogulmiut"
 nushag_culture: "Nushagagmiut"
 togiag_culture: "Togiagamiut"
 kuskokwag_culture: "Kuskokwagmiut"
 nunivag_culture: "Nunivagmiut"
 kaialig_culture: "Kaialigamiut"
 magemiut_culture: "Magemiut"
 ikog_culture: "Ikogmiut"
 unalig_culture: "Unaligmiut"
 malemiut_culture: "Malemiut"
 kaviag_culture: "Kaviagmiut"
 kinug_culture: "Kinugumiut"
 inuviluq_culture: "Inuviluq"
 inuinnait_culture: "Inuinnait"
 inupiaq_culture: "Inupiaq"
 anauls_culture: "Anauls"
 omok_culture: "Omok"
 vadul_culture: "Vadul-Alais"
 olyuben_culture: "Olyuben"
 yandin_culture: "Yandin"
 shoromba_culture: "Shoromba"
 kolyms_culture: "Yukaghir"
 evesel_culture: "Evesel"
 ayan_mai_culture: "Ayan-Mai"
 arman_culture: "Arman"
 indigirka_culture: "Indigirka"
 khamag_culture: "Khamag"
 olyokma_culture: "Lamskiye"
 aldan_culture: "Vakarel"
 sym_culture: "Toporkl"
 ilimpeya_culture: "Sinigir"
 dolgan_culture: "Dolgan"
 sakkyryr_culture: "Adyan"
 yandyr_culture: "Yandyr"
 onoid_culture: "Onoid"
 khoromboy_culture: "Khoromboy"
 lamut_language: "Even"
 uchami_culture: "Goragir"
 fuglyad_culture: "Fuglyad"
 kantakul_culture: "Kantakul"
 lamutk_culture: "Lamutk"
 memel_culture: "Memel"
 tugochar_culture: "Tugochar"
 beldet_culture: "Beldet"
 lalagyr_culture: "Lalagir"
 selogon_culture: "Shyelogon"
 nanagir_culture: "Nanagir"
 lalagir_culture: "Lalagir"
 silyagir_culture: "Shilyagir"
 nimchan_culture: "Nimchan"
 cemdal_culture: "Chyemdal"
 kondogir_culture: "Kondogir"
 nyurmgan_culture: "Nyurmgan"
 nyurilc_culture: "Nyuril'ts"
 managir_culture: "Managir"
 pochegor_culture: "Pochegor"
 vargagaits_culture: "Vargagaits"
 obgints_culture: "Obgints"
 nurmagan_culture: "Nurmagan"
 tavgi_culture: "Tavgi"
 vitimske_culture: "Vitimske"
 nalyagir_culture: "Nalyagir"
 kindigir_culture: "Kindigir"
 kanaka_maoli_culture: "Kānaka Maoli"
 lushootseed_culture: "Lushootseed"
 halkomelem_culture: "Halkomelem"
 makah_culture: "Makah"
 nootka_culture: "Nootkah"
 kwakiutl_culture: "Kwakiutl"
 oowekyala_culture: "Oowekyala"
 nuxalc_culture: "Nuxalc"
 heiltsuk_culture: "Heiltsuk"
 haisla_culture: "Haisla"
 gothic_culture: "Góticos"
 circassian_culture: "Circasianos"
 circassian_language: "Circasiano"
 javanese_language: "Javanés"
 balinese_language: "Balinés"
 madurese_language: "Madurés"
 sundanese_language: "Sondanés"
 batak_language: "Batak"
 bornean_language: "Borneano"
 rejang_language: "Rejang"
 dayak_language: "Dayak"
 kayanic_language: "Kayanic"
 barito_language: "Barito"
 sama_language: "Sama"
 buginese_language: "Buginés"
 gorontalo_language: "Gorontalo"
 celebic_language: "Celebic"
 timoric_language: "Timórico"
 sumba_language: "Sumba"
 tanimbar_language: "Tanimbar"
 maluku_language: "Maluku"
 aru_language: "Aru"
 bomberai_language: "Bomberai"
 halmaheran_language: "Halmaherano"
 ternate_language: "Ternate"
 visayan_language: "Bisayo"
 danao_language: "Danao"
 ilocano_language: "Ilocano"
 tagalog_language: "Tagalo"
 bikol_language: "Bikol"
 kapampangan_language: "Kapampangan"
 cebuano_dialect: "Cebuano"
 hiligaynon_dialect: "Hiligaynon"
 southern_visayan_dialect: "Bisayo meridional"
 palawanic_dialect: "Palawanico"
 waray_dialect: "Waray"
 danao_dialect: "Danao"
 manobo_dialect: "Manobo"
 subanon_dialect: "Subanon"
 cham_dialect: "Cham"
 achenese_dialect: "Achenés"
 javanese_culture: "Javaneses"
 balinese_culture: "Balineses"
 sundanese_culture: "Sondaneses"
 acehnese_culture: "Acehneses"
 batak_culture: "Batak"
 minangkabau_culture: "Minangkabau"
 gayo_culture: "Gayo"
 lampung_culture: "Lampung"
 rejang_culture: "Rejang"
 nias_culture: "Nias"
 mentawai_culture: "Mentawai"
 enggano_culture: "Enggano"
 orang_rimba_culture: "Orang Rimba"
 orang_laut_culture: "Orang Laut"
 madurese_culture: "Madureses"
 ngaju_culture: "Ngaju"
 maanyan_culture: "Ma'anyan"
 bidayuh_culture: "Bidayuh"
 iban_culture: "Iban"
 kenyah_culture: "Kenyah"
 kayan_culture: "Kayan"
 bahau_culture: "Bahau"
 punan_culture: "Punan"
 murut_culture: "Murut"
 dusun_culture: "Dusun"
 banjar_culture: "Banjar"
 kutai_culture: "Kutai"
 tidung_culture: "Tidung"
 melanau_culture: "Melanau"
 makassarese_culture: "Macasareses"
 buginese_culture: "Bugineses"
 mandarese_culture: "Mandareses"
 minahasan_culture: "Minahasanos"
 gorontalo_culture: "Gorontalo"
 sama_culture: "Sama"
 tolaki_culture: "Tolaki"
 muna_culture: "Muna"
 mori_culture: "Mori"
 kaili_culture: "Kaili"
 tomini_culture: "Tomini"
 pamona_culture: "Pamona"
 bungku_culture: "Bungku"
 sangirese_culture: "Sangireses"
 mongondow_culture: "Mongondow"
 saluan_culture: "Saluanos"
 banggai_culture: "Banggai"
 buton_culture: "Buton"
 torajan_culture: "Torajanos"
 moronene_culture: "Moronene"
 sasak_culture: "Sasak"
 bima_culture: "Bima"
 dompu_culture: "Dompu"
 sumbawa_culture: "Sumbawa"
 sumba_culture: "Sumba"
 manggarai_culture: "Manggarai"
 lamaholot_culture: "Lamaholot"
 alor_culture: "Alor"
 lio_culture: "Lio"
 sikka_culture: "Sikka"
 rotenese_culture: "Rotenese"
 helong_culture: "Helong"
 hawu_culture: "Hawu"
 atoni_culture: "Atoni"
 tetum_culture: "Tetum"
 mambai_culture: "Mambai"
 bunak_culture: "Bunak"
 makasae_culture: "Makasae"
 fataluku_culture: "Fataluku"
 wetarese_culture: "Wetarese"
 aru_culture: "Aru"
 kei_culture: "Kei"
 tanimbar_culture: "Tanimbar"
 buru_culture: "Buru"
 sula_culture: "Sula"
 seramese_culture: "Seramese"
 bacan_culture: "Bacan"
 maba_culture: "Maba"
 ternate_culture: "Ternate"
 tidore_culture: "Tidore"
 tobelo_culture: "Tobelo"
 galela_culture: "Galela"
 maaya_culture: "Ma'ya"
 talaud_culture: "Talaud"
 tausug_culture: "Tausūg"
 tagbanwa_culture: "Tagbanwa"
 palawan_culture: "Palawan"
 iranun_culture: "Iranun"
 maguindanao_culture: "Maguindanao"
 ifugao_culture: "Ifugao"
 isnag_culture: "Isnag"
 itneg_culture: "Itneg"
 kalinga_culture: "Kalinga"
 bontoc_culture: "Bontoc"
 kankanaey_culture: "Kankanaey"
 bugkalot_culture: "Bugkalot"
 ibaloi_culture: "Ibaloi"
 mangyan_culture: "Mangyan"
 aeta_culture: "Aeta"
 subanon_culture: "Subanon"
 manobo_culture: "Manobo"
 bukidnon_culture: "Bukidnon"
 mandaya_culture: "Mandaya"
 giangan_culture: "Giangan"
 blaan_culture: "Blaan"
 tagakaulo_culture: "Tagakaulo"
 tboli_culture: "Tboli"
 ivatan_culture: "Ivatan"
 ilocano_culture: "Ilocano"
 ibanag_culture: "Ibanag"
 gaddang_culture: "Gaddang"
 pangasinan_culture: "Pangasinan"
 sambal_culture: "Sambal"
 kapampangan_culture: "Kapampangan"
 tagalog_culture: "Tagalo"
 bicolano_culture: "Bicolano"
 romblomanon_culture: "Romblomanon"
 waray_culture: "Waray"
 hiligaynon_culture: "Hiligaynon"
 cebuano_culture: "Cebuano"
 boholano_culture: "Boholano"
 surigaonon_culture: "Surigaonon"
 butuanon_culture: "Butuanon"
 cuyonon_culture: "Cuyonon"
 manekenk_culture: "Manekenk"
 selknam_culture: "Selknam"
 yaghan_culture: "Yagán"
 kawesqar_culture: "Kawésqar"
 aonikenk_culture: "Aonikenk"
 teushen_culture: "Teushen"
 gununa_kune_culture: "Gununa kune"
 pehuenche_culture: "Pehuenche"
 mapuche_culture: "Mapuches"
 quirandi_culture: "Quirandi"
 tenesch_culture: "Tenesch"
 purun_awqa_culture: "Purun awqa"
 pikumche_culture: "Pikumche"
 williche_culture: "Williche"
 cunco_culture: "Cunco"
 henia_culture: "Henia"
 kamiare_culture: "Kamiare"
 warpe_culture: "Warpe"
 tonokote_culture: "Tonokote"
 chana_culture: "Chana"
 bohan_culture: "Bohan"
 guenoa_culture: "Guenoa"
 makas_culture: "Makas"
 pitlaxa_culture: "Pitlaxa"
 tapiiete_culture: "Tapiiete"
 nivacle_culture: "Nivacle"
 wichi_culture: "Wichi"
 lumnana_culture: "Lumnana"
 abipones_culture: "Abipones"
 enlhet_culture: "Enlhet"
 enxet_culture: "Enxet"
 guana_culture: "Guana"
 nenlhet_culture: "Nenlhet"
 enenlhet_culture: "Enenlhet"
 yshyr_culture: "Yshyr"
 ayoreo_culture: "Ayoreo"
 monkox_culture: "Monkox"
 moqoit_culture: "Moqoit"
 ache_culture: "Achés"
 baure_culture: "Baure"
 moxo_culture: "Moxo"
 yuracare_culture: "Yuracare"
 tsimanes_culture: "Tsimanes"
 kanisian_culture: "Kanisian"
 itonama_culture: "Itonama"
 movima_culture: "Movima"
 cayubaba_culture: "Cayubaba"
 pacahuara_culture: "Pacahuara"
 eseejja_culture: "Eseejja"
 takana_culture: "Takana"
 het_culture: "Het"
 sanaviron_culture: "Sanaviron"
 uakambalelte_culture: "Uakambalelte"
 tshon_language: "Tshon"
 yaghan_language: "Yagán"
 kawesqar_language: "Kawésqar"
 mapudungun_language: "Mapudungun"
 henia_kamiare_language: "Henia-Kamiare"
 warpe_language: "Warpe"
 charrua_language: "Charrua"
 maskoy_language: "Maskoy"
 zamuco_language: "Zamuco"
 besiro_language: "Besiro"
 moseten_language: "Moseten"
 kanisian_language: "Kanisian"
 sihni_language: "Sihni"
 movima_language: "Movima"
 cayubaba_language: "Cayubaba"
 waqha_language: "Waqha"
 omiene: "Myene"
 mitsogo: "Mitsogo"
 eshira: "Eshira"
 chokwe: "Chokwe"
 songye: "Songye"
 bandjabi: "Bandjabi"
 baganda_culture: "Baganda"
 kota_gabun: "Kota Gabun"
 mbaka: "Mbaka"
 vili: "Vili"
 bakele: "Kele"
 kuyu: "Kuyu"
 fang_gabun: "Fang Gabun"
 basingui: "Basingui"
 bangi: "Bangi"
 teke: "Teke"
 yombe: "Yombe"
 cabinda: "Cabinda"
 bwende: "Bwende"
 wumbu: "Wumbu"
 nsudi: "Nsudi"
 kakongo: "Kakongo"
 mboma: "Mboma"
 solongo: "Solongo"
 kongo: "Congo"
 bazombo: "Bazombo"
 mushikongo: "Mushikongo"
 ambundu: "Ambundu"
 ovimbundu: "Ovimbundu"
 haneka_humbe: "Haneka Humbe"
 herero: "Herero"
 owambo_culture: "Owambo"
 mbunda: "Mbunda"
 luchazi_culture: "Luchazi"
 luvale: "Luvale"
 tonga: "Tonga"
 lunda: "Lunda"
 luba: "Luba"
 bena_lwalwa: "Bena Lwalwa"
 lwalwa: "Lwalwa"
 pende: "Pende"
 dinga: "Dinga"
 kusu_culture: "Kusu"
 lega: "Lega"
 bembe: "Bembe"
 komo: "Komo"
 kuba: "Kuba"
 kunda: "Kunda"
 hemba: "Hemba"
 bemba: "Bemba"
 tabwa: "Tabwa"
 nsenga: "Nsenga"
 kasayi: "Kasayi"
 bindji: "Bindji"
 kete: "Kete"
 suku: "Suku"
 yaka: "Yaka"
 kolo_culture: "Kolo"
 mbala: "Mbala"
 bashilele: "Shilele"
 mbuun: "Mbuun"
 lozi_culture: "Lozi"
 xindonga: "Xindonga"
 penobscot_culture: "Penobscot"
 massachusett_culture: "Massachusett"
 wampanoag_culture: "Wampanoag"
 quiripi_culture: "Quiripi"
 pocumtuck_culture: "Pocumtuck"
 mahican_culture: "Mahican"
 unami_culture: "Unami"
 munsee_culture: "Munsee"
 unalachtigo_culture: "Unalachtigo"
 nanticoke_culture: "Nanticoke"
 piscataway_culture: "Piscataway"
 powhatan_culture: "Powhatan"
 pamlico_culture: "Pamlico"
 doeg_culture: "Doeg"
 kanienkehaka_culture: "Kanien'kehaka"
 onyotaaka_culture: "Onyot'aaka"
 onondagega_culture: "Onondadega"
 gayogohono_culture: "Gayogohono"
 onondowaga_culture: "Onondowaga"
 onojutta_culture: "Onojutta"
 carantouan_culture: "Carentouan"
 atrakwaye_culture: "Atrakwaye"
 nottoway_culture: "Nottoway"
 skarureh_culture: "Skarureh"
 wenrohronon_culture: "Wenrohronon"
 kentaientonga_culture: "Kentaientonga"
 erielhonan_culture: "Erielhonan"
 honniasont_culture: "Honniasont"
 monacan_culture: "Monacan"
 tsoyaha_culture: "Tsoyaha"
 tutelo_culture: "Tutelo"
 catawba_culture: "Iswa"
 waccamaw_culture: "Waccamaw"
 issati_culture: "Issati"
 ofo_culture: "Ofo"
 kansa_culture: "Kanza"
 osage_culture: "Niukonska"
 quapaw_culture: "Ugakhpa"
 omaha_culture: "Umoho"
 ponca_culture: "Panka"
 cusabo_culture: "Cusabo"
 hitchiti_culture: "Atcik-hata"
 guale_culture: "Guale"
 yamasee_culture: "Yamasi"
 coosa_culture: "Coosa"
 coweta_culture: "Coweta"
 tuckabatchee_culture: "Tuckabatchee"
 apalachee_culture: "Apalachee"
 alabama_culture: "Albaamo"
 koasati_culture: "Koasati"
 choctaw_culture: "Chahta"
 chickasaw_culture: "Chickasha"
 natchez_culture: "Natchez"
 tunica_culture: "Yoron"
 acolapissa_culture: "Acolapissa"
 mobile_culture: "Mobile"
 chatot_culture: "Chatot"
 timucua_culture: "Timucua"
 calusa_culture: "Calusa"
 ais_culture: "Ais"
 tocobaga_culture: "Tocobaga"
 dine_culture: "Diné"
 kaskinampo_culture: "Kaskinampo"
 chalahgawtha_culture: "Chalaghawtha"
 mekoche_culture: "Mekoche"
 kispoko_culture: "Kispoko"
 pekowi_culture: "Pekowi"
 hathawekela_culture: "Hathawekela"
 atchakangouen_culture: "Atchakangouen"
 piankeshaw_culture: "Piankeshaw"
 wea_culture: "Wea"
 peewareewa_culture: "Peewareewa"
 cahokia_culture: "Cahokia"
 kaskankaham_culture: "Kaskankaham"
 hocak_culture: "Hocak"
 baxoje_culture: "Baxoje"
 niuachi_culture: "Niuachi"
 waghtochtatta_culture: "Wahgochtatta"
 wahpekhute_culture: "Wahpekhute"
 sisithunwan_culture: "Sisithunwan"
 bdewekhantunwan_culture: "Bdewekhantunwan"
 wahpetunwan_culture: "Whapetunwan"
 cherokee_culture: "Giduwa"
 chakchiuma_culture: "Sa'ktcihuma"
 taensa_culture: "Taensa"
 taneks_culture: "Taneks"
 bodewadomik_culture: "Bodewadomik"
 mamaceqtaw_culture: "Mamaceqtaw"
 osaakiiwaki_culture: "Osaakiiwaki"
 meskwaki_culture: "Meskwaki"
 kiwigapawa_culture: "Kiwigapawa"
 mascouten_culture: "Mascouten"
 moneton_culture: "Moneton"
 accomac_culture: "Accawmacke"
 nansemond_culture: "Nansemond"
 rappahannock_culture: "Rappahannock"
 kahokiaki_culture: "Kahokiaki"
 croatan_culture: "Croatan"
 myaamia_culture: "Pepikokia"
 oconee_culture: "Oconee"
 tamathli_culture: "Tamathli"
 inoka_culture: "Tamarowa"
 muscogee_culture: "Muscogee"
 sawokli_culture: "Sawokli"
 eufaula_culture: "Eufaula"
 pennacook_culture: "Penakuk"
 guwahiyi_culture: "Guwahiyi"
 otali_culture: "Otali"
 pequot_culture: "Pequttôog"
 narraganset_culture: "Naiganset"
 haudenosaunee_language: "Haudenosaunee"
 iroquoian_language: "Iroqués"
 skarureh_language: "Skarureh"
 lenape_language: "Lenni-Lenape"
 massachusett_language: "Massachusett"
 powhatan_language: "Powhatan"
 myaamia_language: "Myaamia"
 shawnee_language: "Shawnee"
 chickasaw_choctaw_language: "Chickasaw-Choctaw"
 muskogee_language: "Muskogee"
 timucua_language: "Timucua"
 chiwere_language: "Chiwere"
 dakota_language: "Dakota"
 dhegiha_language: "Dhegiha"
 tutelo_language: "Tutelo"
 apsaalooke_hiraaca_language: "Apsáalooke-Hiraacá"
 cherokee_language: "Cheroqui"
 persian_language: "Persa"
 balochi_language: "Balochi"
 afghani_language: "Afgano"
 tabaristani_language: "Tabaristaní"
 dagestanian_language: "Daguestaní"
 farsi_culture: "Farsíes"
 tajik_culture: "Tajik"
 alan_culture: "Alanos"
 alanic_language: "Alánico"
 adhari_culture: "Adhari"
 baloch_culture: "Baloch"
 dehwar_culture: "Dehwar"
 afghan_culture: "Afganos"
 zaza_culture: "Zaza"
 gilak_culture: "Gilak"
 mazanderani_culture: "Mazanderani"
 semnani_culture: "Semnani"
 lur_culture: "Lur"
 pamiri_culture: "Pamiri"
 talysh_culture: "Talysh"
 azeri_culture: "Azeríes"
 uzbek_culture: "Uzbek"
 khorasani_culture: "Khorasani"
 kumyk_culture: "Kumyk"
 karachay_culture: "Karachay"
 balkar_culture: "Balkar"
 nakh_culture: "Nakh"
 avar_culture: "Avar"
 dargin_culture: "Dargin"
 lak_culture: "Lak"
 lezgin_culture: "Lezgin"
 abazin_culture: "Abazin"
 abkhazian_culture: "Abkhazianos"
 hazara_culture: "Hazara"
 pashayi_culture: "Pashayi"
 nuristani_culture: "Nuristani"
 ormur_culture: "Ormur"
 shina_culture: "Shina"
 balti_culture: "Balti"
 achomi_culture: "Achomi"
 qashqai_culture: "Qashqai"
 coptic_language: "Coptic"
 najdi_culture: "Najdi"
 kaliji_culture: "Khaliji"
 bahrani_culture: "Bahrani"
 hijazi_culture: "Hijazi"
 hadhrami_culture: "Hadhrami"
 omani_culture: "Omaníes"
 shihhi_culture: "Shahhi"
 dhofari_culture: "Dhofaríes"
 mehri_culture: "Mehri"
 soqotri_culture: "Soqotri"
 inka_culture: "Inka"
 killke_culture: "Killke"
 chanka_culture: "Chanka"
 wanka_culture: "Wanka"
 chincha_culture: "Chincha"
 kolla_culture: "Kolla"
 palta_culture: "Palta"
 kanari_culture: "Kanari"
 quitu_culture: "Quitu"
 cara_culture: "Cara"
 puruha_culture: "Puruhá"
 atacame_culture: "Atacame"
 manta_culture: "Manta"
 guancavilca_culture: "Guancavilca"
 napuruna_culture: "Napuruna"
 shuar_culture: "Shuar"
 kofan_culture: "Kofán"
 chono_culture: "Chono"
 guaiteco_culture: "Guaiteco"
 tsachila_culture: "Tsáchila"
 jama_coaque_culture: "Jama Coaque"
 hambatus_culture: "Hambatus"
 chimbus_culture: "Chimbus"
 kayambi_culture: "Kayambi"
 gatiya_pain_culture: "Gâ'tɨya pâín"
 guayacundo_culture: "Guayacundo"
 sacha_p_qulla_culture: "Sach'a-p-qulla"
 tallan_culture: "Tallán"
 xllang_culture: "Xllang"
 chimu_culture: "Chimu"
 panatahuas_culture: "Panatahuas"
 yanesha_culture: "Yanesha"
 kukakma_culture: "Kukakma"
 nomatsigenga_culture: "Nomatsigenga"
 matsigenka_culture: "Matsigenka"
 ashenika_culture: "Ashenika"
 uni_culture: "Uni"
 wari_culture: "Wari"
 yuri_culture: "Yuri"
 pashash_culture: "Bajás"
 casma_culture: "Casma"
 canta_culture: "Canta"
 collique_culture: "Collique"
 ychsma_culture: "Ychsma"
 yaro_culture: "Yaro"
 yaros_culture: "Yaros"
 chancay_culture: "Chancay"
 atavillos_culture: "Atavillos"
 huarco_culture: "Huarco"
 yawyu_culture: "Yawyu"
 xauxa_culture: "Xauxa"
 chango_culture: "Chango"
 churajon_culture: "Churajón"
 chiribaya_culture: "Chiribaya"
 cholon_culture: "Cholon"
 anccara_culture: "Anccara"
 chillque_culture: "Chillque"
 huayla_culture: "Huayla"
 bagua_culture: "Bagua"
 pukamuru_culture: "Pukamuru"
 pazioca_culture: "Pazioca"
 licanantay_culture: "Licanantay"
 lule_culture: "Lule"
 tastil_culture: "Tastil"
 omaguaca_culture: "Omaguacas"
 uru_culture: "Uru"
 aimara_culture: "Aimara"
 chicha_culture: "Chicha"
 qhara_qhara_culture: "Qhara qhara"
 yampara_culture: "Yampara"
 charka_culture: "Charka"
 mollo_culture: "Mollo"
 kallawaya_culture: "Kallawaya"
 killaka_culture: "Killaka"
 chuwi_culture: "Chuwi"
 huancapampa_culture: "Huancapampa"
 khorezmian_culture: "Khorezmian"
 tsatsaotine_culture: "Tsatsaotine"
 tlicho_culture: "Tlicho"
 dehcho_culture: "Dehcho"
 danezaa_culture: "Dane-zaa"
 nihithaw_culture: "Nihithaw"
 matiyinini_culture: "Matiyinini"
 mahmikiwini_culture: "Mahmikiwini"
 nakoda_culture: "Nakoda"
 tsuutina_culture: "Tsuu'tina"
 haaninin_culture: "Haaninin"
 denesoline_culture: "Denesoliné"
 ashalaho_culture: "Ashalaho"
 ashshipite_culture: "Ashshipa"
 tsetsehesahese_culture: "Tsetsehesahese"
 sotaeoo_culture: "So'taeo'o"
 lahkota_culture: "Lahkota"
 ithanktunwan_culture: "Ithaktunwan"
 ithanktunwanna_culture: "Ithanktunwanna"
 nanwuinenan_culture: "Nanwuine'nan"
 hinonoeino_culture: "Hinono'eino"
 hupe_culture: "Hupe"
 yapahruka_culture: "Yapahruka"
 kuhtsutuuka_culture: "Kuhtsutuuka"
 tawakoni_culture: "Tawakoni"
 kitikitish_culture: "Kitikiti'sh"
 taovaya_culture: "Taovaya"
 kaigwu_culture: "Ka'igwu"
 skiri_culture: "Skiri"
 tsawi_culture: "Tsawi"
 pitahwarita_culture: "Pitahwarita"
 kitkehaki_culture: "Kitkehaki"
 sahnish_culture: "Sahnish"
 nueta_culture: "Nueta"
 hiraaca_culture: "Hiraaca"
 yazoo_culture: "Yazoo"
 koroa_culture: "Koroa"
 tiou_culture: "Tiou"
 chitimacha_culture: "Chitimacha"
 bayagoula_culture: "Bayagoula"
 asinikawithini_culture: "Asinikawithini"
 oneota_culture: "Oneota"
 tinde_culture: "Tindé"
 hende_culture: "Hendé"
 naadahende_culture: "Naadahendé"
 lepai_nde_culture: "Lepai Ndé"
 yattinde_culture: "Yat Tindé"
 tula_culture: "Tula"
 cayas_culture: "Cayas"
 avoyel_culture: "Avoyel"
 inde_culture: "Indé"
 inuit_culture: "Inuit"
 tickanwatic_culture: "Tickanwatic"
 natchez_language: "Natchez"
 biak_culture: "Biak"
 yapen_culture: "Yapen"
 manus_culture: "Manus"
 lavongai_culture: "Lavongai"
 mussau_culture: "Mussau"
 kavieng_culture: "Kavieng"
 kuot_culture: "Kuot"
 patpatar_culture: "Patpatar"
 kandas_culture: "Kandas"
 siar_culture: "Siar"
 tangga_culture: "Tangga"
 baining_culture: "Baining"
 melamela_culture: "Melamela"
 mengen_papua_culture: "Mengen"
 kol_papua_culture: "Kol"
 mamusi_culture: "Mamusi"
 lamogai_culture: "Lamogai"
 bola_culture: "Bola"
 kaulong_culture: "Kaulong"
 umboi_culture: "Umboi"
 arop_culture: "Arop"
 karkar_culture: "Karkar"
 mono_culture: "Mono"
 buka_culture: "Buka"
 rotokas_culture: "Rotokas"
 bannoni_culture: "Bannoni"
 naasioi_culture: "Naasioi"
 tinputz_culture: "Tinputz"
 kilivila_culture: "Kilivila"
 muyua_culture: "Muyua"
 yela_culture: "Yela"
 tagula_culture: "Tagula"
 misima_culture: "Misima"
 nidula_culture: "Nidula"
 moratau_culture: "Moratau"
 duau_culture: "Duau"
 kalaw_lagaw_ya_culture: "Kalaw Lagaw Ya"
 suau_culture: "Suau"
 daga_papua_culture: "Daga"
 maiwa_papua_culture: "Maiwa"
 manubara_culture: "Manubara"
 sinaugoro_culture: "Sinaugoro"
 yareba_culture: "Yareba"
 baruga_culture: "Baruga"
 orokaiva_culture: "Orokaiva"
 binandere_culture: "Binandere"
 suena_culture: "Suena"
 wampar_culture: "Wampar"
 iwal_culture: "Iwal"
 kumalu_culture: "Kumalu"
 koiali_culture: "Koiali"
 waima_culture: "Waima"
 toaripi_culture: "Toaripi"
 hamtai_culture: "Hamtai"
 namau_culture: "Namau"
 kerewo_culture: "Kerewo"
 rumu_culture: "Rumu"
 namo_me_culture: "Namo me"
 beami_culture: "Beami"
 aekyom_culture: "Aekyom"
 kaeti_culture: "Kaeti"
 muyu_culture: "Muyu"
 iwur_culture: "Iwur"
 tsaukambo_culture: "Tsaukambo"
 kombai_culture: "Kombai"
 bayono_culture: "Bayono"
 awyu_culture: "Awyu"
 yaqay_culture: "Yaqay"
 asmat_culture: "Asmat"
 kayagar_culture: "Kayagar"
 kaweinag_culture: "Kaweinag"
 marind_culture: "Marind"
 marlew_culture: "Marlew"
 yelmek_culture: "Yelmek"
 kimaama_culture: "Kimaama"
 riantana_culture: "Riantana"
 ndom_culture: "Ndom"
 yei_culture: "Yei"
 kanum_culture: "Kanum"
 suki_culture: "Suki"
 bife_culture: "Bife"
 wipi_culture: "Wipi"
 bitur_culture: "Bitur"
 agob_culture: "Agob"
 nambu_culture: "Nambu"
 gogodala_culture: "Gogodala"
 mubami_culture: "Mubami"
 bamu_culture: "Bamu"
 sempan_culture: "Sempan"
 kamoro_culture: "Kamoro"
 bukawa_culture: "Bukawa"
 kate_culture: "Kate"
 awad_bing_culture: "Awad bing"
 adzera_culture: "Adzera"
 rawa_papua_culture: "Rawa"
 amaimon_culture: "Amaimon"
 melpa_culture: "Melpa"
 rao_culture: "Rao"
 mum_culture: "Mum"
 barem_culture: "Barem"
 aruamu_culture: "Aruamu"
 banaro_culture: "Banaro"
 angoram_culture: "Angoram"
 boiken_culture: "Boiken"
 bukiyip_culture: "Bukiyip"
 wogamusin_culture: "Wogamusin"
 maia_culture: "Maia"
 olo_culture: "Olo"
 abau_culture: "Abau"
 kwomtari_culture: "Kwomtari"
 fas_papua_culture: "Fas"
 awyi_culture: "Awyi"
 gresi_culture: "Gresi"
 kwerba_culture: "Kwerba"
 bauzi_culture: "Bauzi"
 kwesten_culture: "Kwesten"
 nisa_culture: "Nisa"
 waropen_culture: "Waropen"
 iresim_culture: "Iresim"
 yaur_culture: "Yaur"
 roon_culture: "Roon"
 wamesa_culture: "Wamesa"
 irarutu_culture: "Irarutu"
 buruwai_culture: "Buruwai"
 sumuri_culture: "Sumuri"
 baham_culture: "Baham"
 arandai_culture: "Arandai"
 moskona_culture: "Moskona"
 sougb_culture: "Sougb"
 hatam_culture: "Hatam"
 meyah_culture: "Meyah"
 maybrat_culture: "Maybrat"
 abun_culture: "Abunas"
 moi_culture: "Moi"
 maden_culture: "Maden"
 biak_language: "Biak"
 yapen_language: "Yapen"
 manus_language: "Manus"
 lavongai_language: "Lavongai"
 mussau_language: "Mussau"
 kavieng_language: "Kavieng"
 kuot_language: "Kuot"
 siar_language: "Siar"
 baining_language: "Baining"
 mengen_language: "Mengen"
 kol_papua_language: "Kol"
 lamogai_language: "Lamogai"
 willaumez_language: "Willaumez"
 kaulong_language: "Kaulong"
 arop_language: "Arop"
 rotokas_language: "Rotokas"
 naasioi_language: "Naasioi"
 nehan_language: "Nehan"
 yela_language: "Yela"
 nimoa_language: "Nimoa"
 kilivila_language: "Kilivila"
 bwaidoga_language: "Bwaidoga"
 duau_language: "Duau"
 pama_nyungan_language: "Pama Nyungan"
 suau_language: "Suau"
 dagan_language: "Dagan"
 manubara_language: "Manubara"
 sinaugoro_language: "Sinaugoro"
 yareba_language: "Yareba"
 guhu_oro_language: "Guhu Oro"
 mumeng_language: "Mumeng"
 koiari_language: "Koiari"
 waima_language: "Waima"
 eleman_language: "Eleman"
 angan_language: "Angan"
 binanderean_language: "Binanderean"
 rumu_language: "Rumu"
 kutubuan_language: "Kutubuan"
 bosavi_language: "Bosavi"
 awyu_language: "Awyu"
 asmat_language: "Asmat"
 kayagar_language: "Kayagar"
 marind_language: "Marind"
 yelmek_language: "Yelmek"
 kolopom_language: "Kolopom"
 oriomo_language: "Oriomo"
 tirio_language: "Tirio"
 pahoturi_language: "Pahoturi"
 yam_language: "Yam"
 gogodala_language: "Gogodala"
 minanibai_language: "Minanibai"
 kiwaian_language: "Kiwaian"
 bukawa_language: "Bukawa"
 bel_language: "Bel"
 markham_language: "Markham"
 rawa_language: "Rawa"
 chimbu_language: "Chimbu"
 ramu_language: "Ramu"
 pondo_language: "Pondo"
 madang_language: "Madang"
 torricelli_language: "Torricelli"
 sepik_language: "Sepik"
 kwomtari_language: "Kwomtari"
 fas_language: "Fas"
 tami_language: "Tami"
 nimboran_language: "Nimboran"
 kwerbic_language: "Kwerbic"
 tor_language: "Tor"
 nisa_language: "Nisa"
 iresim_language: "Iresim"
 yaur_language: "Yaur"
 kei_language: "Kei"
 sumuri_language: "Sumuri"
 arandai_language: "Arandai"
 hatam_language: "Hatam"
 mantion_language: "Mantion"
 maybrat_language: "Maybrat"
 abun_language: "Abuna"
 tehit_language: "Tehit"
 khoe_language: "Khoe"
 kxa_language: "Kx'a"
 tuu_language: "Tuu"
 xhosa_culture: "Xhosa"
 nguni_culture: "Nguni"
 tswana_culture: "Tswana"
 sotho_culture: "Sotho"
 venda_culture: "Venda"
 kalanga_culture: "Kalanga"
 nama_culture: "Nama"
 damara_culture: "Damara"
 gonaqua_culture: "Gonaqua"
 khoemana_culture: "Khoemana"
 naro_culture: "Naro"
 shua_culture: "Shua"
 tshwa_culture: "Tshwa"
 khwe_culture: "Khwe"
 gxana_culture: "Gxana"
 xuukhoe_culture: "Xuukhoe"
 kung_culture: "Qkung"
 amkoe_culture: "Ç'amkoe"
 hai_om_culture: "Haixom"
 xam_culture: "Cxam"
 xoon_culture: "Qxoon"
 n_ng_culture: "Nxng"
 xegwi_culture: "X'xegwi"
 bubi_culture: "Bubi"
 bassa_culture: "Bassa"
 kalenjin_language: "Kalenjin"
 lotuko_language: "Lotuko"
 ubangian_language: "Ubangian"
 baguirmi_language: "Baguirmi"
 ijaw_language: "Ijaw"
 hebrew_language: "Hebreo"
 west_himalayic_language: "Himalayo occidental"
 oromo_dialect: "Oromo"
 omotic_language: "Omótico"
 chukotko_kamchatkan_language: "Chukotko-Kamchatkan"
 yukaghir_language: "Yukaghir"
 seeptsa_language: "Seeptsa"
 uru_language: "Uru"
 oghuric_language: "Oghuric"
 ### Cultural and religion - society window
 ###AUSTRALIAN CULTURES AND LANGUAGES###
 noongar_culture: "Noongari"
 nhanta_culture: "Nhantan"
 malkana_culture: "Malkanan"
 yinggarda_culture: "Yinggardan"
 baiyungu_culture: "Baiyungu"
 thalanyji_culture: "Thalanyji"
 nhuwala_culture: "Nhuwalan"
 martuthunira_culture: "Martuthuniran"
 ngarluma_culture: "Ngarluman"
 nyamal_culture: "Nyamali"
 nyangumarda_culture: "Nyangumardan"
 karajarri_culture: "Karajarrin"
 jukun_culture: "Jukuni"
 ngumbarl_culture: "Ngumbarli"
 jabirrjabirr_culture: "Jabirrjabirri"
 bardi_culture: "Bardi"
 nimanburu_culture: "Nimanburu"
 nyikina_culture: "Nyikinan"
 warwa_culture: "Warwan"
 unggarangi_culture: "Unggarangin"
 umida_culture: "Umidan"
 wunambul_culture: "Wunambuli"
 gamberre_culture: "Gamberren"
 kwini_culture: "Kwini"
 yiiji_culture: "Yiiji"
 kadjerong_culture: "Kadjerongi"
 jaminjung_culture: "Jaminjungi"
 murrinh_patha_culture: "Murrinh-Pathan"
 marrithiyel_culture: "Marrithiyeli"
 kungarakany_culture: "Kungarakanyn"
 larrakia_culture: "Larrakian"
 limilngan_culture: "Limilngani"
 konbudj_culture: "Konbudji"
 amarak_culture: "Amarakan"
 maung_culture: "Maungi"
 gunbalang_culture: "Gunbalangi"
 nakara_culture: "Nakaran"
 yolngu_culture: "Yolngu"
 warnindilyakwa_culture: "Warnindilyakwan"
 nunggubuyu_culture: "Nunggubuyu"
 mara_culture: "Maran"
 yanyuwa_culture: "Yanyuwa"
 ganggalida_culture: "Ganggalidan"
 mingin_culture: "Mingini"
 kukatj_culture: "Kukatji"
 kuthant_culture: "Kuthanti"
 kurtjar_culture: "Kurtjari"
 yir_yoront_culture: "Yir-Yoronti"
 wik_culture: "Wikan"
 anguthimri_culture: "Anguthimri"
 anggamudi_culture: "Anggamudi"
 yadhaigana_culture: "Yadhaiganan"
 wuthathi_culture: "Wuthathian"
 kuuku_yau_culture: "Kuuku-Yau"
 uutaalnganu_culture: "Uutaalnganu"
 umpila_culture: "Umpilan"
 lamalama_culture: "Lamalaman"
 mutumui_culture: "Mutumui"
 guugu_yimidhirr_culture: "Guugu-Yimidhirri"
 kuku_yalanji_culture: "Kuku-Yalanjin"
 djabuganjdji_culture: "Djabuganjdjin"
 yidinjdji_culture: "Yidinjdjin"
 djirbalngan_culture: "Djirbalngani"
 wargamaygan_culture: "Wargamaygani"
 nyawaygi_culture: "Nyawaygi"
 wulgurukaba_culture: "Wulgurukaban"
 bindal_culture: "Bindali"
 yuru_culture: "Yuru"
 giya_culture: "Giyan"
 yuwi_culture: "Yuwi"
 guwinmal_culture: "Guwinmali"
 darumbal_culture: "Darumbali"
 bayali_culture: "Bayali"
 gureng_gureng_culture: "Gureng-Gureng"
 gubbi_gubbi_culture: "Gubbi-Gubbi"
 badtjala_culture: "Badtjalan"
 quandamooka_culture: "Quandamookan"
 turrbal_culture: "Turrbali"
 bundjalung_culture: "Bundjalungi"
 gumbaynggirr_culture: "Gumbaynggirri"
 dainggatti_culture: "Dainggattian"
 biripi_culture: "Biripian"
 worimi_culture: "Worimian"
 dharug_culture: "Dharugi"
 eora_culture: "Eoran"
 tharawal_culture: "Tharawali"
 yuin_culture: "Yuin"
 bidwell_culture: "Bidwelli"
 boon_wurrung_culture: "Boon-Wurrungi"
 wathaurong_culture: "Wathaurongi"
 gadubanud_culture: "Gadubanudi"
 giraiwurung_culture: "Giraiwurungi"
 gunditjmara_culture: "Gunditjmaran"
 buandig_culture: "Buandigi"
 ngarrindjeri_culture: "Ngarrindjerin"
 kaurna_pangkarra_culture: "Kaurna-Pangkarran"
 narangga_culture: "Naranggan"
 nukunu_culture: "Nukunu"
 banggarla_culture: "Banggarlan"
 nawu_culture: "Nawu"
 wirangu_culture: "Wirangu"
 mirning_culture: "Mirningan"
 ngatjumay_culture: "Ngatjumay"
 malpa_culture: "Malpan"
 kalaamaya_culture: "Kalaamayan"
 badimaya_culture: "Badimayan"
 watjarri_culture: "Watjarri"
 purduna_culture: "Purdunan"
 kurrama_culture: "Kurraman"
 ngarinyin_culture: "Ngarinyin"
 worla_culture: "Worlan"
 kija_culture: "Kijan"
 jaru_culture: "Jaru"
 gooniyandi_culture: "Gooniyandin"
 doolboong_culture: "Doolboongi"
 gurindji_culture: "Gurindji"
 ngarinman_culture: "Ngarinmani"
 ngaliwuru_culture: "Ngaliwuru"
 wardaman_culture: "Wardamani"
 yangman_culture: "Yangmani"
 mudbarra_culture: "Mudbarran"
 warumungu_culture: "Warumungu"
 wakaya_culture: "Wakayan"
 bilinara_culture: "Bilinaran"
 karangpurru_culture: "Karangpurru"
 jingili_culture: "Jingili"
 ngalakan_culture: "Ngalakani"
 wagiman_culture: "Wagimani"
 gunwinggu_culture: "Gunwinggu"
 dangbon_culture: "Dangboni"
 rembarnga_culture: "Rembarngan"
 ngalkbun_culture: "Ngalkbuni"
 ngandi_culture: "Ngandi"
 ngandji_culture: "Ngandji"
 gunindiri_culture: "Gunindiri"
 waanyi_culture: "Waanyi"
 warluwarra_culture: "Warluwarrai"
 yalarrnga_culture: "Yalarrngan"
 yanda_culture: "Yandan"
 guwa_culture: "Guwan"
 wunumara_culture: "Wunumaran"
 mayi_culture: "Mayi"
 kalkadoon_culture: "Kalkadooni"
 kunjen_culture: "Kunjeni"
 yinwum_culture: "Yinwumi"
 kaantju_culture: "Kaantju"
 luthigh_culture: "Luthighi"
 kokowarra_culture: "Kokowarran"
 kokomini_culture: "Kokominin"
 mbara_culture: "Mbaran"
 yanga_culture: "Yangan"
 yirandali_culture: "Yirandali"
 yilba_culture: "Yilban"
 yangga_culture: "Yanggan"
 yagalingu_culture: "Yagalingu"
 wangan_culture: "Wangani"
 barna_culture: "Barnan"
 baradha_culture: "Baradhan"
 gangulu_culture: "Gangulun"
 bidjara_culture: "Bidjaran"
 barunggam_culture: "Barunggami"
 ngoorabul_culture: "Ngoorabuli"
 wiradjuri_culture: "Wiradjurin"
 nganyaywana_culture: "Nganyaywanan"
 geawegal_culture: "Geawegali"
 ngunawal_culture: "Ngunawali"
 gundungurra_culture: "Gundungurran"
 jaitmatang_culture: "Jaitmatangi"
 waveroo_culture: "Waveroo"
 yorta_yorta_culture: "Yorta-Yortan"
 ngurraiillam_culture: "Ngurraiillam"
 wurundjeri_culture: "Wurundjeri"
 gulidjan_culture: "Gulidjani"
 baraba_baraba_culture: "Baraba-Baraban"
 wemba_wemba_culture: "Wemba-Wemban"
 nari_nari_culture: "Nari-Narian"
 yitha_yitha_culture: "Yitha-Yithan"
 ngadjuri_culture: "Ngadjurian"
 ngargad_culture: "Ngargadi"
 jardwadjali_culture: "Jardwadjalian"
 palawa_culture: "Palawan"
 kurnai_culture: "Kurnai"
 wergaia_culture: "Wergaian"
 latje_latje_culture: "Latje-Latje"
 toogee_culture: "Toogee"
 pyemmairrener_culture: "Pyemmairreneri"
 paredarerme_culture: "Paredarermean"
 nyulnyulan_language: "Nyulnyulan"
 wororan_language: "Wororan"
 djeragan_language: "Djeragan"
 gimbiyu_language: "Gimbiyu"
 daly_language: "Daly"
 laragiya_language: "Laragiya"
 limilngan_language: "Limilngan"
 gunwinyguan_language: "Gunwinyguan"
 yiwaidjan_language: "Yiwaidjan"
 garawa_language: "Garawa"
 west_barkly_language: "West Barkly"
 tyerrernotepanner_language: "Tyerrernotepanner"
 eastern_tasmanian_language: "Tasmano oriental"
 pyemmairrener_language: "Pyemmairrener"
 western_tasmanian_language: "Tasmano occidental"
 sanskrit_language: "Sánscrito"
 north_dravidian_language: "Dravidiano septentrional"
 brahmaputran_language: "Brahmaputran"
 munda_language: "Munda"
 khasi_language: "Khasi"
 dimasa_culture: "Dimasa"
 bodo_culture: "Bodo"
 garo_culture: "Garo"
 khasi_culture: "Khasi"
 santal_culture: "Santal"
 munda_culture: "Munda"
 kharia_culture: "Kharia"
 ho_culture: "Ho"
 korku_culture: "Korku"
 juang_culture: "Juang"
 sora_culture: "Sora"
 khond_culture: "Khond"
 rabha_culture: "Rabha"
 deori_culture: "Deori"
 tiwa_culture: "Tiwa"
 koch_culture: "Koch"
 chutia_culture: "Chutia"
 tripuri_culture: "Tripuri"
 bhojpuri_culture: "Bhojpuri"
 maithili_culture: "Maithili"
 nagpuri_culture: "Nagpuri"
 haryanvi_culture: "Haryanvi"
 khas_culture: "Khas"
 tharu_culture: "Tharu"
 karbi_culture: "Karbi"
 newar_culture: "Newar"
 magar_culture: "Magar"
 tamang_culture: "Tamang"
 gurung_culture: "Gurung"
 limbu_culture: "Limbu"
 brahui_culture: "Brahui"
 malto_culture: "Malto"
 kurukh_culture: "Kurukh"
 dhivehi_culture: "Dhivehi"
 mwotlap_language: "Mwotlap"
 paumotu_language: "Paumotu"
 reo_maohi_language: "Reo Maohi"
 olelo_hawaii_language: "Olelo Hawai'i"
 tokelauan_language: "Tokelauan"
 gagana_faa_samoa_language: "Gagana Faa Samoa"
 rapa_nui_language: "Rapa Nui"
 eo_enana_language: "Eo Enana"
 tongic_language: "Tongic"
 mangareva_language: "Mangareva"
 tuvaluan_language: "Tuvaluano"
 rotuam_language: "Rotuam"
 natugu_language: "Natugu"
 vosa_vaka_viti_language: "Vosa Vaka Viti"
 kajin_majel_language: "Kajin Majel"
 chuukese_language: "Chuukese"
 pohnpeian_language: "Pohnpeian"
 belauan_language: "Belauan"
 i_kiribati_language: "I-Kiribati"
 chamoru_language: "Chamoru"
 kosrae_language: "Kosrae"
 thin_nu_waab_language: "Thin Nu Waab"
 refaluwasch_language: "Refaluwasch"
 valpei_language: "Valpei"
 akei_language: "Akei"
 tamambo_language: "Tamambo"
 sakao_language: "Sakao"
 tolomako_language: "Tolomako"
 ambae_language: "Ambae"
 maewo_language: "Maewo"
 apma_language: "Apma"
 malakula_language: "Malakula"
 ambrym_language: "Ambrym"
 nakanamanga_language: "Nakanamanga"
 lewo_language: "Lewo"
 sie_language: "Sie"
 lenakel_language: "Lenakel"
 anejom_language: "Anejom"
 futuna_language: "Futuna"
 saa_language: "Saa"
 kwaio_language: "Kwaio"
 kwaraae_language: "Kwaraae"
 tiri_language: "Tiri"
 paici_language: "Paici"
 ajie_language: "Ajie"
 xaracuu_language: "Xaracuu"
 cemuhi_language: "Cemuhi"
 yuanga_language: "Yuanga"
 numee_language: "Numee"
 nyelayu_language: "Nyelayu"
 ndrumbea_language: "Ndrumbea"
 fwai_language: "Fwai"
 drehu_language: "Drehu"
 nengone_language: "Nengone"
 vaghua_language: "Vaghua"
 roviana_language: "Roviana"
 nduke_language: "Nduke"
 marovo_language: "Marovo"
 ughele_language: "Ughelés"
 vangunu_language: "Vangano"
 ghari_language: "Ghari"
 gela_language: "Gela"
 arosi_language: "Arosi"
 mu_ngava_language: "Mu Ngava"
 mwotlap_culture: "Mwotlap"
 niuean_culture: "Niuean"
 tuamotus_culture: "Tuamotus"
 maohi_culture: "Maohi"
 tokelauan_culture: "Tokelauan"
 tagata_samoa_culture: "Tagata Samoa"
 rapa_nui_culture: "Rapa Nui"
 enana_culture: "Enana"
 tonga_oceania_culture: "Tonga"
 mangareva_culture: "Mangareva"
 tuvaluan_culture: "Tuvaluanos"
 natugu_culture: "Natugu"
 itaukei_culture: "Itaukei"
 kajoor_ri_majel_culture: "Kajoor Ri Majel"
 chuukese_culture: "Chuukese"
 pohnpeian_culture: "Pohnpeian"
 belauan_culture: "Belauan"
 i_kiribati_culture: "I-Kiribati"
 kosrae_culture: "Kosrae"
 yap_culture: "Yap"
 chamoru_culture: "Chamoru"
 refaluwasch_culture: "Refaluwasch"
 valpei_culture: "Valpei"
 akei_culture: "Akei"
 tamambo_culture: "Tamambo"
 sakao_culture: "Sakao"
 tolomako_culture: "Tolomako"
 ambae_culture: "Ambae"
 maewo_culture: "Maewo"
 apma_culture: "Apma"
 malakula_culture: "Malakula"
 ambrym_culture: "Ambrym"
 nakanamanga_culture: "Nakanamanga"
 lewo_culture: "Lewo"
 sie_culture: "Sie"
 lenakel_culture: "Lenakel"
 anejom_culture: "Anejom"
 futuna_culture: "Futuna"
 saa_culture: "Saa"
 kwaio_culture: "Kwaio"
 kwaraae_culture: "Kwaraae"
 tiri_culture: "Tiri"
 paici_culture: "Paici"
 ajie_culture: "Ajie"
 xaracuu_culture: "Xaracuu"
 cemuhi_culture: "Cemuhi"
 yuanga_culture: "Yuanga"
 numee_culture: "Numee"
 nyelayu_culture: "Nyelayu"
 moru_madi_language: "Moru-Madi"
 gyele_culture: "Gyele"
 bua_language: "Bua"
 mandja_culture: "Mandja"
 banda_culture: "Banda"
 bomassa_culture: "Bomassa"
 gula_iro_culture: "Gula iro"
 ngbandi_culture: "Ngbandi"
 fang_culture: "Fang"
 sara_culture: "Sara"
 bulu_culture: "Bulu"
 baka_culture: "Baka"
 gbaya_culture: "Gbaya"
 mbay_culture: "Mbay"
 ndrumbea_culture: "Ndrumbea"
 fwai_culture: "Fwai"
 drehu_culture: "Drehu"
 nengone_culture: "Nengone"
 vaghua_culture: "Vaghua"
 cheke_holo_culture: "Cheke Holo"
 roviana_culture: "Roviana"
 nduke_culture: "Nduke"
 marovo_culture: "Marovo"
 ughele_culture: "Ugheleses"
 vangunu_culture: "Vanganos"
 ghari_culture: "Ghari"
 gela_culture: "Gela"
 arosi_culture: "Arosi"
 mu_ngava_culture: "Mu Ngava"
 cheke_holo_language: "Cheke Holo"
