l_spanish:
 #Continents
 africa: "África"
 america: "América"
 asia: "Asia"
 europe: "Europa"
 oceania: "Oceanía"
 ocean_continent: "Océano Mundial"
 #Subcontinents
 #Africa
 central_africa: "África Central"
 east_africa: "África Oriental"
 north_africa: "África Septentrional"
 southern_africa: "África Meridional"
 west_africa: "África Occidental"
 central_africa_region: "Central Africa"
 #America
 north_america: "Norteamérica"
 south_america: "Sudamérica"
 #Asia
 central_asia: "Asia Central"
 china: "China"
 east_asia: "Asia Oriental"
 middle_east: "Oriente Medio"
 north_asia: "Asia del Norte"
 india: "India"
 south_asia: "Asia Meridional"
 hindustan_region: "Indostán"
 south_east_asia: "Sudeste Asiático"
 #Europe
 eastern_europe: "Europa Oriental"
 western_europe: "Europa Occidental"
 #Oceania
 pacific_islands: "Islas del Pacífico"
 australia: "Australia"
 polynesia_region: "Polinesia"
 australasia: "Australasia"
 #Ocean Continent
 ocean_sub_continent: "Océano"
 north_atlantic_ocean_sub_continent: "Océano Atlántico Norte"
 south_atlantic_sub_continent: "Océano Atlántico Sur"
 indian_ocean_sub_continent: "Océano Índico"
 north_pacific_ocean_sub_continent: "Océano Pacífico Norte"
 south_pacific_ocean_sub_continent: "Océano Pacífico Sur"
 antarctic_ocean_sub_continent: "Océano Antártico"
 atlantic_ocean_continent: "Océano Atlántico"
 indian_ocean_continent: "Océano Índico"
 pacific_ocean_continent: "Océano Pacífico"
 antarctic_ocean_continent: "Océano Antártico"
 north_atlantic_islands_region: "Islas del Atlántico Norte"
 macaronesia_region: "Macaronesia"
 central_india_region: "India Central"
 #Regions
 #Africa
 #Central Africa
 kongo_region: "Congo"
 #East Africa
 great_lakes_region: "Grandes Lagos"
 ethiopia_region: "Etiopía"
 nubia_region: "Nubia"
 somalia_region: "Somalia"
 madagascar_region: "Madagascar"
 swahili_coast_region: "Costa Suajili"
 #North Africa
 egypt_region: "Egipto"
 maghreb_region: "Magreb"
 #South Africa
 southern_africa_region: "África Meridional"
 zimbabwe_region: "Zimbabue"
 southern_africa_islands_region: "Islas de África Meridional"
 #West Africa
 sahel_region: "Sahel"
 guinea_region: "Guinea"
 #America
 #North America
 canada_region: "Canadá"
 east_coast_region: "Costa Este"
 great_plains_region: "Grandes Llanuras"
 caribbean_region: "Caribe"
 central_america_region: "Centroamérica"
 mesoamerica_region: "Mesoamérica"
 aridoamerica_region: "Aridoamérica"
 west_coast_region: "Costa Oeste"
 alaska_region: "Alaska"
 #South America
 brazil_region: "Brasil"
 colombia_region: "Colombia"
 la_plata_region: "La Plata"
 andes_region: "Andes"
 chaco_region: "Chaco"
 #Asia
 #Central Asia
 khorasan_region: "Jorasán"
 #East Asia
 east_china_region: "China Oriental"
 japan_region: "Japón"
 korea_region: "Corea"
 manchuria_region: "Manchuria"
 mongolia_region: "Mongolia"
 north_china_region: "China Septentrional"
 south_china_region: "China Meridional"
 tibet_region: "Tíbet"
 west_china_region: "China Occidental"
 xinjiang_region: "Sinkiang"
 #Middle East
 anatolia_region: "Anatolia"
 arabia_region: "Arabia"
 crescent_region: "Creciente Fértil"
 persia_region: "Persia"
 #North Asia
 east_siberia_region: "Siberia oriental"
 west_siberia_region: "Siberia occidental"
 #South Asia
 bengal_region: "Bengala"
 deccan_region: "Decán"
 western_india_region: "India occidental"
 #Southeast Asia
 indochina_region: "Indochina"
 indonesia_region: "Indonesia"
 #Europe
 #Eastern Europe
 balkan_region: "Balcanes"
 carpathia_region: "Cárpatos"
 caucasus_region: "Cáucaso"
 poland: "Polonia"
 baltic_region: "Báltico"
 ruthenia_region: "Rutenia"
 russian_region: "Rusia"
 steppes_region: "Estepa póntica"
 ural_region: "Ural"
 #Western Europe
 france_region: "Francia"
 great_britain_region: "Gran Bretaña"
 iberia_region: "Iberia"
 iberia_region_ADJ: "De Iberia"
 ireland_region: "Irlanda"
 italy_region: "Italia"
 north_german_region: "Alemania Septentrional"
 scandinavian_region: "Escandinavia"
 south_german_region: "Alemania Meridional"
 #Oceania
 #Australia
 australia_region: "Australia"
 #Polynesia
 new_zealand_region: "Nueva Zelanda"
 micronesia_region: "Micronesia"
 melanesia_region: "Melanesia"
 #Ocean Continent
 #Ocean Subcontinent
 ocean_region: "Océano"
 north_atlantic_ocean_region: "Océano Atlántico Norte"
 south_atlantic_region: "Atlántico Sur"
 indian_ocean_region: "Océano Índico"
 north_pacific_ocean_region: "Océano Pacífico Norte"
 south_pacific_ocean_region: "Océano Pacífico Sur"
 antarctic_ocean_region: "Océano Antártico"
