l_korean:
 #Africa
 #Central Africa
 #Kongo Region
 ngono_area: "응고노"
 #East Africa
 #Great Lakes Region
 egaso_ngiro_area: "에와소 응이로"
 igombe_area: "이곰베"
 malawi_area: "말라위 열곡"
 rift_valley_area: "리프트 밸리"
 victoria_area: "빅토리아호"
 #Ethiopia Region
 central_ethiopia_area: "중부 에티오피아"
 northern_ethiopia_area: "북부 에티오피아"
 southern_ethiopia_area: "남부 에티오피아"
 #Nubia Region
 butana_area: "부타나"
 darfur_area: "코르도판"
 equatoria_area: "에콰토리아"
 nubia_proper_area: "누비아"
 #Somalia Region
 inner_somalia_area: "내륙 소말리아"
 northern_somalia_area: "북부 소말리아"
 southern_somalia_area: "남부 소말리아"
 #Madagascar Region
 east_african_island_area: "동아프리카 제도"
 east_madagascar_area: "동마다가스카르"
 malagasy_highlands_area: "말라가시 고원"
 north_madagascar_area: "북마다가스카르"
 west_madagascar_area: "서마다가스카르"
 #Swahili Coast Region
 mozambique_area: "모잠비크"
 rufiji_area: "루피지"
 ruvuma_lurio_area: "루부마-루리오"
 tana_area: "타나"
 wami_area: "와미"
 #North Africa
 #Egypt Region
 lower_egypt_area: "하이집트"
 upper_egypt_area: "상이집트"
 sinai_area: "시나이"
 cyrenaica_area: "키레나이카"
 #Maghreb Region
 algiers_area: "알마그리브 알아우사트"
 atlas_high_plateau: "아틀라스 고원"
 desert_area: "사하라 오아시스"
 macaronesia_area: "마카로네시아"
 macaronesia_area_ADJ: "마카로네시아"
 morocco_area: "알마그리브 알악사"
 sus_area: "$sus_province$"
 tripolitania_area: "트리폴리"
 tunis_area: "알마그리브 알아드나"
 #South Africa
 #South Africa Region
 southern_africa_islands_area: "남아프리카 제도"
 goringhaikona_area: "고링하이코나"
 umgungundlovu_area: "움궁운들로부"
 tzaneen_area: "짜닌"
 thaba_bosiu_area: "타바 보시우"
 karoo_area: "카루"
 kalahari_area: "칼라하리"
 okavango_area: "오카방고"
 namib_area: "나미브"
 cape_area: "케이프"
 #Zimbabwe Region
 limpopo_area: "림포포"
 zambezi_area: "잠베지"
 save_area: "사베"
 #West Africa
 #Sahel Region
 adamawa_area: "아다마와"
 air_area: "아이르"
 bornu_area: "보르누"
 east_mossi_area: "모시"
 gao_area: "가오"
 ghana_area: "가나"
 kanem_area: "카넴"
 logone_area: "로곤"
 mali_area: "말리"
 north_hausa_area: "북하우사랜드"
 south_hausa_area: "남하우사랜드"
 timbuktu_area: "팀북투"
 wadai_area: "와다이"
 west_mossi_area: "서모시"
 western_sahara_area: "서사하라"
 zarma_area: "자르마"
 #West Africa Region
 akan_area: "아칸"
 benin_area: "베냉"
 cameroon_highlands_area: "카메룬 고원"
 cape_verde_area: "카보베르데"
 futa_tooro_area: "푸타 투로"
 gambia_area: "감비아"
 gold_coast_area: "골드코스트"
 gulf_of_guinea_area: "기니만"
 gur_area: "구르"
 jolof_area: "졸로프"
 kong_area: "콩"
 kru_area: "크루"
 lower_niger_area: "하니제르"
 south_manding_area: "남만딩"
 upper_guinea_area: "상기니"
 west_africa_coastline: "서아프리카 해안선"
 yoruba_area: "요루바"
 #Central Africa Region
 north_gabun_area: "북가봉"
 south_gabun_area: "남가봉"
 west_kongo_area: "서콩고"
 kongo_area: "콩고"
 south_kongo_area: "남콩고"
 west_lunda_area: "서룬다"
 viye_area: "비예"
 maligo_area: "말리고"
 east_lunda_area: "동룬다"
 moshiko_area: "모시코"
 kasongo_area: "카송고"
 east_kongo_area: "동콩고"
 central_africa_area: "중앙아프리카"
 #America
 #North America
 #Canada Region
 greenland_area: "그린란드"
 greenland_sea_area: "그린란드해"
 icelandic_coast_area: "아이슬란드 해안"
 northern_isles_sea_area: "노던 제도해"
 quebec_area: "퀘벡"
 laurentian_area: "로랑티안"
 lower_canada_area: "하캐나다"
 jamesie_area: "동부 제임스만"
 nunavik_area: "누나빅"
 labrador_area: "래브라도"
 newfoundland_area: "뉴펀들랜드"
 prince_edward_island_area: "프린스에드워드아일랜드"
 acadia_area: "아카디아"
 new_brunswick_area: "뉴브런즈윅"
 eastern_ontario_area: "동부 온타리오"
 western_ontario_area: "서부 온타리오"
 northern_ontario_area: "북부 온타리오"
 northwestern_ontario_area: "북서부 온타리오"
 greenstone_belt_area: "아비티비 고원"
 keewatin_area: "키와틴"
 james_bay_lowlands_area: "서부 제임스만"
 gulf_of_saint_lawrence_area: "세인트로렌스만"
 canadian_atlantic_coast_area: "캐나다 대서양 연안"
 labrador_sea_area: "래브라도해"
 hudson_bay_coast_area: "허드슨만 연안"
 western_greenland_sea_zones_area: "서그린란드해"
 eastern_greenland_sea_area: "동그린란드해"
 hudson_bay_sea_zones_area: "허드슨만"
 lousiana_sea_zones_area: "루이지애나해"
 great_lakes_sea_zones_area: "오대호"
 #Caribbean Region
 cuba_area: "쿠바"
 hispaniola_area: "히스파니올라" #Quisqueya
 lesser_antilles_area: "소앤틸리스"
 #Central America Region
 panama_area: "파나마"
 #East Coast Region
 massachusetts_area: "매사추세츠"
 southern_new_england_area: "남부 뉴잉글랜드"
 vermont_area: "버몬트"
 new_hampshire_area: "뉴햄프셔"
 maine_area: "메인"
 hudson_area: "허드슨"
 haudenosaunee_area: "호데노쇼니"
 new_jersey_area: "뉴저지"
 pennsylvania_area: "펜실베이니아"
 westsylvania_area: "앨러게니"
 maryland_area: "메릴랜드"
 virginia_area: "버지니아"
 west_virginia_area: "웨스트버지니아"
 north_carolina_area: "노스캐롤라이나"
 south_carolina_area: "사우스캐롤라이나"
 georgia_us_area: "조지아"
 florida_area: "플로리다"
 tennessee_area: "테네시"
 kentucky_area: "켄터키"
 ohio_area: "오하이오"
 indiana_area: "인디애나"
 michigan_area: "미시간"
 illinois_area: "일리노이"
 wisconsin_area: "위스콘신"
 alabama_area: "앨라배마"
 mississippi_area: "미시시피"
 #Louisiana Region
 louisiana_area: "루이지애나"
 arkansas_area: "아칸소"
 missouri_area: "미주리"
 iowa_area: "아이오와"
 minnesota_area: "미네소타"
 superior_area: "슈피리어호"
 north_dakota_area: "노스다코타"
 south_dakota_area: "사우스다코타"
 central_plains_area: "그레이트플레인스"
 natahende_area: "나타헨데"
 high_plains_area: "하이플레인스"
 badlands_area: "와이오밍"
 upper_missouri_area: "상미주리"
 athabasca_area: "애서배스카"
 saskatchewan_area: "서스캐처원"
 keewatin_n_area: "북부 키와틴"
 red_river_area: "레드 리버"
 mascarene_islands_area: "마스카렌 제도"
 #Mesoamerica
 mexihko_area: "메시코"
 tlaxcala_area: "틀락스칼라"
 puebla_area: "푸에블라"
 guanajuato_area: "과나후아토"
 oaxaca_area: "와하카"
 veracruz_area: "베라크루스"
 huaxyacac_area: "와시야칵"
 tochtepec_area: "토치테펙"
 michoacan_area: "미초아칸"
 xilotepec_area: "실로테펙"
 xalisco_area: "샬리스코"
 aridoamerica_sea_zones_area: "아리도아메리카해"
 janeiro_area: "자네이루"
 mayaab_area: "마야압"
 chilapan_area: "칠라판"
 puuk_area: "푸욱"
 chactemal_area: "차악 테 에말"
 mesoamerica_sea_zones_area: "메소아메리카해"
 central_america_sea_zones_area: "중앙아메리카해"
 peten_area: "페텐"
 tezulutlan_area: "테술루틀란"
 kuskatan_area: "쿠스카탄"
 imabite_area: "이마비테"
 nekokiaw_area: "네코키아우"
 #Arido America
 zacatecas_area: "틀라쿠이틀라판"
 baja_area: "바하 캘리포니아"
 tahejoc_area: "게 카치크 바쇼"
 culiacan_area: "쿨리아칸"
 tamaulipeco_area: "타마울리페코"
 guachichil_area: "구아치칠"
 texas_area: "텍사스"
 shiewhibak_area: "알리 숀"
 #West Coast Region
 northwest_coast_area: "북서해안"
 western_arctic_area: "서부 북극"
 alaxsxaq_area: "알라흐스하크"
 yukon_area: "유콘"
 alaska_sea_zones_area: "알래스카해"
 columbia_interior_area: "컬럼비아 내륙"
 california_area: "알타 캘리포니아"
 great_basin_area: "그레이트베이슨"
 rockies_area: "로키산맥"
 hawaii_area: "하와이"
 hawaii_sea_area: "하와이해"
 cascadia_area: "캐스케이디아"
 cascadia_sea_zones_area: "아메리카 서해안"
 #South America
 #Brazil Region
 amazon_area: "아마존"
 tocantins_area: "토칸칭스"
 mearim_area: "메아림"
 paranaiba_area: "파라나이바"
 jaguaribe_area: "자과리베"
 parapitinga_area: "파라피팅가"
 pindorama_area: "핀도라마"
 parana_area: "파라나"
 paraguay_area: "파라과이"
 guapore_area: "과포레"
 uruguay_area: "우르과이"
 #Colombia Region
 bogota_area: "보고타"
 #Andes Region
 andes_area: "안데스"
 quitu_area: "키투"
 chala_area: "찰라"
 atacama_area: "아타카마"
 cuyo_area: "쿠요"
 yunga_area: "융가"
 puna_area: "푸나"
 qullaw_area: "쿠야우"
 acamama_area: "아카마마"
 suni_area: "수니"
 rupa_rupa_area: "루파 루파"
 galapagos_area: "갈라파고스"
 andes_sea_zones_area: "안데스해"
 #Chaco Region
 chaco_area: "차코"
 la_plata_area: "라플라타"
 ngulumapu_area: "응굴루마푸"
 juan_fernandez_area: "후안페르난데스"
 mamore_area: "마모레"
 paranena_area: "파라네나"
 ayoreo_area: "아요레오"
 moqoit_area: "모코이트"
 pampa_area: "팜파"
 puelmapu_area: "푸엘마푸"
 patagonia_area: "파타고니아"
 falklands_area: "포클랜드"
 south_georgia_area: "사우스조지아"
 rapa_nui_area: "라파 누이"
 #Asia
 #Central Asia
 #Khorasan Region
 badakhshan_area: "바다흐샨"
 desht_kipchak_area: "킵차크 초원"
 eastern_khorasan_area: "동호라산"
 khwarazm_area: "호라즘"
 transoxiana_area: "트란스옥시아나"
 western_khorasan_area: "서호라산"
 zhetysu_area: "제티수"
 caspian_sea_area: "카스피해"
 #East Asia
 #East China Region
 fujian_area: "복건" #福建
 hunan_area: "후난" #湖南
 wuling_area: "우링" #武陵
 hubei_area: "후베이" #湖北
 jiangxi_area: "강서" #江西
 jiangnan_area: "장난" #江南
 huaidong_area: "화동" #淮东
 huaixi_area: "화이시" #淮西
 taiwan_area: "대만" #台灣
 zhejiang_area: "절강" #浙江
 east_china_coastline: "동중국 해안선"
 #Japan Region
 ezo_area: "에조" #蝦夷
 hokurikudou_area: "호쿠리쿠도" #北陸道
 kinai_area: "기나이" #畿内
 nankaidou_area: "난카이도" #南海道
 saikaidou_area: "사이카이도" #西海道
 sanindou_area: "산인도" #山陰道
 sanyoudou_area: "산요도" #山陽道
 ou_area: "오우" #奥羽
 toukaidou_area: "도카이도" #東海道
 tousandou_area: "도산도" #東山道
 ryuukyuu_area: "류큐" #琉球
 japan_coastline: "일본 해안선"
 sea_of_japan_area: "일본해"
 ryuukyuu_sea_area: "류큐해"
 ezo_sea: "에조해"
 #Korea Region
 gwanseo_area: "관서"
 gwandong_area: "관동"
 yeongnam_area: "영남"
 gyeonggi_area: "경기"
 honam_area: "호남"
 haeseo_area: "해서"
 hoseo_area: "호서"
 gwanbuk_area: "관북"
 korea_western_coastline: "한반도 서해안"
 korea_eastern_coastline: "한반도 동해안"
 #Manchuria Region
 liaodong_area: "랴오둥" #遼東
 lower_amur_area: "하아무르"
 middle_amur_area: "중아무르"
 songhua_area: "쑹화"
 songnen_area: "쑹넌"
 ussuri_area: "우수리"
 manchuria_coastline: "만주 해안선"
 #Mongolia Region
 argun_area: "아르군"
 eastern_gobi_area: "동부 고비"
 lower_selenga_area: "하셀렝가"
 mongolian_great_lakes_area: "몽골 대호수"
 shilkari_area: "실카리"
 southern_gobi_area: "남부 고비"
 tuva_area: "투바"
 upper_selenga_area: "상셀렝가"
 western_gobi_area: "서부 고비"
 #North China Region
 beiping_area: "베이핑" #北平
 yannan_area: "옌난" #燕南
 yanbei_area: "옌베이" #燕北
 hebei_area: "허베이" #河北
 henan_area: "허난" #河南
 haiyou_area: "하이유" #海右
 shandong_area: "산둥" #山東
 datong_area: "다퉁"
 shanxi_area: "산시" #山西
 north_china_coastline: "북중국 해안선"
 #South China Region
 haibei_hainan_area: "하이베이 하이난" #海北海南
 guangdong_area: "광둥" #廣東
 liangjiang_area: "량장" #两江
 guangxi_area: "광시" #廣西
 guizhou_area: "구이저우" #貴州
 dali_area: "다리" #大理
 yunnan_area: "윈난" #雲南
 south_china_coastline: "남중국 해안선"
 #Tibet Region
 amdo_area: "암도"
 changtang_area: "창탕"
 kham_area: "캄"
 ngari_area: "아리"
 tsang_area: "창"
 u_area: "위"
 #West China Region
 gansu_area: "간쑤" #甘肃/甘肅
 hexi_area: "허시" #河西
 longyou_area: "롱유" #陇右
 shaanxi_area: "산시" #陕西/陝西
 chuandong_area: "촨둥" #川东
 chuannan_area: "촨난" #川南
 chuanxi_area: "촨시" #川西
 #xinjiang Region
 dzungaria_area: "중가리아"
 tarim_area: "타림"
 #Middle East
 #Anatolia Region
 armenian_highlands_area: "아르메니아 고원"
 cappadocia_area: "카파도키아"
 central_anatolia_area: "중부 아나톨리아"
 cilicia_area: "킬리키아"
 marmara_area: "마르마라 지역"
 pontus_area: "폰토스"
 west_anatolia_area: "서부 아나톨리아"
 #Arabia Region
 bahrein_area: "바레인"
 hedjaz_area: "헤자즈"
 najd_area: "네지드"
 oman_area: "오만"
 hail_area: "알-하일"
 north_yemen_area: "북예멘"
 south_yemen_area: "남예멘"
 arabian_area: "아라비아해"
 red_sea_area: "홍해"
 #Crescent Region
 iraq_arabi_area: "이라크 알-아라비"
 jazira_area: "자지라"
 levant_area: "레반트"
 #Persia Region
 azerbaijan_area: "아제르바이잔"
 baluchistan_area: "발루치스탄"
 fars_area: "파르스"
 iraq_ajam_area: "이라크 아잠"
 kerman_area: "케르만"
 khuzestan_area: "후제스탄과 루리스탄"
 kordestan_area: "쿠르디스탄"
 mazandaran_area: "마잔다란"
 quhestan_area: "쿠히스탄"
 sistan_area: "시스탄"
 oman_sea_zones_area: "오만만"
 bengal_sea_zones_area: "벵골해"
 western_india_sea_zones_area: "서인도해"
 deccan_sea_zones_area: "데칸해"
 #North Asia
 #West Siberia Region
 chimgi_tura_area: "침기 투라"
 qashliq_area: "카슐리크"
 irkutsk_area: "이르쿠츠크"
 surgut_area: "수르구트"
 mangazeya_area: "만가제야"
 tomsk_area: "톰스크"
 omsk_area: "옴스크"
 kulykol_area: "쿨리콜"
 bursol_area: "부르솔"
 suzun_area: "수준"
 kansk_area: "칸스크"
 bratsk_area: "브라츠크"
 angara_area: "안가라"
 vitim_area: "비팀"
 anabyr_area: "아나비르"
 yenisei_area: "예니세이"
 #East Siberia Region
 chukchee_area: "축치"
 anadyr_area: "아나디르"
 kamchatka_area: "캄차카"
 chuvan_area: "추반"
 kolyma_area: "콜리마"
 yandin_area: "얀딘"
 indigirka_area: "인디기르카"
 okhotsk_coast_area: "오호츠크 해안"
 east_stanovoi_area: "동스타노보이"
 west_stanovoi_area: "서스타노보이"
 amga_area: "암가"
 yakutia_area: "야쿠티아"
 lower_lena_area: "하부 레나"
 middle_lena_area: "중부 레나"
 upper_lena_area: "상부 레나"
 onoid_area: "오노이드"
 laptev_coast_area: "랍테프 해안"
 siberian_lakes_area: "시베리아 호수"
 yakutsk_sea_area: "야쿠츠크해"
 #West Siberia Region
 #South Asia
 #Bengal Region
 assam_area: "아삼"
 bengal_area: "벵골"
 hill_area: "조 힐스"
 jharkhand_area: "자르칸드"
 mithila_area: "미틸라와 마가다"
 monyul_area: "몬율"
 nepal_area: "네팔"
 chota_nagpur_area: "초타나그푸르"
 orissa_area: "오리사"
 #Deccan Region
 andhra_area: "안드라"
 awadh_area: "아와드"
 bhojpur_area: "보즈푸르"
 gondwana_area: "곤드와나"
 karnakassala_area: "카르나카살라"
 konkan_area: "콘칸"
 sailan_area: "세일란"
 maharashtra_area: "마하라슈트라"
 malabar_area: "말라바르"
 rokhilkhand_area: "로힐칸드"
 tamil_land_area: "타밀나두"
 telingana_area: "텔랑가나"
 vidarbha_area: "비다르바"
 maldives_area: "몰디브"
 #Western India Region
 gujarat_area: "구자라트"
 malwa_area: "말와"
 rajputana_area: "라지푸타나"
 saurashtra_area: "사우라슈트라"
 #Hindustan Region
 upper_indus_area: "상부 인더스"
 sindh_area: "신드"
 doab_area: "도아브"
 punjab_area: "펀자브"
 #Southeast Asia
 #Indochina Region
 arakhan_area: "아라칸"
 champa_area: "참파"
 chao_phraya_area: "짜오프라야"
 irrawady_area: "이라와디"
 irrawady_delta_area: "이라와디 삼각주"
 kachin_area: "카친"
 khorat_plateau_area: "코랏고원"
 lower_mekong_area: "하부 메콩"
 malay_peninsula_area: "말레이반도"
 northern_tai_highland_area: "북타이고원"
 red_river_delta_area: "홍강 삼각주"
 shan_highland_area: "샨고원"
 southeast_asian_coasts_area: "동남아시아 해안"
 #Indonesia Region
 north_borneo_area: "북보르네오"
 south_borneo_area: "남보르네오"
 celebes_area: "술라웨시"
 java_area: "자바"
 lesser_sunda_area: "소순다"
 moluccas_area: "몰루카"
 luzon_area: "루손"
 visayas_area: "비사야스"
 mindanao_area: "민다나오"
 north_sumatra_area: "북수마트라"
 south_sumatra_area: "남수마트라"
 indonesia_coasts_area: "인도네시아 해안"
 #Europe
 #Eastern Europe
 #Balkan Region
 aegean_archipelago_area: "에게해 제도"
 bosnia_area: "보스니아"
 bulgaria_area: "불가리아"
 croatia_area: "크로아티아"
 macedonia_area: "마케도니아"
 morea_area: "모레아"
 northern_greece_area: "북부 그리스"
 serbia_area: "세르비아"
 silistria_area: "실리스트라"
 slavonia_area: "슬라보니아"
 slovenia_area: "카르니올라"
 thrace_area: "트라키아"
 #Carpathia Region
 north_alfold_area: "북알폴드"
 south_alfold_area: "남알폴드"
 transdanubia_area: "트란스다뉴비아"
 moldavia_area: "몰다비아"
 slovakia_area: "슬로바키아"
 transylvania_area: "트란실바니아"
 wallachia_area: "왈라키아"
 #Caucasus Region
 armenia_area: "아르메니아"
 georgia_area: "조지아"
 northern_caucasus_area: "북부 캅카스"
 shirvan_area: "시르반"
 #Poland Region
 central_poland_area: "중부 폴란드"
 greater_poland_area: "대폴란드"
 lesser_poland_area: "소폴란드"
 lithuania_area: "리투아니아"
 mazovia_area: "마조프셰"
 prussia_area: "프로이센"
 samogitia_area: "사모기티아"
 #Russia Region
 moscow_area: "모스크바"
 smolensk_area: "스몰렌스크"
 oka_area: "오카"
 sloboda_ukraine_area: "슬로보다"
 ryazan_area: "랴잔"
 west_novgorod_area: "서노브고로드"
 east_novgorod_area: "동노브고로드"
 tambov_area: "탐보프"
 samara_area: "사마라"
 nizhny_novgorod_area: "니즈니노브고로드"
 suzdal_area: "수즈달"
 vladimir_area: "블라디미르"
 tver_area: "트베리"
 yaroslavl_area: "야로슬라블"
 beloozero_area: "벨루제로"
 totma_area: "토트마"
 #Ruthenia Region
 black_ruthenia_area: "흑루테니아"
 left_bank_ukraine_area: "좌안 우크라이나"
 podolia_area: "포돌리아"
 polesia_area: "폴레시아"
 red_ruthenia_area: "적루테니아"
 right_bank_ukraine_area: "우안 우크라이나"
 severia_area: "세베리아"
 volhynia_area: "볼히니아"
 white_ruthenia_area: "백루테니아"
 #Steppes Region
 crimea_area: "크림"
 matrega_area: "마트레가"
 yedisan_area: "예디산"
 zaporizhzhia_area: "자포리자"
 pryazovia_area: "프리아조비야"
 azov_area: "아조프"
 lower_don_area: "하부 돈"
 astrakhan_area: "아스트라한"
 majar_area: "마자르"
 lower_yik_area: "하부 익"
 samar_area: "사마르"
 kursk_area: "쿠르스크"
 #Ural Region
 kazan_area: "카잔"
 vyatka_area: "뱟카"
 bolghar_area: "볼가르"
 bashkiria_area: "바시키르"
 karagay_area: "카라가이"
 perm_area: "페름"
 ust_sysola_area: "우스트-시솔라"
 vorkuta_area: "보르쿠타"
 ural_area: "우랄"
 #White Sea Region
 pomorye_area: "포모리예"
 arkhangelsk_area: "아르한겔스크"
 karelia_area: "카렐리아"
 kola_area: "콜라"
 russian_coastline: "러시아 해안선"
 #Western Europe
 #France Region
 alsace_area: "알자스"
 alsace_area_ADJ: "알자스"
 anjou_area: "앙주"
 anjou_area_ADJ: "앙주"
 auvergne_area: "오베르뉴"
 brittany_area: "브르타뉴"
 brittany_area_ADJ: "브르타뉴"
 burgundy_area: "부르고뉴"
 burgundy_area_ADJ: "부르고뉴"
 champagne_area: "샹파뉴"
 champagne_area_ADJ: "샹파뉴"
 franche_comte_area: "프랑슈콩테"
 franche_comte_area_ADJ: "프랑슈콩테"
 gascony_area: "가스코뉴"
 gascony_area_ADJ: "가스코뉴"
 guyenne_area: "기옌"
 guyenne_area_ADJ: "기옌"
 ile_de_france_area: "일드프랑스"
 ile_de_france_area_ADJ: "일드프랑스"
 lorraine_area: "로렌"
 lorraine_area_ADJ: "로렌"
 lyonnais_area: "리오네"
 normandy_area: "노르망디"
 normandy_area_ADJ: "노르망디"
 orleanais_area: "오를레앙"
 orleanais_area_ADJ: "오를레앙"
 picardy_area: "피카르디"
 picardy_area_ADJ: "피카르디"
 poitou_area: "푸아투"
 poitou_area_ADJ: "푸아투"
 provence_area: "프로방스"
 provence_area_ADJ: "프로방스"
 savoy_area: "사보이아와 도피네"
 savoy_area_ADJ: "사보이아"
 languedoc_area: "랑그도크"
 languedoc_area_ADJ: "랑그도크"
 #Great Britain Region
 east_anglia_area: "동앵글리아"
 home_counties_area: "홈 카운티스"
 midlands_area: "머시아"
 northumbria_area: "노섬브리아"
 scottish_highlands_area: "하이랜드"
 hebrides_area: "헤브리디스"
 hebrides_area_ADJ: "헤브리디스"
 scottish_lowlands_area: "로우랜드"
 wales_area: "웨일스"
 northern_isles_area: "노던 제도"
 west_country_area: "웨스트컨트리"
 #Iberia Region
 andalusia_area: "안달루시아"
 andalusia_area_ADJ: "안달루시아"
 aragon_area: "아라곤"
 aragon_area_ADJ: "아라곤"
 balearics_area: "발레아레스"
 balearics_area_ADJ: "발레아레스"
 castile_area: "카스티야"
 castile_area_ADJ: "카스티야"
 catalonia_area: "카탈루냐"
 catalonia_area_ADJ: "카탈루냐"
 granada_area: "$granada$"
 granada_area_ADJ: "그라나다"
 extremadura_area: "엑스트레마두라"
 extremadura_area_ADJ: "엑스트레마두라"
 galicia_area: "갈리시아"
 galicia_area_ADJ: "갈리시아"
 leon_area: "$leon_province$"
 leon_area_ADJ: "레온"
 murcia_area: "무르시아"
 navarre_area: "나바라"
 navarre_area_ADJ: "나바라"
 north_portugal_area: "북포르투갈"
 north_portugal_area_ADJ: "북포르투갈"
 south_portugal_area: "남포르투갈"
 south_portugal_area_ADJ: "남포르투갈"
 toledo_area: "$toledo_province$"
 toledo_area_ADJ: "톨레도"
 valencia_area: "$valencia_province$"
 valencia_area_ADJ: "발렌시아"
 #Ireland Region
 connaught_area: "코노트"
 leinster_area: "렌스터"
 munster_area: "먼스터"
 ulster_area: "얼스터"
 #Italy Region
 abruzzo_area: "아브루초"
 apulia_area: "풀리아"
 basilicata_area: "바실리카타와 칼라브리아"
 campania_area: "캄파니아와 프린치파토"
 emilia_area: "에밀리아와 로마냐"
 lazio_area: "라치오"
 liguria_area: "리구리아와 코르시카"
 lombardy_area: "롬바르디아"
 marche_area: "마르케와 움브리아"
 piemonte_area: "피에몬테"
 sardinia_area: "사르데냐"
 sicily_area: "시칠리아"
 tuscany_area: "토스카나"
 veneto_area: "베네토와 프리울리"
 #Scandinavia Region
 denmark_area: "덴마크"
 gotaland_area: "예탈란드"
 iceland_area: "아이슬란드"
 nord_norge_area: "북부 노르웨이"
 skaneland_area: "스코넬란드"
 svealand_area: "스베알란드"
 syd_norge_area: "남부 노르웨이"
 scandinavian_sea_zones_area: "스칸디나비아 해안선"
 #North Germany Region
 brabant_area: "브라반트"
 flanders_area: "플란데런"
 friesland_area: "프리슬란트"
 holland_area: "홀란트"
 wallonia_area: "왈롱"
 brandenburg_area: "브란덴부르크"
 mecklenburg_area: "메클렌부르크"
 #South Germany Region
 austria_area: "니더외스터라이히"
 rhineland_area: "라인란트"
 hesse_area: "헤센"
 westphalia_area: "베스트팔렌"
 lower_saxony_area: "니더작센"
 upper_saxony_area: "오버작센"
 pomerania_area: "포메른"
 holstein_area: "홀슈타인"
 upper_austria_area: "오버외스터라이히"
 salzburg_area: "잘츠부르크"
 styria_area: "슈타이어마르크"
 carinthia_area: "케른텐"
 central_switzerland_area: "스위스"
 eastern_switzerland_area: "라이티아"
 western_switzerland_area: "로망디"
 bohemia_area: "보헤미아"
 moravia_area: "모라비아"
 silesia_area: "실레시아"
 upper_rhine_area: "상부 라인"
 swabia_area: "슈바벤"
 bavaria_area: "바이에른"
 franconia_area: "프랑켄"
 tirol_area: "티롤과 트렌티노"
 #Oceania
 #Australia
 #Australia Region
 eastern_australia_area: "동오스트레일리아"
 #Papua
 eastern_australia_sea_zones_area: "동오스트레일리아해"
 micronesia_area: "미크로네시아"
 melanesia_area: "멜라네시아"
 solomon_islands_area: "솔로몬 제도"
 solomon_islands_coastal_sea_zones_area: "솔로몬 제도 연안해"
 bismarck_area: "비스마르크"
 momase_area: "모마세"
 kerema_area: "케레마"
 milne_area: "밀른"
 wanin_area: "와닌"
 papua_area: "파푸아"
 anim_ha_area: "아님 하"
 papua_sea_zones_area: "파푸아해"
 polynesia_area: "폴리네시아"
 #Polynesia
 #New Zealand Region
 rekohu_area: "레코후"
 lord_howe_area: "로드하우"
 norfolk_nz_area: "노퍽"
 motu_maha_area: "모투마하"
 new_zealand_sea_zones_area: "뉴질랜드해"
 rapa_nui_sea_zones_area: "라파 누이해"
 papahanaumokuakea_area: "파파하노모쿠아키아"
 hawaii_sea_zones_area: "하와이해"
 aono_raina_area: "아오노 라이나"
 aono_raina_sea_zones_area: "아오노 라이나해"
 kuki_airani_area: "쿡 제도"
 kuki_airani_sea_zones_area: "쿡 제도해"
 tuhaa_pae_area: "투하아 파에"
 tuhaa_pae_sea_zones_area: "투하아 파에 해역"
 te_henua_enana_area: "테 헤누아 에나나"
 te_henua_enana_sea_zones_area: "테 헤누아 에나나해"
 tuamotu_area: "투아모투"
 raeffsky_area: "라에프스키"
 palliser_area: "팰리저"
 tuamotu_sea_zones_area: "투아모투해"
 totaiete_ma_area: "토타이에테 마"
 totaiete_ma_sea_zones_area: "토타이에테 마해"
 pitcairn_area: "핏케언"
 pitcairn_sea_zones_area: "핏케언해"
 rawaki_area: "라와키"
 rawaki_sea_zones_area: "라와키해"
 tokelau_area: "토켈라우"
 tokelau_sea_zones_area: "토켈라우해"
 niue_area: "니우에"
 niue_sea_zones_area: "니우에해"
 tuvalu_area: "투발루"
 tuvalu_sea_zones_area: "투발루해"
 futuna_area: "푸투나"
 tonga_area: "통가"
 tonga_sea_zones_area: "통가해"
 samoa_area: "사모아"
 samoa_sea_zones_area: "사모아해"
 nanpo_area: "난포"
 nanpo_sea_zones_area: "난포해"
 marianas_area: "마리아나"
 marianas_sea_zones_area: "마리아나해"
 ratak_area: "라타크"
 ralik_area: "랄리크"
 majel_sea_zones_area: "마젤해"
 belau_area: "팔라우"
 belau_sea_zones_area: "팔라우해"
 chuuk_area: "추크"
 chuuk_sea_zones_area: "추크해"
 tungaru_area: "퉁가루"
 tungaru_sea_zones_area: "퉁가루해"
 tinputz_area: "틴푸츠"
 bougainville_area: "부건빌"
 mu_ngava_area: "무 응가바"
 solomon_islands_sea_zones_area: "솔로몬 제도해"
 temotu_area: "테모투"
 temotu_sea_zones_area: "테모투해"
 vanuatu_area: "바누아투"
 vanuatu_sea_zones_area: "바누아투해"
 fiji_area: "피지"
 fiji_sea_zones_area: "피지해"
 kanaky_area: "카나키"
 kanaky_sea_zones_area: "카나키해"
 nauru_area: "나우루"
 nauru_sea_zones_area: "나우루해"
 #Ocean Continent
 #Ocean Subcontinent
 #Ocean Region
 atlantic_canada_area: "애틀랜틱 캐나다"
 black_sea_area: "흑해"
 caribbean_sea_area: "카리브해"
 alboran_sea_area: "알보란해"
 tyrrhenian_sea: "티레니아해"
 adriatic_sea_area: "아드리아해"
 ionian_sea_area: "이오니아해"
 aegean_sea_area: "에게해"
 albania_area: "알바니아"
 levantine_sea_area: "레반트해"
 libyan_sea_area: "리비아해"
 central_mediterranean_sea_area: "중앙 지중해"
 iberian_west_coast_area: "이베리아 서해안"
 southeast_baltic_sea: "동남부 발트해"
 western_mediterranean_sea_area: "서부 지중해"
 atlantic_west_spitzbergen_area: "대서양 서부 스피츠베르겐"
 atlantic_irminger_area: "대서양 이르밍거"
 atlantic_labrador_area: "대서양 래브라도"
 atlantic_gulf_stream_area: "대서양 걸프 해류"
 atlantic_north_atlantic_current_area: "북대서양 해류"
 atlantic_azores_stream_area: "대서양 아조레스 해류"
 azores_sea_area: "아조레스해"
 bay_of_biscay_area: "비스케이만"
 atlantic_north_equatorial_area: "대서양 북적도"
 atlantic_equatorial_countercurrent_area: "대서양 적도 반류"
 atlantic_south_equatorial_area: "대서양 남적도"
 atlantic_saint_helena_area: "대서양 세인트헬레나"
 atlantic_saint_helena_sea_area: "대서양 세인트헬레나"
 atlantic_south_area: "남대서양"
 indian_horn_area: "인도양 혼"
 indian_andaman_area: "인도양 안다만"
 indian_monsoon_area: "인도양 몬순"
 indian_equatorial_countercurrent_area: "인도양 적도 반류"
 indian_south_equatorial_area: "인도양 남적도"
 indian_south_area: "남인도양"
 indian_austral_area: "인도양 오스트랄"
 indian_north_agulhas_area: "인도양 북아굴라스"
 pacific_north_area: "북태평양"
 pacific_north_equatorial_area: "태평양 북적도"
 pacific_hawaii_area: "태평양 하와이"
 pacific_kuro_area: "태평양 쿠로"
 pacific_south_equatorial_area: "태평양 남적도"
 pacific_easter_equatorial_area: "태평양 동적도"
 pacific_equatorial_countercurrent_area: "태평양 적도 반류"
 pacific_polynesia_area: "태평양 폴리네시아"
 pacific_south_area: "남태평양"
 pacific_tasmania_area: "태평양 태즈메이니아"
 antarctic_ocean_area: "남극해"
 mozambique_channel_area: "모잠비크 해협"
 cape_sea_zones: "케이프해"
 bengal_bay_area: "벵골만"
 timor_sea_area: "티모르해"
 tristan_da_cunha_area: "트리스탄다쿠냐"
 tristan_da_cunha_sea_zones_area: "트리스탄다쿠냐해"
 bouvet_area: "부베"
 #Australians
 western_australia_high_sea_zones_area: "서오스트레일리아해"
 northern_australia_high_sea_zones_area: "북오스트레일리아해"
 eastern_australia_high_sea_zones_area: "동오스트레일리아해"
 southern_australia_high_sea_zones_area: "남오스트레일리아해"
 southwestern_australia_area: "서남오스트레일리아"
 northwestern_australia_area: "북서오스트레일리아"
 australian_northern_territory_area: "노던 준주"
 australian_yalanji_area: "얄란지"
 southeastern_australia_area: "동남오스트레일리아"
 south_australia_area: "남오스트레일리아"
 #unsorted
 bermuda_province: "$bermuda$"
 bermuda_area: "$bermuda$"
 gulf_of_mexico_area: "멕시코만"
 west_greenland_sea_area: "서그린란드 해안"
 east_greenland_sea_area: "동그린란드 해안"
 coast_of_portugal_province: "포르투갈 해안"
 azores_province: "아소르스"
 madeira_province: "마데이라"
 canary_island_coast: "카나리아 제도 해안"
 coast_of_morocco: "모로코 해안"
 sahel_coast_province: "사헬 해안"
 bahamans_sea_zone: "루카야 해안"
 atlantic_sea_area: "사르가소해"
 madeira_sea_area: "마데이라해"
 azores_area: "아소르스"
 canary_islands_area: "카나리아 제도"
 south_macaronesia_area: "남부 마카로네시아"
 #temporary ones
 nw_africa_coast_area: "북서아프리카 해안"
