l_simp_chinese:
 acre.north_italian_language: "圣乔瓦尼达克里"
 amasra.north_italian_language: "阿马斯特里斯"
 ayas.north_italian_language: "拉亚佐"
 balat.north_italian_language: "帕拉蒂亚"
 berat.north_italian_language: "罗马的贝尔格拉多"
 brac.north_italian_language: "布拉扎"
 brixen.north_italian_language: "布雷萨诺内"
 bruneck.north_italian_language: "布鲁尼科"
 buzet.north_italian_language: "平根特"
 candia.north_italian_language: "坎迪亚"
 cesme.north_italian_language: "切斯梅"
 chania.north_italian_language: "拉卡内亚"
 crikvenica.north_italian_language: "奇尔奎尼扎"
 dubrovnik.north_italian_language: "拉古萨"
 dukagjini.north_italian_language: "杜卡吉尼"
 durres.north_italian_language: "都拉佐"
 edremit.north_italian_language: "阿德拉米蒂奥"
 eregli.north_italian_language: "彭代拉基亚"
 famagusta.north_italian_language: "法马戈斯塔"
 florence.north_italian_language: "佛罗伦萨"
 foca.north_italian_language: "福恰"
 genoa.north_italian_language: "热那亚"
 kaffa.north_italian_language: "卡法"
 kavaje.north_italian_language: "卡瓦利"
 khadjibey.north_italian_language: "吉内斯特拉"
 knin.north_italian_language: "特宁"
 krk.north_italian_language: "韦利亚"
 kruje.north_italian_language: "克罗亚"
 kyrenia.north_italian_language: "切里尼亚"
 lezha.north_italian_language: "阿莱西奥"
 limassol.north_italian_language: "利米索"
 makarska.north_italian_language: "马卡尔斯卡"
 mantova.north_italian_language: "曼托瓦"
 milano.north_italian_language: "米拉诺"
 morphou.north_italian_language: "奥莫尔福"
 naples.north_italian_language: "那波利"
 novigrad.north_italian_language: "诺韦格拉迪"
 otocac.north_italian_language: "奥托乔"
 pag.north_italian_language: "帕戈"
 paphos.north_italian_language: "帕福"
 pazin.north_italian_language: "皮西诺"
 pola.north_italian_language: "波拉"
 pontikokastro.north_italian_language: "贝尔韦代尔"
 rethymno.north_italian_language: "雷蒂莫"
 rijeka.north_italian_language: "阜姆"
 rome.north_italian_language: "罗马"
 rovinj.north_italian_language: "罗维尼奥"
 samsun.north_italian_language: "锡米索"
 senj.north_italian_language: "塞尼亚"
 shkoder.north_italian_language: "斯库塔里"
 sibenik.north_italian_language: "塞贝尼科"
 sinj.north_italian_language: "西格诺"
 sinop.north_italian_language: "锡诺佩"
 syracuse.north_italian_language: "锡拉库萨"
 siteia.north_italian_language: "锡蒂亚"
 slano.north_italian_language: "斯拉诺"
 smyrna.north_italian_language: "斯米尔纳"
 split.north_italian_language: "斯帕拉托"
 sterzing.north_italian_language: "维皮泰诺"
 theodoro.north_italian_language: "泰多罗"
 trebizond.north_italian_language: "特雷比松达"
 trento.north_italian_language: "特伦托"
 turin.north_italian_language: "都灵"
 venice.north_italian_language: "威尼斯"
 zadar.north_italian_language: "扎拉"
