l_simp_chinese:
 aachen.spanish_language: "阿基斯格兰"
 aalst.spanish_language: "阿洛斯特"
 acre.spanish_language: "圣胡安德阿克雷"
 agadir.spanish_language: "圣克鲁斯·德尔卡沃阿格尔"
 aguere.spanish_language: "圣克里斯托瓦尔·德拉拉古纳"
 akimel_oodham.spanish_language: "圣哈维尔·德尔巴克"
 alcacer_do_sal.spanish_language: "阿尔卡萨尔‑德拉萨尔"
 alcobaca.spanish_language: "阿尔科巴萨"
 alencon.spanish_language: "阿伦松"
 alexandria.spanish_language: "亚历杭德拉"
 alghero.spanish_language: "阿尔盖罗"
 algiers.spanish_language: "阿尔及尔"
 amsterdam.spanish_language: "阿姆斯特丹"
 andorra_la_vella.spanish_language: "安道尔"
 angouleme.spanish_language: "昂古莫瓦"
 antwerp.spanish_language: "安特韦尔皮亚"
 apalachee.spanish_language: "圣马科斯‑德阿巴拉契"
 aquileia.spanish_language: "阿奎莱亚"
 arasibo.spanish_language: "阿雷西博"
 arles.spanish_language: "阿尔勒"
 arras.spanish_language: "阿拉斯"
 asilah.spanish_language: "阿尔西拉"
 assisi.spanish_language: "亚西西"
 augsburg.spanish_language: "奥格斯堡"
 avignon.spanish_language: "阿维尼翁"
 awaswas.spanish_language: "亚西西的圣方济各"
 azemmour.spanish_language: "艾宰穆尔"
 azrou.spanish_language: "阿兹鲁"
 azua.spanish_language: "阿苏阿‑德孔波斯特拉"
 bamberg.spanish_language: "班贝尔加"
 bani.spanish_language: "巴尼"
 banique.spanish_language: "巴尼卡"
 bastogne.spanish_language: "巴斯托涅"
 bavaro.spanish_language: "巴瓦罗"
 bayaquitiri.spanish_language: "古巴圣地亚哥"
 bayonne.spanish_language: "巴约纳"
 bejaia.spanish_language: "布西亚"
 bergamo.spanish_language: "贝加莫"
 bergen_zoom.spanish_language: "贝亨"
 berlin.spanish_language: "贝尔林"
 besancon.spanish_language: "贝桑松"
 bitburg.spanish_language: "比特堡"
 bizerte.spanish_language: "比塞大"
 bohio.spanish_language: "圣费利佩普拉塔港"
 bologna.spanish_language: "博洛尼亚"
 bordeaux.spanish_language: "波尔得奥斯"
 bosa_colombia.spanish_language: "圣菲波哥大"
 boya.spanish_language: "大萨瓦纳‑德博亚"
 braganca.spanish_language: "布拉干萨"
 brandenburg.spanish_language: "勃兰登堡"
 bremen.spanish_language: "布雷马"
 briancon.spanish_language: "布里扬松"
 brixen.spanish_language: "布雷萨诺纳"
 bruges.spanish_language: "布鲁哈斯"
 brussels.spanish_language: "布鲁塞拉斯"
 cairo.spanish_language: "厄开罗"
 calais.spanish_language: "加莱"
 calamari.spanish_language: "卡塔赫纳德印第亚斯"
 canterbury.spanish_language: "坎托韦里"
 carcassonne.spanish_language: "卡尔卡索纳"
 cayacoa.spanish_language: "圣多明各‑德‑古兹曼"
 ccantumarcani.spanish_language: "波托西"
 chambery.spanish_language: "尚贝里"
 cherbourg.spanish_language: "瑟堡"
 cholollan.spanish_language: "乔卢拉"
 cibao.spanish_language: "圣托马斯‑德哈尼科"
 coblenz.spanish_language: "科夫伦萨"
 coburg.spanish_language: "科堡"
 cojutepeque.spanish_language: "圣文森特"
 cologne.spanish_language: "科洛尼亚"
 constantine_ALG.spanish_language: "康斯坦蒂纳"
 cotui.spanish_language: "拉梅霍拉达‑德尔科图伊"
 covilha.spanish_language: "科维良"
 cuauhchinanco.spanish_language: "瓜奇南戈"
 dillingen.spanish_language: "迪林加"
 dortmund.spanish_language: "特雷莫尼亚"
 dover.spanish_language: "杜布雷斯"
 dresden.spanish_language: "德雷斯达"
 dubrovnik.spanish_language: "拉古萨"
 dunkirk.spanish_language: "敦刻尔克"
 east_falkland.spanish_language: "索莱达岛"
 edinburgh.spanish_language: "爱丁堡"
 el_tor.spanish_language: "厄图尔"
 emden.spanish_language: "埃姆达"
 erfurt.spanish_language: "埃尔富特"
 esztergom.spanish_language: "埃斯特里戈尼亚"
 flensburg.spanish_language: "弗伦斯堡"
 florence.spanish_language: "弗洛伦西亚"
 frankfurt.spanish_language: "美因河畔法兰克福"
 freiburg.spanish_language: "弗里堡‑德布里斯戈维亚"
 freising.spanish_language: "弗赖辛"
 geldern.spanish_language: "盖尔德勒"
 genoa.spanish_language: "赫诺瓦"
 ghent.spanish_language: "根特"
 gottingen.spanish_language: "哥廷根"
 groningen.spanish_language: "格罗宁加"
 guacayakima.spanish_language: "萨瓦纳萨尔瓦铁拉"
 guaxenicos.spanish_language: "索莫蒂约"
 guaynabo.spanish_language: "圣胡安"
 guaynia.spanish_language: "瓜伊尼亚"
 gunzburg.spanish_language: "金茨堡"
 habana.spanish_language: "哈瓦那圣克里斯托瓦尔"
 hamburg.spanish_language: "安堡"
 helsingor.spanish_language: "埃尔西诺尔"
 hertogenbosch.spanish_language: "博尔杜克"
 hicayagua.spanish_language: "伊卡亚瓜圣克鲁斯"
 hipalan.spanish_language: "戈梅拉岛圣塞瓦斯蒂安"
 huexotzinco.spanish_language: "韦霍钦戈"
 ifni.spanish_language: "滨小海圣克鲁斯"
 ifrane.spanish_language: "伊夫兰"
 iguamuco.spanish_language: "瓜阿瓦拉雷斯"
 ineseno.spanish_language: "圣路易斯‑奥比斯波"
 ixtapan.spanish_language: "伊斯塔帕"
 jaragua.spanish_language: "德拉哈拉瓜‑圣玛丽亚‑德尔普埃托"
 kairouan.spanish_language: "凯鲁万"
 kassel.spanish_language: "卡塞尔"
 khenifra.spanish_language: "杰尼夫拉"
 kleve.spanish_language: "克莱沃"
 konstanz.spanish_language: "康斯坦萨"
 kortriik.spanish_language: "科尔特里克"
 ksar_el_kebir.spanish_language: "阿尔卡萨基维尔"
 kukamonga.spanish_language: "圣胡安‑卡皮斯特拉诺"
 kumeyaay.spanish_language: "圣迭戈阿尔卡拉"
 la_mamora.spanish_language: "马穆拉"
 la_rochelle.spanish_language: "拉洛切拉"
 larache.spanish_language: "拉腊什"
 lauenburg.spanish_language: "劳恩堡"
 leeuwarden.spanish_language: "莱乌瓦尔达"
 leiden.spanish_language: "莱达"
 leipzig.spanish_language: "利普夏"
 leiria.spanish_language: "莱里亚"
 leuven.spanish_language: "洛瓦伊纳"
 liege.spanish_language: "列哈"
 lille.spanish_language: "利拉"
 limassol.spanish_language: "利马索尔"
 limbourg.spanish_language: "林堡"
 livorno.spanish_language: "利沃尔纳"
 llacsapallanca.spanish_language: "奥罗佩萨里卡镇" #Huancavelica
 lliria.spanish_language: "利里亚"
 london.spanish_language: "隆德雷斯"
 lubeck.spanish_language: "卢韦卡"
 luneburg.spanish_language: "卢内堡"
 luxembourg.spanish_language: "卢森堡"
 lyon.spanish_language: "莱昂‑德法兰西"
 maastricht.spanish_language: "马斯特里克"
 magdeburg.spanish_language: "马格德堡"
 magorix.spanish_language: "蒙特克里斯蒂圣费尔南多"
 maguana.spanish_language: "圣胡安‑德拉马瓜纳"
 mainz.spanish_language: "马贡西亚"
 manchester.spanish_language: "曼切斯特"
 manso.spanish_language: "北帕索" #Juárez
 mantova.spanish_language: "曼图亚"
 marburg.spanish_language: "马尔堡"
 marien.spanish_language: "雷亚尔港"
 marrakesh.spanish_language: "马鲁埃科斯"
 marseille.spanish_language: "马赛"
 maxorata.spanish_language: "贝坦库里亚"
 mayaca.spanish_language: "圣阿古斯丁"
 mazaghan.spanish_language: "马萨甘"
 mechelen.spanish_language: "马利纳斯"
 meknes.spanish_language: "梅基内斯"
 messina.spanish_language: "梅西纳"
 middelburg.spanish_language: "米德尔堡"
 milano.spanish_language: "米兰"
 miranda_de_i_douro.spanish_language: "杜罗河畔米兰达"
 mo_o_ti.spanish_language: "瓜纳华托"
 moca.spanish_language: "康塞普西翁‑德拉维加"
 modena.spanish_language: "摩德纳"
 munich.spanish_language: "巴维耶拉摩纳哥"
 munster.spanish_language: "穆尼斯特"
 mutsun.spanish_language: "卡梅洛圣卡洛斯‑博罗梅奥"
 naples.spanish_language: "那不勒斯"
 narbonne.spanish_language: "纳尔博纳"
 naumburg.spanish_language: "瑙姆堡"
 neubrandenburg.spanish_language: "新勃兰登堡"
 nice.spanish_language: "尼萨"
 nijmegen.spanish_language: "奈梅亨"
 nimes.spanish_language: "尼姆"
 nivelles.spanish_language: "尼韦勒"
 nonualco.spanish_language: "圣地亚哥诺努阿尔科"
 nuremberg.spanish_language: "纽伦堡"
 oldenburg.spanish_language: "奥尔登堡"
 ometepec.spanish_language: "阿索尤"
 oran.spanish_language: "奥兰"
 orleans.spanish_language: "奥尔良"
 ostend.spanish_language: "奥斯滕德"
 ouarzazate.spanish_language: "瓦尔扎扎特"
 ouezzane.spanish_language: "韦赞"
 oujda.spanish_language: "乌季达"
 pachyohcan.spanish_language: "帕丘卡德索托"
 padova.spanish_language: "帕多瓦"
 paris.spanish_language: "帕里斯"
 pavia.spanish_language: "帕维亚"
 perpignan.spanish_language: "佩皮尼昂"
 perugia.spanish_language: "佩鲁萨"
 piacenza.spanish_language: "普拉森西亚"
 poctlan.spanish_language: "普特拉"
 porto.spanish_language: "奥波尔图"
 puigcerda.spanish_language: "普奇塞达"
 ratzeburg.spanish_language: "拉策堡"
 regensburg.spanish_language: "拉蒂斯博纳"
 roermond.spanish_language: "鲁雷蒙达"
 rome.spanish_language: "罗马"
 rottenburg.spanish_language: "内卡河罗滕堡"
 rotterdam.spanish_language: "鹿特丹"
 rouen.spanish_language: "鲁昂"
 saarbrucken.spanish_language: "萨尔布吕克"
 saint_jean_pied_de_port.spanish_language: "圣胡安‑皮耶德普埃尔托"
 saint_quentin.spanish_language: "圣昆廷"
 salzburg.spanish_language: "萨尔斯堡"
 samana.spanish_language: "萨马纳圣巴巴拉"
 santarem.spanish_language: "圣塔伦"
 sauveterre_de_guyenne.spanish_language: "吉耶纳萨尔瓦铁拉"
 schmalkalden.spanish_language: "施马尔卡尔登"
 sefrou.spanish_language: "塞夫鲁"
 shiewhibak.spanish_language: "阿尔伯克基"
 sigmaringen.spanish_language: "锡格马林根"
 sint_niklaas.spanish_language: "圣尼古拉斯‑德佛兰德斯"
 syracuse.spanish_language: "锡拉库萨"
 sousse.spanish_language: "苏萨"
 speyer.spanish_language: "施派尔"
 strasbourg.spanish_language: "埃斯特拉斯堡"
 suez.spanish_language: "苏伊士"
 tamaraceite.spanish_language: "大加那利岛拉斯帕尔马斯"
 tangier.spanish_language: "丹黑尔"
 tarascon.spanish_language: "塔拉斯孔"
 taroudant.spanish_language: "塔鲁丹特"
 tecklenburg.spanish_language: "特克伦堡"
 tedote.spanish_language: "圣克鲁斯‑德拉帕尔马"
 tehotihuacan.spanish_language: "圣胡安特奥蒂瓦坎"
 temsamane.spanish_language: "滕萨曼"
 tenochtitlan.spanish_language: "墨西哥"
 teotenanco.spanish_language: "特奥特南戈"
 tepotahal.spanish_language: "圣安东尼奥德帕多瓦"
 tetouan.spanish_language: "得土安"
 than_u_ge.spanish_language: "圣菲‑圣方济各城"
 the_hague.spanish_language: "拉阿亚"
 tillantonco.spanish_language: "蒂拉通戈"
 timucua.spanish_language: "圣马特奥"
 tindouf.spanish_language: "廷杜夫"
 tlaxomulco.spanish_language: "特拉霍穆尔科"
 tlemcen.spanish_language: "特莱姆森"
 toulon.spanish_language: "土伦"
 toulouse.spanish_language: "朗格多克图卢兹"
 trier.spanish_language: "特雷韦里斯"
 tubingen.spanish_language: "蒂宾根"
 tunis.spanish_language: "突尼斯"
 turin.spanish_language: "都灵"
 uberlingen.spanish_language: "于伯林根"
 ulm.spanish_language: "乌尔马"
 urfa.spanish_language: "埃德萨"
 utrecht.spanish_language: "乌特雷克"
 valenca.spanish_language: "米尼奥巴伦西亚"
 valence.spanish_language: "法兰西巴伦西亚"
 valenciennes.spanish_language: "巴伦西亚纳"
 venice.spanish_language: "贝内西亚"
 verdun_sur_garonne.spanish_language: "加龙河凡尔登"
 verdun.spanish_language: "贝尔敦"
 viana_do_castelo.spanish_language: "比亚纳‑德尔卡斯蒂略"
 vienna.spanish_language: "维也纳"
 vila_real.spanish_language: "比亚雷亚尔"
 vila_vicosa.spanish_language: "比利亚维西奥萨"
 villefranche.spanish_language: "鲁埃格自由镇"
 viseu.spanish_language: "维塞乌"
 west_falkland.spanish_language: "大马尔维纳"
 wurzburg.spanish_language: "维尔茨堡"
 xalacinco.spanish_language: "哈拉辛戈"
 xamapan.spanish_language: "韦拉克鲁斯"
 xicallanco.spanish_language: "希卡兰戈"
 yaanga.spanish_language: "波尔西温库拉河畔天使女王圣母之地"
 yaguana.spanish_language: "圣玛丽亚‑德拉亚瓜纳"
 yamasa.spanish_language: "拉布埃纳文图拉"
 yanaguana.spanish_language: "圣安东尼奥‑德贝哈尔"
 yaqui.spanish_language: "圣地亚哥‑德洛斯卡瓦耶罗斯"
 yaquimo.spanish_language: "亚基莫新镇"
 yerevan.spanish_language: "埃雷万"
 ypres.spanish_language: "伊普雷斯"
 yuma.spanish_language: "萨尔瓦莱昂‑德伊圭"
 zacatollan.spanish_language: "萨卡图拉"
 zadar.spanish_language: "哈拉"
 zain.spanish_language: "萨卡特卡斯"
 zaragoza.spanish_language: "萨拉戈萨"
 zinacantan.spanish_language: "雷阿尔城"
 zweibrucken.spanish_language: "多斯普温泰斯"
