l_japanese:
 aachen.spanish_language: "アキズグラン"
 aalst.spanish_language: "アロスト"
 acre.spanish_language: "サン・フアン・デ・アクレ"
 agadir.spanish_language: "サンタ・クルス・デル・カボ・アゲル"
 aguere.spanish_language: "サン・クリストバル・デ・ラ・ラグーナ"
 akimel_oodham.spanish_language: "サン・ハビエル・デル・バック"
 alcacer_do_sal.spanish_language: "アルカサル・デ・ラ・サル"
 alcobaca.spanish_language: "アルコバサ"
 alencon.spanish_language: "アレンソン"
 alexandria.spanish_language: "アレハンドリア"
 alghero.spanish_language: "アルゲル"
 algiers.spanish_language: "アルヘル"
 amsterdam.spanish_language: "アームステルダム"
 andorra_la_vella.spanish_language: "アンドラ・ラ・ビエハ"
 angouleme.spanish_language: "アングレマ"
 antwerp.spanish_language: "アントゥエルピア"
 apalachee.spanish_language: "サン・マルコス・デ・アパラチ"
 aquileia.spanish_language: "アクイレア"
 arasibo.spanish_language: "アレシボ"
 arles.spanish_language: "アルレス"
 arras.spanish_language: "アラス"
 asilah.spanish_language: "アルシラ"
 assisi.spanish_language: "アシス"
 augsburg.spanish_language: "アウクスブルゴ"
 avignon.spanish_language: "アビニョン"
 awaswas.spanish_language: "サン・フランシスコ・デ・アシス"
 azemmour.spanish_language: "アサモール"
 azrou.spanish_language: "アスル"
 azua.spanish_language: "アスア・デ・コンポステーラ"
 bamberg.spanish_language: "バンベルガ"
 bani.spanish_language: "バニ"
 banique.spanish_language: "バニカ"
 bastogne.spanish_language: "バストーニャ"
 bavaro.spanish_language: "ババロ"
 bayaquitiri.spanish_language: "サンティアゴ・デ・クーバ"
 bayonne.spanish_language: "バヨナ"
 bejaia.spanish_language: "ブヒア"
 bergamo.spanish_language: "ベルガモ"
 bergen_zoom.spanish_language: "ベルゲン"
 berlin.spanish_language: "ベルリン"
 besancon.spanish_language: "ベサンソン"
 bitburg.spanish_language: "ビットブルゴ"
 bizerte.spanish_language: "ビセルタ"
 bohio.spanish_language: "サン・フェリペ・デ・プエルト・プラタ"
 bologna.spanish_language: "ボローニャ"
 bordeaux.spanish_language: "ブルデオス"
 bosa_colombia.spanish_language: "サンタ・フェ・デ・ボゴタ"
 boya.spanish_language: "サバナ・グランデ・デ・ボジャ"
 braganca.spanish_language: "ブラガンサ"
 brandenburg.spanish_language: "ブランデンブルゴ"
 bremen.spanish_language: "ブレマ"
 briancon.spanish_language: "ブリアンソン"
 brixen.spanish_language: "ブレサノナ"
 bruges.spanish_language: "ブルーハス"
 brussels.spanish_language: "ブルセラス"
 cairo.spanish_language: "エル・カイロ"
 calais.spanish_language: "カレス"
 calamari.spanish_language: "カルタヘナ・デ・インディアス"
 canterbury.spanish_language: "カントールベリー"
 carcassonne.spanish_language: "カルカソナ"
 cayacoa.spanish_language: "サント・ドミンゴ・デ・グスマン"
 ccantumarcani.spanish_language: "ポトシ"
 chambery.spanish_language: "チャンベリ"
 cherbourg.spanish_language: "シェルブール"
 cholollan.spanish_language: "チョルラ"
 cibao.spanish_language: "サント・トマス・デ・ハニコ"
 coblenz.spanish_language: "コブレンツ"
 coburg.spanish_language: "コブルゴ"
 cojutepeque.spanish_language: "サン・ビセンテ"
 cologne.spanish_language: "コロニア"
 constantine_ALG.spanish_language: "コンスタンティーナ"
 cotui.spanish_language: "ラ・メホラーダ・デル・コツイ"
 covilha.spanish_language: "コビジャン"
 cuauhchinanco.spanish_language: "グアチナンゴ"
 dillingen.spanish_language: "ディリンゲン"
 dortmund.spanish_language: "トレモニア"
 dover.spanish_language: "ダブレス"
 dresden.spanish_language: "ドレスダ"
 dubrovnik.spanish_language: "ラグーザ"
 dunkirk.spanish_language: "ダンケルケ"
 east_falkland.spanish_language: "イスラ・ソレダド"
 edinburgh.spanish_language: "エディンバルゴ"
 el_tor.spanish_language: "エル・トル"
 emden.spanish_language: "エムダ"
 erfurt.spanish_language: "エルフルト"
 esztergom.spanish_language: "エストリゴニア"
 flensburg.spanish_language: "フレンスブルゴ"
 florence.spanish_language: "フロレンシア"
 frankfurt.spanish_language: "フランクフルト・デル・メノ"
 freiburg.spanish_language: "フライブルク・デ・ブライスガウ"
 freising.spanish_language: "フライジング"
 geldern.spanish_language: "ヘルダレス"
 genoa.spanish_language: "ジェノヴァ"
 ghent.spanish_language: "ガンテ"
 gottingen.spanish_language: "ゲッティンガ"
 groningen.spanish_language: "フローニンガ"
 guacayakima.spanish_language: "サルバティエラ・デ・ラ・サバナ"
 guaxenicos.spanish_language: "ソモティーヨ"
 guaynabo.spanish_language: "サンフアン"
 guaynia.spanish_language: "グアイニア"
 gunzburg.spanish_language: "ギュンツブルゴ"
 habana.spanish_language: "サン・クリストバル・デ・ラ・ハバナ"
 hamburg.spanish_language: "ハンブルゴ"
 helsingor.spanish_language: "エルシノール"
 hertogenbosch.spanish_language: "ボルドゥケ"
 hicayagua.spanish_language: "サンタ・クルス・デ・ヒカヤグア"
 hipalan.spanish_language: "サン・セバスティアン・デ・ラ・ゴメラ"
 huexotzinco.spanish_language: "ウェホツィンゴ"
 ifni.spanish_language: "サンタ・クルス・デ・ラ・マル・ペケーニャ"
 ifrane.spanish_language: "イフラン"
 iguamuco.spanish_language: "ラレス・デ・グアハバ"
 ineseno.spanish_language: "サン・ルイス・オビスポ"
 ixtapan.spanish_language: "イスタパ"
 jaragua.spanish_language: "サンタ・マリア・デル・プエルト・デ・ラ・ハラグア"
 kairouan.spanish_language: "カイルアン"
 kassel.spanish_language: "カッセル"
 khenifra.spanish_language: "ジェニフラ"
 kleve.spanish_language: "クレーフェ"
 konstanz.spanish_language: "コンスタンツァ"
 kortriik.spanish_language: "コルトリケ"
 ksar_el_kebir.spanish_language: "アルカサルキビール"
 kukamonga.spanish_language: "サン・フアン・カピストラノ"
 kumeyaay.spanish_language: "サン・ディエゴ・デ・アルカラ"
 la_mamora.spanish_language: "ラ・マモラ"
 la_rochelle.spanish_language: "ラ・ロシェル"
 larache.spanish_language: "ララシュ"
 lauenburg.spanish_language: "ラウエンブルゴ"
 leeuwarden.spanish_language: "レウバルダ"
 leiden.spanish_language: "レイダ"
 leipzig.spanish_language: "ライプシア"
 leiria.spanish_language: "レイリア"
 leuven.spanish_language: "ルーヴェン"
 liege.spanish_language: "リエハ"
 lille.spanish_language: "リラ"
 limassol.spanish_language: "リマソール"
 limbourg.spanish_language: "リンブルゴ"
 livorno.spanish_language: "リオルナ"
 llacsapallanca.spanish_language: "ビジャ・リカ・デ・オロペサ" #Huancavelica
 lliria.spanish_language: "リリア"
 london.spanish_language: "ロンドレス"
 lubeck.spanish_language: "リューベカ"
 luneburg.spanish_language: "リューネブルゴ"
 luxembourg.spanish_language: "ルクセンブルゴ"
 lyon.spanish_language: "レオン・デ・フランシア"
 maastricht.spanish_language: "マストリケ"
 magdeburg.spanish_language: "マクデブルゴ"
 magorix.spanish_language: "サン・フェルナンド・デ・モンテ・クリスティ"
 maguana.spanish_language: "サン・フアン・デ・ラ・マウアナ"
 mainz.spanish_language: "マガンシア"
 manchester.spanish_language: "マンチェーステル"
 manso.spanish_language: "エル・パソ・デル・ノルテ" #Juárez
 mantova.spanish_language: "マントゥア"
 marburg.spanish_language: "マールブルゴ"
 marien.spanish_language: "プエルト・レアル"
 marrakesh.spanish_language: "マルエコス"
 marseille.spanish_language: "マルセーリャ"
 maxorata.spanish_language: "ベタンクリア"
 mayaca.spanish_language: "サン・アグスティン"
 mazaghan.spanish_language: "マザガン"
 mechelen.spanish_language: "マリナス"
 meknes.spanish_language: "メキネス"
 messina.spanish_language: "メッシナ"
 middelburg.spanish_language: "ミデルブルゴ"
 milano.spanish_language: "ミラン"
 miranda_de_i_douro.spanish_language: "ミランダ・デ・ドゥエロ"
 mo_o_ti.spanish_language: "グアナフアト"
 moca.spanish_language: "コンセプシオン・デ・ラ・ベガ"
 modena.spanish_language: "モデナ"
 munich.spanish_language: "モナコ・デ・バビエラ"
 munster.spanish_language: "ミュニステ"
 mutsun.spanish_language: "サン・カルロス・ボロメオ・デ・カルメロ"
 naples.spanish_language: "ナポールス"
 narbonne.spanish_language: "ナルボナ"
 naumburg.spanish_language: "ナウムブルゴ"
 neubrandenburg.spanish_language: "ヌエボ・ブランデンブルゴ"
 nice.spanish_language: "ニサ"
 nijmegen.spanish_language: "ナイメーヘン"
 nimes.spanish_language: "ニーム"
 nivelles.spanish_language: "ニヴェル"
 nonualco.spanish_language: "サンティアゴ・ノヌアルコ"
 nuremberg.spanish_language: "ニュルンベルク"
 oldenburg.spanish_language: "オルデンブルゴ"
 ometepec.spanish_language: "アゾユ"
 oran.spanish_language: "オラン"
 orleans.spanish_language: "オルレーンス"
 ostend.spanish_language: "オステンド"
 ouarzazate.spanish_language: "ワルザザート"
 ouezzane.spanish_language: "ウェザン"
 oujda.spanish_language: "ウズダ"
 pachyohcan.spanish_language: "パチュカ・デ・ソト"
 padova.spanish_language: "パドゥア"
 paris.spanish_language: "パリス"
 pavia.spanish_language: "パヴィア"
 perpignan.spanish_language: "ペルピニャン"
 perugia.spanish_language: "ペルーサ"
 piacenza.spanish_language: "プラセンシア"
 poctlan.spanish_language: "プトゥラ"
 porto.spanish_language: "オポルト"
 puigcerda.spanish_language: "プッチセルダ"
 ratzeburg.spanish_language: "ラッツェブルゴ"
 regensburg.spanish_language: "ラティスボナ"
 roermond.spanish_language: "ルーアモンド"
 rome.spanish_language: "ローマ"
 rottenburg.spanish_language: "ローテンブルゴ・デル・ネカー"
 rotterdam.spanish_language: "ローテルダム"
 rouen.spanish_language: "ルーアン"
 saarbrucken.spanish_language: "ザーレブルック"
 saint_jean_pied_de_port.spanish_language: "サン・フアン・ピエ・デ・プエルト"
 saint_quentin.spanish_language: "サン・クインタン"
 salzburg.spanish_language: "ザルツブルゴ"
 samana.spanish_language: "サンタ・バルバラ・デ・サマナ"
 santarem.spanish_language: "サンタレン"
 sauveterre_de_guyenne.spanish_language: "サルバティエラ・デ・ギアナ"
 schmalkalden.spanish_language: "シュマルカルデン"
 sefrou.spanish_language: "セフル"
 shiewhibak.spanish_language: "アルブケルケ"
 sigmaringen.spanish_language: "ジグマリンゲン"
 sint_niklaas.spanish_language: "サン・ニコラス・デ・フランダース"
 syracuse.spanish_language: "シラクーサ"
 sousse.spanish_language: "スーサ"
 speyer.spanish_language: "エスピラ"
 strasbourg.spanish_language: "エストラスブルゴ"
 suez.spanish_language: "スエズ"
 tamaraceite.spanish_language: "ラス・パルマス・デ・グラン・カナリア"
 tangier.spanish_language: "タンヘル"
 tarascon.spanish_language: "タラスコン"
 taroudant.spanish_language: "タルダン"
 tecklenburg.spanish_language: "テクルムブルク"
 tedote.spanish_language: "サンタ・クルス・デ・ラ・パルマ"
 tehotihuacan.spanish_language: "サン・フアン・テオティワカン"
 temsamane.spanish_language: "テンサマン"
 tenochtitlan.spanish_language: "メキシコ"
 teotenanco.spanish_language: "テオテナンゴ"
 tepotahal.spanish_language: "サン・アントニオ・デ・パドヴァ"
 tetouan.spanish_language: "テトゥアン"
 than_u_ge.spanish_language: "ラ・ビジャ・レアル・デ・ラ・サンタ・フェ・デ・サン・フランシスコ・デ・アシス"
 the_hague.spanish_language: "ラ・ハヤ"
 tillantonco.spanish_language: "チラトンゴ"
 timucua.spanish_language: "サン・マテオ"
 tindouf.spanish_language: "ティンドゥフ"
 tlaxomulco.spanish_language: "トラホムルコ"
 tlemcen.spanish_language: "トレムセン"
 toulon.spanish_language: "トローン"
 toulouse.spanish_language: "トロサ・ド・ラングドック"
 trier.spanish_language: "トレヴェリス"
 tubingen.spanish_language: "トュービンガ"
 tunis.spanish_language: "トゥネス"
 turin.spanish_language: "トゥーリン"
 uberlingen.spanish_language: "ユバーリンガ"
 ulm.spanish_language: "ウルマ"
 urfa.spanish_language: "エデサ"
 utrecht.spanish_language: "ユトレク"
 valenca.spanish_language: "バレンシア・デル・ミニョ"
 valence.spanish_language: "バレンシア・デ・フランシア"
 valenciennes.spanish_language: "バレンシアナ"
 venice.spanish_language: "ヴェネチア"
 verdun_sur_garonne.spanish_language: "ヴェルダン・デ・ガロンヌ"
 verdun.spanish_language: "ヴェルダン"
 viana_do_castelo.spanish_language: "ビアナ・デル・カスティージョ"
 vienna.spanish_language: "ヴィエナ"
 vila_real.spanish_language: "ビジャレアル"
 vila_vicosa.spanish_language: "ビジャビシオサ"
 villefranche.spanish_language: "ビジャフランカ・デ・ルエルグ"
 viseu.spanish_language: "ヴィゼウ"
 west_falkland.spanish_language: "グラン・マルビナ"
 wurzburg.spanish_language: "ヴュルツブルク"
 xalacinco.spanish_language: "ハラシンゴ"
 xamapan.spanish_language: "ベラクルス"
 xicallanco.spanish_language: "シカランゴ"
 yaanga.spanish_language: "ヌエストラ・セニョーラ・ラ・レイナ・デ・ロス・アンヘレス・デル・リオ・デ・ポルシウンクラ"
 yaguana.spanish_language: "サンタ・マリア・デ・ラ・ヤグアナ"
 yamasa.spanish_language: "ラ・ブエナベントゥーラ"
 yanaguana.spanish_language: "サン・アントニオ・デ・ベハル"
 yaqui.spanish_language: "サンティアゴ・デ・ロス・カバジェロス"
 yaquimo.spanish_language: "ビジャヌエバ・デ・ヤキモ"
 yerevan.spanish_language: "エレバヴァン"
 ypres.spanish_language: "イプレス"
 yuma.spanish_language: "サルバ・レオン・デ・イグエイ"
 zacatollan.spanish_language: "サカトゥラ"
 zadar.spanish_language: "ハラ"
 zain.spanish_language: "サカテカス"
 zaragoza.spanish_language: "サラゴサ"
 zinacantan.spanish_language: "シウダー・レアル"
 zweibrucken.spanish_language: "ドス・プエンテス"
