l_french:
 #Africa
 #Central Africa
 #Kongo Region
 ngono_area: "Ngono"
 #East Africa
 #Great Lakes Region
 egaso_ngiro_area: "Ewaso Ng'iro"
 igombe_area: "Igombe"
 malawi_area: "Rift du Malawi"
 rift_valley_area: "Vallée du Rift"
 victoria_area: "Lac Victoria"
 #Ethiopia Region
 central_ethiopia_area: "Éthiopie centrale"
 northern_ethiopia_area: "Éthiopie septentrionale"
 southern_ethiopia_area: "Éthiopie méridionale"
 #Nubia Region
 butana_area: "Butana"
 darfur_area: "Kordofan"
 equatoria_area: "Équatoria"
 nubia_proper_area: "Nubie"
 #Somalia Region
 inner_somalia_area: "Somalie intérieure"
 northern_somalia_area: "Somalie septentrionale"
 southern_somalia_area: "Somalie méridionale"
 #Madagascar Region
 east_african_island_area: "Îles d'Afrique orientale"
 east_madagascar_area: "Est de Madagascar"
 malagasy_highlands_area: "Hauts-Plateaux malgaches"
 north_madagascar_area: "Nord de Madagascar"
 west_madagascar_area: "Ouest de Madagascar"
 #Swahili Coast Region
 mozambique_area: "Mozambique"
 rufiji_area: "Rufiji"
 ruvuma_lurio_area: "Ruvuma-Lurio"
 tana_area: "Antananarivo"
 wami_area: "Wami"
 #North Africa
 #Egypt Region
 lower_egypt_area: "Basse-Égypte"
 upper_egypt_area: "Haute-Égypte"
 sinai_area: "Sinaï"
 cyrenaica_area: "Cyrénaïque"
 #Maghreb Region
 algiers_area: "Maghreb central"
 atlas_high_plateau: "Atlas High Plateau"
 desert_area: "Sahara oasien"
 macaronesia_area: "Macaronésie"
 macaronesia_area_ADJ: "macaronésien"
 morocco_area: "Maghreb occidental"
 sus_area: "$sus_province$"
 tripolitania_area: "Tripoli"
 tunis_area: "Maghreb oriental"
 #South Africa
 #South Africa Region
 southern_africa_islands_area: "Îles d'Afrique méridionale"
 goringhaikona_area: "Goringhaikona"
 umgungundlovu_area: "uMgungundlovu"
 tzaneen_area: "Tzaneen"
 thaba_bosiu_area: "Thaba Bosiu"
 karoo_area: "Karoo"
 kalahari_area: "Kalahari"
 okavango_area: "Okavango"
 namib_area: "Namib"
 cape_area: "Le Cap"
 #Zimbabwe Region
 limpopo_area: "Limpopo"
 zambezi_area: "Zambezi"
 save_area: "Sauvegarder"
 #West Africa
 #Sahel Region
 adamawa_area: "Adamaoua"
 air_area: "Aïr"
 bornu_area: "Bornou"
 east_mossi_area: "Mossi oriental"
 gao_area: "Gao"
 ghana_area: "Ghana"
 kanem_area: "Kanem"
 logone_area: "Logone"
 mali_area: "Mali"
 north_hausa_area: "Royaumes haoussa du Nord"
 south_hausa_area: "Royaumes haoussa du Sud"
 timbuktu_area: "Tombouctou"
 wadai_area: "Ouaddaï"
 west_mossi_area: "Mossi occidental"
 western_sahara_area: "Sahara occidental"
 zarma_area: "Zarma"
 #West Africa Region
 akan_area: "Akan"
 benin_area: "Bénin"
 cameroon_highlands_area: "Hauts-Plateaux du Cameroun"
 cape_verde_area: "Cap-Vert"
 futa_tooro_area: "Fouta-Toro"
 gambia_area: "Gambie"
 gold_coast_area: "Côte de l'Or"
 gulf_of_guinea_area: "Golfe de Guinée"
 gur_area: "Gour"
 jolof_area: "Djolof"
 kong_area: "Kong"
 kru_area: "Krou"
 lower_niger_area: "Bas-Niger"
 south_manding_area: "Mandé du Sud"
 upper_guinea_area: "Haute-Guinée"
 west_africa_coastline: "Côtes d'Afrique occidentale"
 yoruba_area: "Yoruba"
 #Central Africa Region
 north_gabun_area: "Gabon septentrional"
 south_gabun_area: "Gabon méridional"
 west_kongo_area: "Congo occidental"
 kongo_area: "Congo"
 south_kongo_area: "Congo méridional"
 west_lunda_area: "Royaume Lunda occidental"
 viye_area: "Viye"
 maligo_area: "Maligo"
 east_lunda_area: "Royaume Lunda oriental"
 moshiko_area: "Moxico"
 kasongo_area: "Kasongo"
 east_kongo_area: "Congo oriental"
 central_africa_area: "Afrique centrale"
 #America
 #North America
 #Canada Region
 greenland_area: "Groenland"
 greenland_sea_area: "Mer du Groenland"
 icelandic_coast_area: "Côtes d'Islande"
 northern_isles_sea_area: "Mer des Îles du Nord"
 quebec_area: "Québec"
 laurentian_area: "Laurentides"
 lower_canada_area: "Bas-Canada"
 jamesie_area: "Baie James orientale"
 nunavik_area: "Nunavik"
 labrador_area: "Labrador"
 newfoundland_area: "Terre-Neuve"
 prince_edward_island_area: "Île-du-Prince-Édouard"
 acadia_area: "Acadie"
 new_brunswick_area: "Nouveau-Brunswick"
 eastern_ontario_area: "Ontario oriental"
 western_ontario_area: "Ontario occidental"
 northern_ontario_area: "Ontario septentrional"
 northwestern_ontario_area: "Ontario nord-occidental"
 greenstone_belt_area: "Hautes Terres d'Abitibi"
 keewatin_area: "Keewatin"
 james_bay_lowlands_area: "Baie James occidentale"
 gulf_of_saint_lawrence_area: "Golfe du Saint-Laurent"
 canadian_atlantic_coast_area: "Côte atlantique canadienne"
 labrador_sea_area: "Mer du Labrador"
 hudson_bay_coast_area: "Côte de la baie d'Hudson"
 western_greenland_sea_zones_area: "Mer du Groenland occidental"
 eastern_greenland_sea_area: "Mer du Groenland oriental"
 hudson_bay_sea_zones_area: "Baie d'Hudson"
 lousiana_sea_zones_area: "Mer de Louisiane"
 great_lakes_sea_zones_area: "Grands Lacs"
 #Caribbean Region
 cuba_area: "Cuba"
 hispaniola_area: "Hispaniola" #Quisqueya
 lesser_antilles_area: "Petites Antilles"
 #Central America Region
 panama_area: "Panama"
 #East Coast Region
 massachusetts_area: "Massachusetts"
 southern_new_england_area: "Nouvelle-Angleterre méridionale"
 vermont_area: "Vermont"
 new_hampshire_area: "New Hampshire"
 maine_area: "Maine"
 hudson_area: "Hudson"
 haudenosaunee_area: "Haudenosaunee"
 new_jersey_area: "New Jersey"
 pennsylvania_area: "Pennsylvanie"
 westsylvania_area: "Allegheny"
 maryland_area: "Maryland"
 virginia_area: "Virginie"
 west_virginia_area: "Virginie-Occidentale"
 north_carolina_area: "Caroline du Nord"
 south_carolina_area: "Caroline du Sud"
 georgia_us_area: "Géorgie"
 florida_area: "Floride"
 tennessee_area: "Tennessee"
 kentucky_area: "Kentucky"
 ohio_area: "Ohio"
 indiana_area: "Indiana"
 michigan_area: "Michigan"
 illinois_area: "Illinois"
 wisconsin_area: "Wisconsin"
 alabama_area: "Alabama"
 mississippi_area: "Mississippi"
 #Louisiana Region
 louisiana_area: "Louisiane"
 arkansas_area: "Arkansas"
 missouri_area: "Missouri"
 iowa_area: "Iowa"
 minnesota_area: "Minnesota"
 superior_area: "Lac Supérieur"
 north_dakota_area: "Dakota du Nord"
 south_dakota_area: "Dakota du Sud"
 central_plains_area: "Grandes Plaines centrales"
 natahende_area: "Natahende"
 high_plains_area: "Hautes Plaines"
 badlands_area: "Wyoming"
 upper_missouri_area: "Haut-Missouri"
 athabasca_area: "Athabasca"
 saskatchewan_area: "Saskatchewan"
 keewatin_n_area: "Keewatin septentrional"
 red_river_area: "Rivière Rouge"
 mascarene_islands_area: "Mascareignes"
 #Mesoamerica
 mexihko_area: "Mexihko"
 tlaxcala_area: "Tlaxcala"
 puebla_area: "Puebla"
 guanajuato_area: "Guanajuato"
 oaxaca_area: "Oaxaca"
 veracruz_area: "Veracruz"
 huaxyacac_area: "Huāxyacac"
 tochtepec_area: "Tochtepec"
 michoacan_area: "Michoacán"
 xilotepec_area: "Xilotepec"
 xalisco_area: "Xalisco"
 aridoamerica_sea_zones_area: "Mer d'Aridamérique"
 janeiro_area: "Janeiro"
 mayaab_area: "Ma'ya'ab"
 chilapan_area: "Chilapan"
 puuk_area: "Puuc"
 chactemal_area: "Cháak te' éemal"
 mesoamerica_sea_zones_area: "Mer de Mésoamérique"
 central_america_sea_zones_area: "Mer d'Amérique centrale"
 peten_area: "Petén"
 tezulutlan_area: "Tezulutlán"
 kuskatan_area: "Kuskatan"
 imabite_area: "Imabite"
 nekokiaw_area: "Nicoya"
 #Arido America
 zacatecas_area: "Tlacotalpán"
 baja_area: "Basse-Californie"
 tahejoc_area: "Ge Kaachk Baasho"
 culiacan_area: "Culiacán"
 tamaulipeco_area: "Tamaulipeco"
 guachichil_area: "Guachichil"
 texas_area: "Texas"
 shiewhibak_area: "Ali Shon"
 #West Coast Region
 northwest_coast_area: "Côte Nord-Ouest"
 western_arctic_area: "Arctique occidentale"
 alaxsxaq_area: "Alaska"
 yukon_area: "Yukon"
 alaska_sea_zones_area: "Mer d'Alaska"
 columbia_interior_area: "Colombie intérieure"
 california_area: "Haute-Californie"
 great_basin_area: "Grand Bassin"
 rockies_area: "Rocheuses"
 hawaii_area: "Hawaï"
 hawaii_sea_area: "Mer d'Hawaï"
 cascadia_area: "Cascadie"
 cascadia_sea_zones_area: "Côte ouest-américaine"
 #South America
 #Brazil Region
 amazon_area: "Amazonie"
 tocantins_area: "Tocantins"
 mearim_area: "Mearim"
 paranaiba_area: "Paranaíba"
 jaguaribe_area: "Jaguaribe"
 parapitinga_area: "Parapĩtinga"
 pindorama_area: "Pindorama"
 parana_area: "Paraná"
 paraguay_area: "Paraguay"
 guapore_area: "Guaporé"
 uruguay_area: "Uruguay"
 #Colombia Region
 bogota_area: "Bogotá"
 #Andes Region
 andes_area: "Andes"
 quitu_area: "Quito"
 chala_area: "Chala"
 atacama_area: "Atacama"
 cuyo_area: "Cuyo"
 yunga_area: "Yunga"
 puna_area: "Puna"
 qullaw_area: "Qullaw"
 acamama_area: "Acamama"
 suni_area: "Suni"
 rupa_rupa_area: "Rupa-Rupa"
 galapagos_area: "Galapagos"
 andes_sea_zones_area: "Mer des Andes"
 #Chaco Region
 chaco_area: "Chaco"
 la_plata_area: "La Plata"
 ngulumapu_area: "Ngulu Mapu"
 juan_fernandez_area: "Juan Fernández"
 mamore_area: "Mamoré"
 paranena_area: "Paraneña"
 ayoreo_area: "Ayoreo"
 moqoit_area: "Mocoví"
 pampa_area: "Pampa"
 puelmapu_area: "Puelmapu"
 patagonia_area: "Patagonie"
 falklands_area: "Malouines"
 south_georgia_area: "Géorgie du Sud"
 rapa_nui_area: "Rapa Nui"
 #Asia
 #Central Asia
 #Khorasan Region
 badakhshan_area: "Badakhshan"
 desht_kipchak_area: "Desht-i Kipchak"
 eastern_khorasan_area: "Khorassan oriental"
 khwarazm_area: "Khwarezm"
 transoxiana_area: "Transoxiane"
 western_khorasan_area: "Khorassan occidental"
 zhetysu_area: "Jetyssou"
 caspian_sea_area: "Mer Caspienne"
 #East Asia
 #East China Region
 fujian_area: "Fujian" #福建
 hunan_area: "Húnán" #湖南
 wuling_area: "Wǔlíng" #武陵
 hubei_area: "Húběi" #湖北
 jiangxi_area: "Jiāngxī" #江西
 jiangnan_area: "Jiāngnán" #江南
 huaidong_area: "Huáidōng" #淮东
 huaixi_area: "Huáixī" #淮西
 taiwan_area: "Taïwan" #台灣
 zhejiang_area: "Zhèjiāng" #浙江
 east_china_coastline: "Côtes de Chine orientale"
 #Japan Region
 ezo_area: "Ezo" #蝦夷
 hokurikudou_area: "Hokurikudō" #北陸道
 kinai_area: "Kinai" #畿内
 nankaidou_area: "Nankaidō" #南海道
 saikaidou_area: "Saikaidō" #西海道
 sanindou_area: "San'indō" #山陰道
 sanyoudou_area: "San'yōdō" #山陽道
 ou_area: "Ōu" #奥羽
 toukaidou_area: "Tōkaidō" #東海道
 tousandou_area: "Tōsandō" #東山道
 ryuukyuu_area: "Ryūkyū" #琉球
 japan_coastline: "Côtes du Japon"
 sea_of_japan_area: "Mer du Japon"
 ryuukyuu_sea_area: "Mer de Ryūkyū"
 ezo_sea: "Mer d'Ezo"
 #Korea Region
 gwanseo_area: "Gwanseo"
 gwandong_area: "Gwandong"
 yeongnam_area: "Yeongnam"
 gyeonggi_area: "Gyeonggi"
 honam_area: "Honam"
 haeseo_area: "Haeseo"
 hoseo_area: "Hoseo"
 gwanbuk_area: "Gwanbuk"
 korea_western_coastline: "Côtes de Corée occidentale"
 korea_eastern_coastline: "Côtes de Corée orientale"
 #Manchuria Region
 liaodong_area: "Liáodōng" #遼東
 lower_amur_area: "Amour inférieur"
 middle_amur_area: "Amour moyen"
 songhua_area: "Songhua"
 songnen_area: "Songnen"
 ussuri_area: "Oussouri"
 manchuria_coastline: "Côtes de Mandchourie"
 #Mongolia Region
 argun_area: "Argoun"
 eastern_gobi_area: "Gobi oriental"
 lower_selenga_area: "Basse-Selenga"
 mongolian_great_lakes_area: "Grands Lacs mongols"
 shilkari_area: "Shilkari"
 southern_gobi_area: "Gobi méridional"
 tuva_area: "Touva"
 upper_selenga_area: "Haute-Selenga"
 western_gobi_area: "Gobi occidental"
 #North China Region
 beiping_area: "Běipíng" #北平
 yannan_area: "Yānnán" #燕南
 yanbei_area: "Yānběi" #燕北
 hebei_area: "Héběi" #河北
 henan_area: "Hénán" #河南
 haiyou_area: "Hǎiyòu" #海右
 shandong_area: "Shāndōng" #山東
 datong_area: "Dàtóng"
 shanxi_area: "Shānxī" #山西
 north_china_coastline: "Côtes de Chine du Nord"
 #South China Region
 haibei_hainan_area: "Hǎiběi Hǎinán" #海北海南
 guangdong_area: "Guǎngdōng" #廣東
 liangjiang_area: "Liǎngjiāng" #两江
 guangxi_area: "Guǎngxī" #廣西
 guizhou_area: "Guìzhōu" #貴州
 dali_area: "Dàlǐ" #大理
 yunnan_area: "Yúnnán" #雲南
 south_china_coastline: "Côtes de Chine du Sud"
 #Tibet Region
 amdo_area: "Amdo"
 changtang_area: "Changtang"
 kham_area: "Kham"
 ngari_area: "Ngari"
 tsang_area: "Tsang"
 u_area: "Ü"
 #West China Region
 gansu_area: "Gānsù" #甘肃/甘肅
 hexi_area: "Héxī" #河西
 longyou_area: "Lǒngyòu" #陇右
 shaanxi_area: "Shǎnxī" #陕西/陝西
 chuandong_area: "Chuāndōng" #川东
 chuannan_area: "Chuānnán" #川南
 chuanxi_area: "Chuānxī" #川西
 #xinjiang Region
 dzungaria_area: "Dzoungarie"
 tarim_area: "Tarim"
 #Middle East
 #Anatolia Region
 armenian_highlands_area: "Haut-Plateau arménien"
 cappadocia_area: "Cappadoce"
 central_anatolia_area: "Anatolie centrale"
 cilicia_area: "Cilicie"
 marmara_area: "Région de Marmara"
 pontus_area: "Pont"
 west_anatolia_area: "Anatolie occidentale"
 #Arabia Region
 bahrein_area: "Bahreïn"
 hedjaz_area: "Hedjaz"
 najd_area: "Najd"
 oman_area: "Oman"
 hail_area: "Haïl"
 north_yemen_area: "North Yemen"
 south_yemen_area: "South Yemen"
 arabian_area: "Mer d'Arabie"
 red_sea_area: "Mer Rouge"
 #Crescent Region
 iraq_arabi_area: "Irak-el-Arab"
 jazira_area: "Djézireh"
 levant_area: "Levant"
 #Persia Region
 azerbaijan_area: "Azerbaïdjan"
 baluchistan_area: "Baloutchistan"
 fars_area: "Fârs"
 iraq_ajam_area: "Irak persan"
 kerman_area: "Kermân"
 khuzestan_area: "Khouzistan et Lorestan"
 kordestan_area: "Kurdistan"
 mazandaran_area: "Mazandéran"
 quhestan_area: "Kohistan"
 sistan_area: "Sistân"
 oman_sea_zones_area: "Gulf of Oman"
 bengal_sea_zones_area: "Mer du Bengale"
 western_india_sea_zones_area: "Mer des Indes occidentales"
 deccan_sea_zones_area: "Mer du Deccan"
 #North Asia
 #West Siberia Region
 chimgi_tura_area: "Chimgi-Tura"
 qashliq_area: "Qashliq"
 irkutsk_area: "Irkoutsk"
 surgut_area: "Sourgout"
 mangazeya_area: "Mangazeïa"
 tomsk_area: "Tomsk"
 omsk_area: "Omsk"
 kulykol_area: "Kulykol"
 bursol_area: "Bursol"
 suzun_area: "Suzun"
 kansk_area: "Kansk"
 bratsk_area: "Bratsk"
 angara_area: "Angara"
 vitim_area: "Vitim"
 anabyr_area: "Anabyr"
 yenisei_area: "Ienisseï"
 #East Siberia Region
 chukchee_area: "Tchouktche"
 anadyr_area: "Anadyr"
 kamchatka_area: "Kamtchatka"
 chuvan_area: "Tchouvane"
 kolyma_area: "Kolyma"
 yandin_area: "Yandin"
 indigirka_area: "Indiguirka"
 okhotsk_coast_area: "Côtes d'Okhotsk"
 east_stanovoi_area: "Stanovoï oriental"
 west_stanovoi_area: "Stanovoï occidental"
 amga_area: "Amga"
 yakutia_area: "Yakoutie"
 lower_lena_area: "Léna inférieure"
 middle_lena_area: "Léna moyenne"
 upper_lena_area: "Léna supérieure"
 onoid_area: "Onoid"
 laptev_coast_area: "Côtes de Laptev"
 siberian_lakes_area: "Lacs sibériens"
 yakutsk_sea_area: "Mer d'Iakoutsk"
 #West Siberia Region
 #South Asia
 #Bengal Region
 assam_area: "Assam"
 bengal_area: "Bengale"
 hill_area: "Monts Zo"
 jharkhand_area: "Jharkhand"
 mithila_area: "Mithila et Magadh"
 monyul_area: "Monyul"
 nepal_area: "Népal"
 chota_nagpur_area: "Chota Nâgpur"
 orissa_area: "Orishâ"
 #Deccan Region
 andhra_area: "Ândhra"
 awadh_area: "Awadh"
 bhojpur_area: "Bhojpur"
 gondwana_area: "Gondwâna"
 karnakassala_area: "Karnakassala"
 konkan_area: "Konkân"
 sailan_area: "Sailan"
 maharashtra_area: "Mahârâshtra"
 malabar_area: "Malabâr"
 rokhilkhand_area: "Rôhilkhand"
 tamil_land_area: "Tamil Nadu"
 telingana_area: "Telangâna"
 vidarbha_area: "Vidarbha"
 maldives_area: "Maldives"
 #Western India Region
 gujarat_area: "Gujarât"
 malwa_area: "Malwa"
 rajputana_area: "Râjputâna"
 saurashtra_area: "Saurâshtra"
 #Hindustan Region
 upper_indus_area: "Indus supérieur"
 sindh_area: "Sindh"
 doab_area: "Doâb"
 punjab_area: "Panjâb"
 #Southeast Asia
 #Indochina Region
 arakhan_area: "Arakhan"
 champa_area: "Champa"
 chao_phraya_area: "Chao Phraya"
 irrawady_area: "Irrawaddy"
 irrawady_delta_area: "Delta de l'Irrawaddy"
 kachin_area: "Kachin"
 khorat_plateau_area: "Plateau de Korat"
 lower_mekong_area: "Mékong inférieur"
 malay_peninsula_area: "Péninsule malaise"
 northern_tai_highland_area: "Haut-Plateau de Thaïlande du Nord"
 red_river_delta_area: "Delta du Fleuve rouge"
 shan_highland_area: "Haut-Plateau Shan"
 southeast_asian_coasts_area: "Côtes d'Asie du Sud-Est"
 #Indonesia Region
 north_borneo_area: "North Borneo"
 south_borneo_area: "South Borneo"
 celebes_area: "Célèbes"
 java_area: "Java"
 lesser_sunda_area: "Petites îles de la Sonde"
 moluccas_area: "Moluques"
 luzon_area: "Luzon"
 visayas_area: "Visayas"
 mindanao_area: "Mindanao"
 north_sumatra_area: "North Sumatra"
 south_sumatra_area: "South Sumatra"
 indonesia_coasts_area: "Côtes d'Indonésie"
 #Europe
 #Eastern Europe
 #Balkan Region
 aegean_archipelago_area: "Îles Égéennes"
 bosnia_area: "Bosnie"
 bulgaria_area: "Bulgarie"
 croatia_area: "Croatie"
 macedonia_area: "Macédoine"
 morea_area: "Morée"
 northern_greece_area: "Grèce septentrionale"
 serbia_area: "Serbie"
 silistria_area: "Silistrie"
 slavonia_area: "Slavonie"
 slovenia_area: "Carniola"
 thrace_area: "Thrace"
 #Carpathia Region
 north_alfold_area: "Alföld septentrionale"
 south_alfold_area: "Alföld méridionale"
 transdanubia_area: "Transdanubie"
 moldavia_area: "Moldavie"
 slovakia_area: "Slovaquie"
 transylvania_area: "Transylvanie"
 wallachia_area: "Valachie"
 #Caucasus Region
 armenia_area: "Arménie"
 georgia_area: "Géorgie"
 northern_caucasus_area: "Caucase septentrional"
 shirvan_area: "Chirvan"
 #Poland Region
 central_poland_area: "Pologne centrale"
 greater_poland_area: "Grande-Pologne"
 lesser_poland_area: "Petite-Pologne"
 lithuania_area: "Lituanie"
 mazovia_area: "Mazovie"
 prussia_area: "Prusse"
 samogitia_area: "Samogitie"
 #Russia Region
 moscow_area: "Moscou"
 smolensk_area: "Smolensk"
 oka_area: "Oka"
 sloboda_ukraine_area: "Sloboda"
 ryazan_area: "Riazan"
 west_novgorod_area: "West Novgorod"
 east_novgorod_area: "East Novgorod"
 tambov_area: "Tambov"
 samara_area: "Samara"
 nizhny_novgorod_area: "Nijni Novgorod"
 suzdal_area: "Souzdal"
 vladimir_area: "Vladimir"
 tver_area: "Tver"
 yaroslavl_area: "Iaroslavl"
 beloozero_area: "Beloozero"
 totma_area: "Totma"
 #Ruthenia Region
 black_ruthenia_area: "Ruthénie noire"
 left_bank_ukraine_area: "Ukraine rive gauche"
 podolia_area: "Podolie"
 polesia_area: "Polésie"
 red_ruthenia_area: "Ruthénie rouge"
 right_bank_ukraine_area: "Ukraine rive droite"
 severia_area: "Sévérie"
 volhynia_area: "Volhynie"
 white_ruthenia_area: "Ruthénie blanche"
 #Steppes Region
 crimea_area: "Crimée"
 matrega_area: "Matrega"
 yedisan_area: "Yédisan"
 zaporizhzhia_area: "Zaporijia"
 pryazovia_area: "Priazovie"
 azov_area: "Azov"
 lower_don_area: "Don inférieur"
 astrakhan_area: "Astrakhan"
 majar_area: "Majar"
 lower_yik_area: "Yik inférieur"
 samar_area: "Samar"
 kursk_area: "Koursk"
 #Ural Region
 kazan_area: "Kazan"
 vyatka_area: "Viatka"
 bolghar_area: "Bolgar"
 bashkiria_area: "Bachkirie"
 karagay_area: "Karagay"
 perm_area: "Perm"
 ust_sysola_area: "Oust-Syssola"
 vorkuta_area: "Vorkouta"
 ural_area: "Oural"
 #White Sea Region
 pomorye_area: "Pomorie"
 arkhangelsk_area: "Arkhangelsk"
 karelia_area: "Carélie"
 kola_area: "Kola"
 russian_coastline: "Côtes de Russie"
 #Western Europe
 #France Region
 alsace_area: "Alsace"
 alsace_area_ADJ: "Alsacien"
 anjou_area: "Anjou"
 anjou_area_ADJ: "Angevin"
 auvergne_area: "Auvergne"
 brittany_area: "Bretagne"
 brittany_area_ADJ: "Breton"
 burgundy_area: "Bourgogne"
 burgundy_area_ADJ: "Bourguignon"
 champagne_area: "Champagne"
 champagne_area_ADJ: "Champenois"
 franche_comte_area: "Franche-Comté"
 franche_comte_area_ADJ: "Comtois"
 gascony_area: "Gascogne"
 gascony_area_ADJ: "Gascon"
 guyenne_area: "Guyenne"
 guyenne_area_ADJ: "Guyennais"
 ile_de_france_area: "Île-de-France"
 ile_de_france_area_ADJ: "Francien"
 lorraine_area: "Lorraine"
 lorraine_area_ADJ: "Lorrain"
 lyonnais_area: "Lyonnais"
 normandy_area: "Normandie"
 normandy_area_ADJ: "Normand"
 orleanais_area: "Orléanais"
 orleanais_area_ADJ: "Orléanais"
 picardy_area: "Picardie"
 picardy_area_ADJ: "Picard"
 poitou_area: "Poitou"
 poitou_area_ADJ: "Poitevin"
 provence_area: "Provence"
 provence_area_ADJ: "Provençal"
 savoy_area: "Savoie et Dauphiné"
 savoy_area_ADJ: "Savoyard"
 languedoc_area: "Languedoc"
 languedoc_area_ADJ: "Languedocien"
 #Great Britain Region
 east_anglia_area: "Est-Anglie"
 home_counties_area: "Comtés domestiques"
 midlands_area: "Mercie"
 northumbria_area: "Northumbrie"
 scottish_highlands_area: "Highlands"
 hebrides_area: "Hébrides"
 hebrides_area_ADJ: "Hébridais"
 scottish_lowlands_area: "Lowlands"
 wales_area: "Pays de Galles"
 northern_isles_area: "Îles du Nord"
 west_country_area: "West Country"
 #Iberia Region
 andalusia_area: "Andalousie"
 andalusia_area_ADJ: "Andalou"
 aragon_area: "Aragon"
 aragon_area_ADJ: "Aragonais"
 balearics_area: "Baléares"
 balearics_area_ADJ: "Baléarique"
 castile_area: "Castille"
 castile_area_ADJ: "Castillan"
 catalonia_area: "Catalogne"
 catalonia_area_ADJ: "Catalan"
 granada_area: "$granada$"
 granada_area_ADJ: "Grenadin"
 extremadura_area: "Estrémadure"
 extremadura_area_ADJ: "Estrémadurien"
 galicia_area: "Galice"
 galicia_area_ADJ: "Galicien"
 leon_area: "$leon_province$"
 leon_area_ADJ: "Léonais"
 murcia_area: "Murcie"
 navarre_area: "Navarre"
 navarre_area_ADJ: "Navarrais"
 north_portugal_area: "North Portugal"
 north_portugal_area_ADJ: "Northern Portuguese"
 south_portugal_area: "South Portugal"
 south_portugal_area_ADJ: "Southern Portuguese"
 toledo_area: "$toledo_province$"
 toledo_area_ADJ: "Tolédan"
 valencia_area: "$valencia_province$"
 valencia_area_ADJ: "Valencien"
 #Ireland Region
 connaught_area: "Connacht"
 leinster_area: "Leinster"
 munster_area: "Munster"
 ulster_area: "Ulster"
 #Italy Region
 abruzzo_area: "Abruzzes"
 apulia_area: "Apulie"
 basilicata_area: "Basilicate et Calabre"
 campania_area: "Campanie et Principauté"
 emilia_area: "Émilie-Romagne"
 lazio_area: "Latium"
 liguria_area: "Ligurie et Corse"
 lombardy_area: "Lombardie"
 marche_area: "Marches et Ombrie"
 piemonte_area: "Piémont"
 sardinia_area: "Sardaigne"
 sicily_area: "Sicile"
 tuscany_area: "Toscane"
 veneto_area: "Vénétie et Frioul"
 #Scandinavia Region
 denmark_area: "Danemark"
 gotaland_area: "Götaland"
 iceland_area: "Islande"
 nord_norge_area: "Nord-Norge"
 skaneland_area: "Scanie"
 svealand_area: "Svealand"
 syd_norge_area: "Syd-Norge"
 scandinavian_sea_zones_area: "Scandinavian Coastline"
 #North Germany Region
 brabant_area: "Brabant"
 flanders_area: "Flandres"
 friesland_area: "Frise"
 holland_area: "Hollande"
 wallonia_area: "Wallonie"
 brandenburg_area: "Brandebourg"
 mecklenburg_area: "Mecklembourg"
 #South Germany Region
 austria_area: "Basse-Autriche"
 rhineland_area: "Rhénanie"
 hesse_area: "Hesse"
 westphalia_area: "Westphalie"
 lower_saxony_area: "Basse-Saxe"
 upper_saxony_area: "Haute-Saxe"
 pomerania_area: "Poméranie"
 holstein_area: "Holstein"
 upper_austria_area: "Haute-Autriche"
 salzburg_area: "Salzbourg"
 styria_area: "Styrie"
 carinthia_area: "Carinthie"
 central_switzerland_area: "Switzerland"
 eastern_switzerland_area: "Raetia"
 western_switzerland_area: "Romandy"
 bohemia_area: "Bohême"
 moravia_area: "Moravie"
 silesia_area: "Silésie"
 upper_rhine_area: "Rhin supérieur"
 swabia_area: "Souabe"
 bavaria_area: "Bavière"
 franconia_area: "Franconie"
 tirol_area: "Tyrol et Trentin"
 #Oceania
 #Australia
 #Australia Region
 eastern_australia_area: "Australie orientale"
 #Papua
 eastern_australia_sea_zones_area: "Mer d'Australie orientale"
 micronesia_area: "Micronésie"
 melanesia_area: "Mélanésie"
 solomon_islands_area: "Îles Salomon"
 solomon_islands_coastal_sea_zones_area: "Côtes des îles Salomon"
 bismarck_area: "Bismarck"
 momase_area: "Momase"
 kerema_area: "Kerema"
 milne_area: "Milne"
 wanin_area: "Wanin"
 papua_area: "Papouasie"
 anim_ha_area: "Anim Ha"
 papua_sea_zones_area: "Mer de Papouasie"
 polynesia_area: "Polynésie"
 #Polynesia
 #New Zealand Region
 rekohu_area: "Îles Chatham"
 lord_howe_area: "Lord Howe"
 norfolk_nz_area: "Norfolk"
 motu_maha_area: "Motu Maha"
 new_zealand_sea_zones_area: "Mer de Nouvelle-Zélande"
 rapa_nui_sea_zones_area: "Mer de Rapa Nui"
 papahanaumokuakea_area: "Papahānaumokuākea"
 hawaii_sea_zones_area: "Mer d'Hawaï"
 aono_raina_area: "Aono Raina"
 aono_raina_sea_zones_area: "Mer d'Aono Raina"
 kuki_airani_area: "Kuki Airani"
 kuki_airani_sea_zones_area: "Mer de Kuki Airani"
 tuhaa_pae_area: "Tuhaa Pae"
 tuhaa_pae_sea_zones_area: "Mer de Tuhaa Pae"
 te_henua_enana_area: "Te Henua Enana"
 te_henua_enana_sea_zones_area: "Mer de Te Henua Enana"
 tuamotu_area: "Tuamotu"
 raeffsky_area: "Raevski"
 palliser_area: "Palliser"
 tuamotu_sea_zones_area: "Mer de Tuamotu"
 totaiete_ma_area: "Totaiete Ma"
 totaiete_ma_sea_zones_area: "Mer de Totaiete Ma"
 pitcairn_area: "Pitcairn"
 pitcairn_sea_zones_area: "Mer de Pitcairn"
 rawaki_area: "Rawaki"
 rawaki_sea_zones_area: "Mer de Rawaki"
 tokelau_area: "Tokelau"
 tokelau_sea_zones_area: "Mer des Tokelau"
 niue_area: "Niue"
 niue_sea_zones_area: "Mer du Niue"
 tuvalu_area: "Tuvalu"
 tuvalu_sea_zones_area: "Mer des Tuvalu"
 futuna_area: "Futuna"
 tonga_area: "Tonga"
 tonga_sea_zones_area: "Mer des Tonga"
 samoa_area: "Samoa"
 samoa_sea_zones_area: "Mer des Samoa"
 nanpo_area: "Nanpō"
 nanpo_sea_zones_area: "Mer de Nanpō"
 marianas_area: "Îles Mariannes"
 marianas_sea_zones_area: "Mer des îles Mariannes"
 ratak_area: "Ratak"
 ralik_area: "Ralik"
 majel_sea_zones_area: "Mer des Marshall"
 belau_area: "Palaos"
 belau_sea_zones_area: "Mer des Palaos"
 chuuk_area: "Chuuk"
 chuuk_sea_zones_area: "Mer des Chuuk"
 tungaru_area: "Tungaru"
 tungaru_sea_zones_area: "Mer des Tungaru"
 tinputz_area: "Tinputz"
 bougainville_area: "Bougainville"
 mu_ngava_area: "Mu Ngava"
 solomon_islands_sea_zones_area: "Mer des îles Salomon"
 temotu_area: "Temotu"
 temotu_sea_zones_area: "Mer de Temotu"
 vanuatu_area: "Vanuatu"
 vanuatu_sea_zones_area: "Mer du Vanuatu"
 fiji_area: "Fidji"
 fiji_sea_zones_area: "Mer des Fidji"
 kanaky_area: "Kanakie"
 kanaky_sea_zones_area: "Mer de la Kanakie"
 nauru_area: "Nauru"
 nauru_sea_zones_area: "Mer de Nauru"
 #Ocean Continent
 #Ocean Subcontinent
 #Ocean Region
 atlantic_canada_area: "Canada atlantique"
 black_sea_area: "Mer Noire"
 caribbean_sea_area: "Mer des Caraïbes"
 alboran_sea_area: "Alboran Sea"
 tyrrhenian_sea: "Tyrrhenian Sea"
 adriatic_sea_area: "Adriatic Sea"
 ionian_sea_area: "Ionian Sea"
 aegean_sea_area: "Aegean Sea"
 albania_area: "Albania"
 levantine_sea_area: "Levantine Sea"
 libyan_sea_area: "Libyan Sea"
 central_mediterranean_sea_area: "Central Mediterranean"
 iberian_west_coast_area: "Côte ouest-ibérique"
 southeast_baltic_sea: "Baltique sud-orientale"
 western_mediterranean_sea_area: "Méditerranée occidentale"
 atlantic_west_spitzbergen_area: "Spitzberg ouest-atlantique"
 atlantic_irminger_area: "Irminger atlantique"
 atlantic_labrador_area: "Labrador atlantique"
 atlantic_gulf_stream_area: "Gulf Stream atlantique"
 atlantic_north_atlantic_current_area: "Courant nord-atlantique"
 atlantic_azores_stream_area: "Courant atlantique des Açores"
 azores_sea_area: "Mer des Açores"
 bay_of_biscay_area: "Baie de Biscaye"
 atlantic_north_equatorial_area: "Courant équatorial nord-atlantique"
 atlantic_equatorial_countercurrent_area: "Contre-courant équatorial atlantique"
 atlantic_south_equatorial_area: "Courant équatorial sud-Atlantique"
 atlantic_saint_helena_area: "Sainte-Hélène atlantique"
 atlantic_saint_helena_sea_area: "Sainte-Hélène Atlantique"
 atlantic_south_area: "Atlantique Sud"
 indian_horn_area: "Corne indienne"
 indian_andaman_area: "Îles Andaman indiennes"
 indian_monsoon_area: "Mousson indienne"
 indian_equatorial_countercurrent_area: "Contre-courant équatorial indien"
 indian_south_equatorial_area: "Courant équatorial sud-indien"
 indian_south_area: "Sud-indien"
 indian_austral_area: "Austral indien"
 indian_north_agulhas_area: "Aiguilles nord-indiennes"
 pacific_north_area: "Pacifique nord"
 pacific_north_equatorial_area: "Courant équatorial nord-pacifique"
 pacific_hawaii_area: "Hawaï pacifique"
 pacific_kuro_area: "Kuro pacifique"
 pacific_south_equatorial_area: "Courant équatorial sud-pacifique"
 pacific_easter_equatorial_area: "Courant équatorial est-pacifique"
 pacific_equatorial_countercurrent_area: "Contre-courant équatorial pacifique"
 pacific_polynesia_area: "Polynésie pacifique"
 pacific_south_area: "Pacifique méridional"
 pacific_tasmania_area: "Tasmanie pacifique"
 antarctic_ocean_area: "Océan antarctique"
 mozambique_channel_area: "Mozambique Channel"
 cape_sea_zones: "Mer du Cap"
 bengal_bay_area: "Baie du Bengale"
 timor_sea_area: "Mer de Timor"
 tristan_da_cunha_area: "Tristan da Cunha"
 tristan_da_cunha_sea_zones_area: "Mer de Tristan da Cunha"
 bouvet_area: "Bouvet"
 #Australians
 western_australia_high_sea_zones_area: "Mer d'Australie occidentale"
 northern_australia_high_sea_zones_area: "Mer d'Australie septentrionale"
 eastern_australia_high_sea_zones_area: "Mer d'Australie orientale"
 southern_australia_high_sea_zones_area: "Mer d'Australie méridionale"
 southwestern_australia_area: "Australie sud-occidentale"
 northwestern_australia_area: "Australie nord-occidentale"
 australian_northern_territory_area: "Territoire du Nord"
 australian_yalanji_area: "Yalanji"
 southeastern_australia_area: "Australie sud-orientale"
 south_australia_area: "Australie méridionale"
 #unsorted
 bermuda_province: "$bermuda$"
 bermuda_area: "$bermuda$"
 gulf_of_mexico_area: "Golfe du Mexique"
 west_greenland_sea_area: "Côtes du Groenland occidental"
 east_greenland_sea_area: "Côtes du Groenland oriental"
 coast_of_portugal_province: "Côtes du Portugal"
 azores_province: "Açores"
 madeira_province: "Madère"
 canary_island_coast: "Côtes des îles Canaries"
 coast_of_morocco: "Côtes du Maroc"
 sahel_coast_province: "Côtes du Sahel"
 bahamans_sea_zone: "Coast of Lucayas"
 atlantic_sea_area: "Sargasso Sea"
 madeira_sea_area: "Mer de Madère"
 azores_area: "Açores"
 canary_islands_area: "Îles Canaries"
 south_macaronesia_area: "Macaronésie méridionale"
 #temporary ones
 nw_africa_coast_area: "Côtes d'Afrique nord-occidentale"
