l_french:
 jamaica_scripted_country_name: "Jamaïque"
 jamaica_scripted_country_name_ADJ: "Jamaïcain"
 new_granada_scripted_country_name: "Nouvelle-Grenade"
 new_granada_scripted_country_name_ADJ: "Néo-Grenadin"
 new_south_wales_scripted_country_name: "Nouvelle-Galles du Sud"
 new_south_wales_scripted_country_name_ADJ: "Néo-Gallois du Sud"
 new_spain_scripted_country_name: "Nouvelle-Espagne"
 new_spain_scripted_country_name_ADJ: "Néo-espagnol"
 new_york_scripted_country_name: "New York"
 new_york_scripted_country_name_ADJ: "New-Yorkais"
 new_amsterdam_scripted_country_name: "Nouvelle Amsterdam"
 new_amsterdam_scripted_country_name_ADJ: "Nouvelle Amsterdam"
 new_zealand_scripted_country_name: "Nouvelle-Zélande"
 new_zealand_scripted_country_name_ADJ: "Néo-zélandais"
 nova_scotia_scripted_country_name: "Nouvelle-Écosse"
 nova_scotia_scripted_country_name_ADJ: "Néo-écossais"
 peru_scripted_country_name: "Pérou"
 peru_scripted_country_name_ADJ: "Péruvien"
 rio_de_la_plata_scripted_country_name: "Río de la Plata"
 rio_de_la_plata_scripted_country_name_ADJ: "Rioplatense"
 swan_river_colony_scripted_country_name: "Swan"
 swan_river_colony_scripted_country_name_ADJ: "Swanne"
 wessex_scripted_country_name: "Wessex"
 wessex_scripted_country_name_ADJ: "Wessexien"
