l_turkish:
 #Africa
 #Central Africa
 #Kongo Region
 ngono_area: "Ngono"
 #East Africa
 #Great Lakes Region
 egaso_ngiro_area: "Ewaso Ng'iro"
 igombe_area: "İgombe"
 malawi_area: "Malavi Rifti"
 rift_valley_area: "Rift Vadisi"
 victoria_area: "Viktorya Gölü"
 #Ethiopia Region
 central_ethiopia_area: "Orta Etiyopya"
 northern_ethiopia_area: "Kuzey Etiyopya"
 southern_ethiopia_area: "Güney Etiyopya"
 #Nubia Region
 butana_area: "Butana"
 darfur_area: "Kurdufan"
 equatoria_area: "Ekvatorya"
 nubia_proper_area: "Nübye"
 #Somalia Region
 inner_somalia_area: "İç Somali"
 northern_somalia_area: "Kuzey Somali"
 southern_somalia_area: "Güney Somali"
 #Madagascar Region
 east_african_island_area: "Doğu Afrika Adaları"
 east_madagascar_area: "Doğu Madagaskar"
 malagasy_highlands_area: "Malagaş Yaylası"
 north_madagascar_area: "Kuzey Madagaskar"
 west_madagascar_area: "Batı Madagaskar"
 #Swahili Coast Region
 mozambique_area: "Mozambik"
 rufiji_area: "Rufiji"
 ruvuma_lurio_area: "Ruvuma-Lurio"
 tana_area: "Tana"
 wami_area: "Wami"
 #North Africa
 #Egypt Region
 lower_egypt_area: "Aşağı Mısır"
 upper_egypt_area: "Yukarı Mısır"
 sinai_area: "Sina"
 cyrenaica_area: "Sirenayka"
 #Maghreb Region
 algiers_area: "Mağrib-i Evsat"
 atlas_high_plateau: "Atlas Dağları"
 desert_area: "Sahra Vahaları"
 macaronesia_area: "Makaronezya"
 macaronesia_area_ADJ: "Makaronezya"
 morocco_area: "Mağrib-i Aksa"
 sus_area: "$sus_province$"
 tripolitania_area: "Trablus"
 tunis_area: "Mağrib-i Edna"
 #South Africa
 #South Africa Region
 southern_africa_islands_area: "Güney Afrika Adaları"
 goringhaikona_area: "Goringhaikona"
 umgungundlovu_area: "Umgungundlovu"
 tzaneen_area: "Tzaneen"
 thaba_bosiu_area: "Thaba Bosiu"
 karoo_area: "Karoo"
 kalahari_area: "Kalahari"
 okavango_area: "Okavango"
 namib_area: "Namib"
 cape_area: "Cape"
 #Zimbabwe Region
 limpopo_area: "Limpopo"
 zambezi_area: "Zambezi"
 save_area: "Save"
 #West Africa
 #Sahel Region
 adamawa_area: "Adamawa"
 air_area: "Air"
 bornu_area: "Bornu"
 east_mossi_area: "Doğu Mossi"
 gao_area: "Gao"
 ghana_area: "Gana"
 kanem_area: "Kanem"
 logone_area: "Logone"
 mali_area: "Mali"
 north_hausa_area: "Kuzey Hausaland"
 south_hausa_area: "Güney Hausaland"
 timbuktu_area: "Timbuktu"
 wadai_area: "Veday"
 west_mossi_area: "Batı Mossi"
 western_sahara_area: "Batı Sahra"
 zarma_area: "Zarma"
 #West Africa Region
 akan_area: "Akan"
 benin_area: "Benin"
 cameroon_highlands_area: "Kamerun Yaylası"
 cape_verde_area: "Cape Verde"
 futa_tooro_area: "Futa Tooro"
 gambia_area: "Gambiya"
 gold_coast_area: "Altın Sahili"
 gulf_of_guinea_area: "Gine Körfezi"
 gur_area: "Gur"
 jolof_area: "Jolof"
 kong_area: "Kong"
 kru_area: "Kru"
 lower_niger_area: "Aşağı Nijer"
 south_manding_area: "Güney Manding"
 upper_guinea_area: "Yukarı Gine"
 west_africa_coastline: "Batı Afrika Kıyı Şeridi"
 yoruba_area: "Yoruba"
 #Central Africa Region
 north_gabun_area: "Kuzey Gabun"
 south_gabun_area: "Güney Gabun"
 west_kongo_area: "Batı Kongo"
 kongo_area: "Kongo"
 south_kongo_area: "Güney Kongo"
 west_lunda_area: "Batı Lunda"
 viye_area: "Viye"
 maligo_area: "Maligo"
 east_lunda_area: "Doğu Lunda"
 moshiko_area: "Moshiko"
 kasongo_area: "Kasongo"
 east_kongo_area: "Doğu Kongo"
 central_africa_area: "Orta Afrika"
 #America
 #North America
 #Canada Region
 greenland_area: "Grönland"
 greenland_sea_area: "Grönland Denizi"
 icelandic_coast_area: "İzlanda Kıyısı"
 northern_isles_sea_area: "Kuzey Adaları Denizi"
 quebec_area: "Québec"
 laurentian_area: "Laurentians"
 lower_canada_area: "Aşağı Kanada"
 jamesie_area: "Doğu James Koyu"
 nunavik_area: "Nunavik"
 labrador_area: "Labrador"
 newfoundland_area: "Newfoundland"
 prince_edward_island_area: "Prens Edward Adası"
 acadia_area: "Acadia"
 new_brunswick_area: "New Brunswick"
 eastern_ontario_area: "Doğu Ontario"
 western_ontario_area: "Batı Ontario"
 northern_ontario_area: "Kuzey Ontario"
 northwestern_ontario_area: "Kuzeybatı Ontario"
 greenstone_belt_area: "Abitibi Yaylası"
 keewatin_area: "Keewatin"
 james_bay_lowlands_area: "Batı James Koyu"
 gulf_of_saint_lawrence_area: "Saint Lawrence Körfezi"
 canadian_atlantic_coast_area: "Kanada Atlas Kıyısı"
 labrador_sea_area: "Labrador Denizi"
 hudson_bay_coast_area: "Hudson Koyu Kıyısı"
 western_greenland_sea_zones_area: "Batı Grönland Denizi"
 eastern_greenland_sea_area: "Doğu Grönland Denizi"
 hudson_bay_sea_zones_area: "Hudson Koyu"
 lousiana_sea_zones_area: "Lousiana Denizi"
 great_lakes_sea_zones_area: "Büyük Göller"
 #Caribbean Region
 cuba_area: "Küba"
 hispaniola_area: "Hispanyola" #Quisqueya
 lesser_antilles_area: "Küçük Antiller"
 #Central America Region
 panama_area: "Panama"
 #East Coast Region
 massachusetts_area: "Massachusetts"
 southern_new_england_area: "Güney New England"
 vermont_area: "Vermont"
 new_hampshire_area: "New Hampshire"
 maine_area: "Maine"
 hudson_area: "Hudson"
 haudenosaunee_area: "İrokua"
 new_jersey_area: "New Jersey"
 pennsylvania_area: "Pensilvanya"
 westsylvania_area: "Allegheny"
 maryland_area: "Maryland"
 virginia_area: "Virginia"
 west_virginia_area: "Batı Virginia"
 north_carolina_area: "Kuzey Carolina"
 south_carolina_area: "Güney Carolina"
 georgia_us_area: "Georgia"
 florida_area: "Florida"
 tennessee_area: "Tennessee"
 kentucky_area: "Kentucky"
 ohio_area: "Ohio"
 indiana_area: "Indiana"
 michigan_area: "Michigan"
 illinois_area: "Illinois"
 wisconsin_area: "Wisconsin"
 alabama_area: "Alabama"
 mississippi_area: "Mississippi"
 #Louisiana Region
 louisiana_area: "Louisiana"
 arkansas_area: "Arkansas"
 missouri_area: "Missouri"
 iowa_area: "Iowa"
 minnesota_area: "Minnesota"
 superior_area: "Superior Gölü"
 north_dakota_area: "Kuzey Dakota"
 south_dakota_area: "Güney Dakota"
 central_plains_area: "İç Büyük Ovalar"
 natahende_area: "Natahende"
 high_plains_area: "Yüksek Ovalar"
 badlands_area: "Wyoming"
 upper_missouri_area: "Yukarı Missouri"
 athabasca_area: "Athabasca"
 saskatchewan_area: "Saskatchewan"
 keewatin_n_area: "Kuzey Keewatin"
 red_river_area: "Red River"
 mascarene_islands_area: "Mascarene Adaları"
 #Mesoamerica
 mexihko_area: "Mexihko"
 tlaxcala_area: "Tlaxcala"
 puebla_area: "Puebla"
 guanajuato_area: "Guanajuato"
 oaxaca_area: "Oaxaca"
 veracruz_area: "Veracruz"
 huaxyacac_area: "Huāxyacac"
 tochtepec_area: "Tochtepec"
 michoacan_area: "Michoacan"
 xilotepec_area: "Xilotepec"
 xalisco_area: "Xalisco"
 aridoamerica_sea_zones_area: "Aridoamerika Denizi"
 janeiro_area: "Janeiro"
 mayaab_area: "Ma'ya'ab"
 chilapan_area: "Chilapan"
 puuk_area: "Pu'uk"
 chactemal_area: "Cháak te' éemal"
 mesoamerica_sea_zones_area: "Mezoamerika Denizi"
 central_america_sea_zones_area: "Orta Amerika Denizi"
 peten_area: "Peten"
 tezulutlan_area: "Tezulutlan"
 kuskatan_area: "Kuskatan"
 imabite_area: "Imabite"
 nekokiaw_area: "Nekokiaw"
 #Arido America
 zacatecas_area: "Tlacuitlapan"
 baja_area: "Aşağı Kaliforniya"
 tahejoc_area: "Ge Kaachk Baasho"
 culiacan_area: "Culiacan"
 tamaulipeco_area: "Tamaulipeco"
 guachichil_area: "Guachichil"
 texas_area: "Teksas"
 shiewhibak_area: "Ali Shon"
 #West Coast Region
 northwest_coast_area: "Kuzeybatı Kıyısı"
 western_arctic_area: "Batı Arktik"
 alaxsxaq_area: "Alaxsxaq"
 yukon_area: "Yukon"
 alaska_sea_zones_area: "Alaska Denizi"
 columbia_interior_area: "İç Columbia"
 california_area: "Yukarı Kaliforniya"
 great_basin_area: "Büyük Havza"
 rockies_area: "Rocky Dağları"
 hawaii_area: "Hawaii"
 hawaii_sea_area: "Hawaii Denizi"
 cascadia_area: "Cascadia"
 cascadia_sea_zones_area: "Amerikan Batı Kıyısı"
 #South America
 #Brazil Region
 amazon_area: "Amazon"
 tocantins_area: "Tocantins"
 mearim_area: "Mearim"
 paranaiba_area: "Paranaiba"
 jaguaribe_area: "Jaguaribe"
 parapitinga_area: "Parapĩtinga"
 pindorama_area: "Pindorama"
 parana_area: "Parana"
 paraguay_area: "Paraguay"
 guapore_area: "Guapore"
 uruguay_area: "Uruguay"
 #Colombia Region
 bogota_area: "Bogota"
 #Andes Region
 andes_area: "And Dağları"
 quitu_area: "Quitu"
 chala_area: "Chala"
 atacama_area: "Atacama"
 cuyo_area: "Cuyo"
 yunga_area: "Yunga"
 puna_area: "Puna"
 qullaw_area: "Qullaw"
 acamama_area: "Acamama"
 suni_area: "Suni"
 rupa_rupa_area: "Rupa Rupa"
 galapagos_area: "Galapagos"
 andes_sea_zones_area: "And Denizi"
 #Chaco Region
 chaco_area: "Chaco"
 la_plata_area: "La Plata"
 ngulumapu_area: "Ngulumapu"
 juan_fernandez_area: "Juan Fernandez"
 mamore_area: "Mamore"
 paranena_area: "Paranena"
 ayoreo_area: "Ayoreo"
 moqoit_area: "Moqoit"
 pampa_area: "Pampa"
 puelmapu_area: "Puelmapu"
 patagonia_area: "Patagonya"
 falklands_area: "Falkland"
 south_georgia_area: "Güney Georgia"
 rapa_nui_area: "Rapa Nui"
 #Asia
 #Central Asia
 #Khorasan Region
 badakhshan_area: "Bedahşan"
 desht_kipchak_area: "Deşt-i Kıpçak"
 eastern_khorasan_area: "Doğu Horasan"
 khwarazm_area: "Harezm"
 transoxiana_area: "Mâverâünnehir"
 western_khorasan_area: "Batı Horasan"
 zhetysu_area: "Jetisu"
 caspian_sea_area: "Hazar Denizi"
 #East Asia
 #East China Region
 fujian_area: "Fujian" #福建
 hunan_area: "Hunan" #湖南
 wuling_area: "Wuling" #武陵
 hubei_area: "Hubei" #湖北
 jiangxi_area: "Jiangxi" #江西
 jiangnan_area: "Jiangnan" #江南
 huaidong_area: "Haidong" #淮东
 huaixi_area: "Huaixi" #淮西
 taiwan_area: "Tayvan" #台灣
 zhejiang_area: "Zhejiang" #浙江
 east_china_coastline: "Doğu Çin Kıyı Şeridi"
 #Japan Region
 ezo_area: "Ezo" #蝦夷
 hokurikudou_area: "Hokurikudo" #北陸道
 kinai_area: "Kinai" #畿内
 nankaidou_area: "Nankaido" #南海道
 saikaidou_area: "Saikaido" #西海道
 sanindou_area: "San'indo" #山陰道
 sanyoudou_area: "San'yodo" #山陽道
 ou_area: "Ōu" #奥羽
 toukaidou_area: "Tokaido" #東海道
 tousandou_area: "Tosando" #東山道
 ryuukyuu_area: "Ryukyu" #琉球
 japan_coastline: "Japon Kıyı Şeridi"
 sea_of_japan_area: "Japon Denizi"
 ryuukyuu_sea_area: "Ryukyu Denizi"
 ezo_sea: "Ezo Denizi"
 #Korea Region
 gwanseo_area: "Gwanseo"
 gwandong_area: "Gwandong"
 yeongnam_area: "Yeongnam"
 gyeonggi_area: "Gyeonggi"
 honam_area: "Honam"
 haeseo_area: "Haeseo"
 hoseo_area: "Hoseo"
 gwanbuk_area: "Gwanbuk"
 korea_western_coastline: "Kore Batı Kıyı Şeridi"
 korea_eastern_coastline: "Kore Doğu Kıyı Şeridi"
 #Manchuria Region
 liaodong_area: "Liaodong" #遼東
 lower_amur_area: "Aşağı Amur"
 middle_amur_area: "Orta Amur"
 songhua_area: "Songhua"
 songnen_area: "Songnen"
 ussuri_area: "Ussuri"
 manchuria_coastline: "Mançurya Kıyı Şeridi"
 #Mongolia Region
 argun_area: "Argun"
 eastern_gobi_area: "Doğu Gobi"
 lower_selenga_area: "Aşağı Selenge"
 mongolian_great_lakes_area: "Büyük Moğol Gölleri"
 shilkari_area: "Şilkari"
 southern_gobi_area: "Güney Gobi"
 tuva_area: "Tuva"
 upper_selenga_area: "Yukarı Selenge"
 western_gobi_area: "Batı Gobi"
 #North China Region
 beiping_area: "Beiping" #北平
 yannan_area: "Yannan" #燕南
 yanbei_area: "Yanbei" #燕北
 hebei_area: "Hebei" #河北
 henan_area: "Henan" #河南
 haiyou_area: "Haiyou" #海右
 shandong_area: "Şantung" #山東
 datong_area: "Datong"
 shanxi_area: "Şanşi" #山西
 north_china_coastline: "Kuzey Çin Kıyı Şeridi"
 #South China Region
 haibei_hainan_area: "Haibei Hainan" #海北海南
 guangdong_area: "Guangdong" #廣東
 liangjiang_area: "Liangjiang" #两江
 guangxi_area: "Guangşi" #廣西
 guizhou_area: "Guizhou" #貴州
 dali_area: "Dali" #大理
 yunnan_area: "Yünnan" #雲南
 south_china_coastline: "Güney Çin Kıyı Şeridi"
 #Tibet Region
 amdo_area: "Amdo"
 changtang_area: "Changtang"
 kham_area: "Kham"
 ngari_area: "Ngari"
 tsang_area: "Tsang"
 u_area: "Ü"
 #West China Region
 gansu_area: "Kansu" #甘肃/甘肅
 hexi_area: "Hexi" #河西
 longyou_area: "Longyou" #陇右
 shaanxi_area: "Şensi" #陕西/陝西
 chuandong_area: "Chuandong" #川东
 chuannan_area: "Chuannan" #川南
 chuanxi_area: "Chuanxi" #川西
 #xinjiang Region
 dzungaria_area: "Cungarya"
 tarim_area: "Tarim"
 #Middle East
 #Anatolia Region
 armenian_highlands_area: "Ermeni Yaylası"
 cappadocia_area: "Kapadokya"
 central_anatolia_area: "İç Anadolu"
 cilicia_area: "Kilikya"
 marmara_area: "Marmara"
 pontus_area: "Pontus"
 west_anatolia_area: "Batı Anadolu"
 #Arabia Region
 bahrein_area: "Bahreyn"
 hedjaz_area: "Hicaz"
 najd_area: "Necid"
 oman_area: "Umman"
 hail_area: "Hail"
 north_yemen_area: "Kuzey Yemen"
 south_yemen_area: "Güney Yemen"
 arabian_area: "Umman Denizi"
 red_sea_area: "Kızıldeniz"
 #Crescent Region
 iraq_arabi_area: "Irak-ı Arab"
 jazira_area: "Cezire"
 levant_area: "Levant"
 #Persia Region
 azerbaijan_area: "Azerbaycan"
 baluchistan_area: "Belucistan"
 fars_area: "Fars"
 iraq_ajam_area: "Irak-ı Acem"
 kerman_area: "Kirman"
 khuzestan_area: "Huzistan ve Luristan"
 kordestan_area: "Kürdistan"
 mazandaran_area: "Mâzendaran"
 quhestan_area: "Kuhistan"
 sistan_area: "Sistan"
 oman_sea_zones_area: "Umman Körfezi"
 bengal_sea_zones_area: "Bengal Denizi"
 western_india_sea_zones_area: "Batı Hindistan Denizi"
 deccan_sea_zones_area: "Dekken Denizi"
 #North Asia
 #West Siberia Region
 chimgi_tura_area: "Çimgi Tura"
 qashliq_area: "Kaşlık"
 irkutsk_area: "İrkutsk"
 surgut_area: "Surgut"
 mangazeya_area: "Mangazeya"
 tomsk_area: "Tomsk"
 omsk_area: "Omsk"
 kulykol_area: "Kulıkol"
 bursol_area: "Bursol"
 suzun_area: "Suzun"
 kansk_area: "Kansk"
 bratsk_area: "Bratsk"
 angara_area: "Angara"
 vitim_area: "Vitim"
 anabyr_area: "Anabyr"
 yenisei_area: "Yenisey"
 #East Siberia Region
 chukchee_area: "Çukçi"
 anadyr_area: "Anadır"
 kamchatka_area: "Kamçatka"
 chuvan_area: "Çuvan"
 kolyma_area: "Kolıma"
 yandin_area: "Yandin"
 indigirka_area: "İndigirka"
 okhotsk_coast_area: "Ohotsk Kıyısı"
 east_stanovoi_area: "Doğu Stanovoy"
 west_stanovoi_area: "Batı Stanovoy"
 amga_area: "Amga"
 yakutia_area: "Yakutistan"
 lower_lena_area: "Aşağı Lena"
 middle_lena_area: "Orta Lena"
 upper_lena_area: "Yukarı Lena"
 onoid_area: "Onoid"
 laptev_coast_area: "Laptev Kıyısı"
 siberian_lakes_area: "Sibirya Gölleri"
 yakutsk_sea_area: "Yakutsk Denizi"
 #West Siberia Region
 #South Asia
 #Bengal Region
 assam_area: "Assam"
 bengal_area: "Bengal"
 hill_area: "Zo Tepeleri"
 jharkhand_area: "Carkhand"
 mithila_area: "Mithila ve Magadha"
 monyul_area: "Monyul"
 nepal_area: "Nepal"
 chota_nagpur_area: "Chota Nagpur"
 orissa_area: "Orissa"
 #Deccan Region
 andhra_area: "Andra"
 awadh_area: "Avadh"
 bhojpur_area: "Bhojpur"
 gondwana_area: "Gondvana"
 karnakassala_area: "Karnakassala"
 konkan_area: "Konkan"
 sailan_area: "Sailan"
 maharashtra_area: "Maharaştra"
 malabar_area: "Malabar"
 rokhilkhand_area: "Rokhilkhand"
 tamil_land_area: "Tamil Nadu"
 telingana_area: "Telingana"
 vidarbha_area: "Vidarbha"
 maldives_area: "Maldivler"
 #Western India Region
 gujarat_area: "Gucarat"
 malwa_area: "Malva"
 rajputana_area: "Rajputana"
 saurashtra_area: "Sauraştra"
 #Hindustan Region
 upper_indus_area: "Yukarı İndus"
 sindh_area: "Sind"
 doab_area: "Doab"
 punjab_area: "Pencap"
 #Southeast Asia
 #Indochina Region
 arakhan_area: "Arakan"
 champa_area: "Çampa"
 chao_phraya_area: "Çao Phraya"
 irrawady_area: "İravadi"
 irrawady_delta_area: "İravadi Deltası"
 kachin_area: "Kaçin"
 khorat_plateau_area: "Korat Platosu"
 lower_mekong_area: "Aşağı Mekong"
 malay_peninsula_area: "Malay Yarımadası"
 northern_tai_highland_area: "Kuzey Tay Yaylası"
 red_river_delta_area: "Kızıl Nehir Deltası"
 shan_highland_area: "Şan Yaylası"
 southeast_asian_coasts_area: "Güneydoğu Asya Kıyıları"
 #Indonesia Region
 north_borneo_area: "Kuzey Borneo"
 south_borneo_area: "Güney Borneo"
 celebes_area: "Celebes"
 java_area: "Cava"
 lesser_sunda_area: "Küçük Sunda"
 moluccas_area: "Maluku"
 luzon_area: "Luzon"
 visayas_area: "Visayas"
 mindanao_area: "Mindanao"
 north_sumatra_area: "Kuzey Sumatra"
 south_sumatra_area: "Güney Sumatra"
 indonesia_coasts_area: "Endonezya Kıyısı"
 #Europe
 #Eastern Europe
 #Balkan Region
 aegean_archipelago_area: "Ege Takımadaları"
 bosnia_area: "Bosna"
 bulgaria_area: "Bulgaristan"
 croatia_area: "Hırvatistan"
 macedonia_area: "Makedonya"
 morea_area: "Mora"
 northern_greece_area: "Kuzey Yunanistan"
 serbia_area: "Sırbistan"
 silistria_area: "Silistre"
 slavonia_area: "Slavonya"
 slovenia_area: "Kranjska"
 thrace_area: "Trakya"
 #Carpathia Region
 north_alfold_area: "Kuzey Alföld"
 south_alfold_area: "Güney Alföld"
 transdanubia_area: "Transtuna"
 moldavia_area: "Moldova"
 slovakia_area: "Slovakya"
 transylvania_area: "Transilvanya"
 wallachia_area: "Eflak"
 #Caucasus Region
 armenia_area: "Ermenistan"
 georgia_area: "Gürcistan"
 northern_caucasus_area: "Kuzey Kafkasya"
 shirvan_area: "Şirvan"
 #Poland Region
 central_poland_area: "Orta Lehistan"
 greater_poland_area: "Büyük Lehistan"
 lesser_poland_area: "Küçük Lehistan"
 lithuania_area: "Litvanya"
 mazovia_area: "Mazovya"
 prussia_area: "Prusya"
 samogitia_area: "Samogitya"
 #Russia Region
 moscow_area: "Moskova"
 smolensk_area: "Smolensk"
 oka_area: "Oka"
 sloboda_ukraine_area: "Sloboda"
 ryazan_area: "Ryazan"
 west_novgorod_area: "Batı Novgorod"
 east_novgorod_area: "Doğu Novgorod"
 tambov_area: "Tambov"
 samara_area: "Samara"
 nizhny_novgorod_area: "Nijniy Novgorod"
 suzdal_area: "Suzdal"
 vladimir_area: "Vladimir"
 tver_area: "Tver"
 yaroslavl_area: "Yaroslavl"
 beloozero_area: "Beloozero"
 totma_area: "Totma"
 #Ruthenia Region
 black_ruthenia_area: "Siyah Rutenya"
 left_bank_ukraine_area: "Doğu Ukrayna"
 podolia_area: "Podolya"
 polesia_area: "Polesiye"
 red_ruthenia_area: "Kırmızı Rutenya"
 right_bank_ukraine_area: "Batı Ukrayna"
 severia_area: "Severşçina"
 volhynia_area: "Volhinya"
 white_ruthenia_area: "Beyaz Rutenya"
 #Steppes Region
 crimea_area: "Kırım"
 matrega_area: "Matrega"
 yedisan_area: "Yedisan"
 zaporizhzhia_area: "Zaporijya"
 pryazovia_area: "Pryazovia"
 azov_area: "Azov"
 lower_don_area: "Aşağı Don"
 astrakhan_area: "Astrahan"
 majar_area: "Majar"
 lower_yik_area: "Aşağı İk"
 samar_area: "Samar"
 kursk_area: "Kursk"
 #Ural Region
 kazan_area: "Kazan"
 vyatka_area: "Vyatka"
 bolghar_area: "Bulgar"
 bashkiria_area: "Başkurdistan"
 karagay_area: "Karagay"
 perm_area: "Perm"
 ust_sysola_area: "Ust-Sısola"
 vorkuta_area: "Vorkuta"
 ural_area: "Ural"
 #White Sea Region
 pomorye_area: "Pomorye"
 arkhangelsk_area: "Arhangelsk"
 karelia_area: "Karelya"
 kola_area: "Kola"
 russian_coastline: "Rus Kıyı Şeridi"
 #Western Europe
 #France Region
 alsace_area: "Alsas"
 alsace_area_ADJ: "Alsas"
 anjou_area: "Anjou"
 anjou_area_ADJ: "Anjou"
 auvergne_area: "Auvergne"
 brittany_area: "Bretonya"
 brittany_area_ADJ: "Bretonya"
 burgundy_area: "Burgonya"
 burgundy_area_ADJ: "Burgonya"
 champagne_area: "Champagne"
 champagne_area_ADJ: "Champagneli"
 franche_comte_area: "Franche-Comté"
 franche_comte_area_ADJ: "Franche-Comté"
 gascony_area: "Gaskonya"
 gascony_area_ADJ: "Gaskon"
 guyenne_area: "Guyenne"
 guyenne_area_ADJ: "Guyenne"
 ile_de_france_area: "Île-de-France"
 ile_de_france_area_ADJ: "Fransiyen"
 lorraine_area: "Loren"
 lorraine_area_ADJ: "Loren"
 lyonnais_area: "Lyonnais"
 normandy_area: "Normandiya"
 normandy_area_ADJ: "Norman"
 orleanais_area: "Orléanais"
 orleanais_area_ADJ: "Orléanais"
 picardy_area: "Picardie"
 picardy_area_ADJ: "Picardie"
 poitou_area: "Poitou"
 poitou_area_ADJ: "Poitou"
 provence_area: "Provence"
 provence_area_ADJ: "Provence"
 savoy_area: "Savoy ve Dauphiné"
 savoy_area_ADJ: "Savoy"
 languedoc_area: "Languedoc"
 languedoc_area_ADJ: "Languedoc"
 #Great Britain Region
 east_anglia_area: "Doğu Anglia"
 home_counties_area: "Mücavir Kontluklar"
 midlands_area: "Mersiya"
 northumbria_area: "Northumbria"
 scottish_highlands_area: "Kuzey İskoçya"
 hebrides_area: "Hebridler"
 hebrides_area_ADJ: "Hebridler"
 scottish_lowlands_area: "Güney İskoçya"
 wales_area: "Galler"
 northern_isles_area: "Kuzey Adaları"
 west_country_area: "West Country"
 #Iberia Region
 andalusia_area: "Endülüs"
 andalusia_area_ADJ: "Endülüs"
 aragon_area: "Aragon"
 aragon_area_ADJ: "Aragon"
 balearics_area: "Balear Adaları"
 balearics_area_ADJ: "Balear"
 castile_area: "Kastilya"
 castile_area_ADJ: "Kastilya"
 catalonia_area: "Katalonya"
 catalonia_area_ADJ: "Katalan"
 granada_area: "$granada$"
 granada_area_ADJ: "Granada"
 extremadura_area: "Extremadura"
 extremadura_area_ADJ: "Extremadura"
 galicia_area: "Galiçya"
 galicia_area_ADJ: "Galiçya"
 leon_area: "$leon_province$"
 leon_area_ADJ: "Leon"
 murcia_area: "Murcia"
 navarre_area: "Navarra"
 navarre_area_ADJ: "Navarra"
 north_portugal_area: "Kuzey Portekiz"
 north_portugal_area_ADJ: "Kuzey Portekiz"
 south_portugal_area: "Güney Portekiz"
 south_portugal_area_ADJ: "Güney Portekiz"
 toledo_area: "$toledo_province$"
 toledo_area_ADJ: "Toledo"
 valencia_area: "$valencia_province$"
 valencia_area_ADJ: "Valensiya"
 #Ireland Region
 connaught_area: "Connaught"
 leinster_area: "Leinster"
 munster_area: "Munster"
 ulster_area: "Ulster"
 #Italy Region
 abruzzo_area: "Abruzzi"
 apulia_area: "Apulia"
 basilicata_area: "Basilicata ve Calabria"
 campania_area: "Campania ve Principato"
 emilia_area: "Emilia ve Romagna"
 lazio_area: "Lazio"
 liguria_area: "Liguria ve Korsika"
 lombardy_area: "Lombardiya"
 marche_area: "Marche ve Umbria"
 piemonte_area: "Piedmont"
 sardinia_area: "Sardinya"
 sicily_area: "Sicilya"
 tuscany_area: "Toskana"
 veneto_area: "Veneto ve Friuli"
 #Scandinavia Region
 denmark_area: "Danmark"
 gotaland_area: "Götaland"
 iceland_area: "İzlanda"
 nord_norge_area: "Nord-Norge"
 skaneland_area: "Skåneland"
 svealand_area: "Svealand"
 syd_norge_area: "Syd-Norge"
 scandinavian_sea_zones_area: "İskandinav Kıyı Şeridi"
 #North Germany Region
 brabant_area: "Brabant"
 flanders_area: "Flandre"
 friesland_area: "Frizya"
 holland_area: "Hollanda"
 wallonia_area: "Valonya"
 brandenburg_area: "Brandenburg"
 mecklenburg_area: "Mecklenburg"
 #South Germany Region
 austria_area: "Aşağı Avusturya"
 rhineland_area: "Renanya"
 hesse_area: "Hesse"
 westphalia_area: "Vestfalya"
 lower_saxony_area: "Aşağı Saksonya"
 upper_saxony_area: "Yukarı Saksonya"
 pomerania_area: "Pomeranya"
 holstein_area: "Holstein"
 upper_austria_area: "Yukarı Avusturya"
 salzburg_area: "Salzburg"
 styria_area: "Steiermark"
 carinthia_area: "Karintiya"
 central_switzerland_area: "İsviçre"
 eastern_switzerland_area: "Raetia"
 western_switzerland_area: "Romandy"
 bohemia_area: "Bohemya"
 moravia_area: "Moravya"
 silesia_area: "Silezya"
 upper_rhine_area: "Yukarı Ren"
 swabia_area: "Svabya"
 bavaria_area: "Bavyera"
 franconia_area: "Frankonya"
 tirol_area: "Tirol ve Trentino"
 #Oceania
 #Australia
 #Australia Region
 eastern_australia_area: "Doğu Avustralya"
 #Papua
 eastern_australia_sea_zones_area: "Doğu Avustralya Denizi"
 micronesia_area: "Mikronezya"
 melanesia_area: "Melanezya"
 solomon_islands_area: "Solomon Adaları"
 solomon_islands_coastal_sea_zones_area: "Solomon Adaları Kıyısı"
 bismarck_area: "Bismarck"
 momase_area: "Momase"
 kerema_area: "Kerema"
 milne_area: "Milne"
 wanin_area: "Wanin"
 papua_area: "Papua"
 anim_ha_area: "Anim Ha"
 papua_sea_zones_area: "Papua Denizi"
 polynesia_area: "Polinezya"
 #Polynesia
 #New Zealand Region
 rekohu_area: "Rēkohu"
 lord_howe_area: "Lord Howe"
 norfolk_nz_area: "Norfolk"
 motu_maha_area: "Motu Maha"
 new_zealand_sea_zones_area: "Yeni Zelanda Denizi"
 rapa_nui_sea_zones_area: "Rapa Nui Denizi"
 papahanaumokuakea_area: "Papahanaumokuakea"
 hawaii_sea_zones_area: "Hawaii Denizi"
 aono_raina_area: "Aono Raina"
 aono_raina_sea_zones_area: "Aono Raina Denizi"
 kuki_airani_area: "Kuki Airani"
 kuki_airani_sea_zones_area: "Kuki Airani Denizi"
 tuhaa_pae_area: "Tuhaa Pae"
 tuhaa_pae_sea_zones_area: "Tuhaa Pae Denizi"
 te_henua_enana_area: "Te Henua Enana"
 te_henua_enana_sea_zones_area: "Te Henua Enana Denizi"
 tuamotu_area: "Tuamotu"
 raeffsky_area: "Raeffsky"
 palliser_area: "Palliser"
 tuamotu_sea_zones_area: "Tuamotu Denizi"
 totaiete_ma_area: "Totaiete Ma"
 totaiete_ma_sea_zones_area: "Totaiete Ma Denizi"
 pitcairn_area: "Pitcairn"
 pitcairn_sea_zones_area: "Pitcairn Denizi"
 rawaki_area: "Rawaki"
 rawaki_sea_zones_area: "Rawaki Denizi"
 tokelau_area: "Tokelau"
 tokelau_sea_zones_area: "Tokelau Denizi"
 niue_area: "Niue"
 niue_sea_zones_area: "Niue Denizi"
 tuvalu_area: "Tuvalu"
 tuvalu_sea_zones_area: "Tuvalu Denizi"
 futuna_area: "Futuna"
 tonga_area: "Tonga"
 tonga_sea_zones_area: "Tonga Denizi"
 samoa_area: "Samoa"
 samoa_sea_zones_area: "Samoa Denizi"
 nanpo_area: "Nanpō"
 nanpo_sea_zones_area: "Nanpō Denizi"
 marianas_area: "Marianalar"
 marianas_sea_zones_area: "Marianalar Denizi"
 ratak_area: "Ratak"
 ralik_area: "Ralik"
 majel_sea_zones_area: "Majel Denizi"
 belau_area: "Belau"
 belau_sea_zones_area: "Belau Denizi"
 chuuk_area: "Chuuk"
 chuuk_sea_zones_area: "Chuuk Denizi"
 tungaru_area: "Tungaru"
 tungaru_sea_zones_area: "Tungaru Denizi"
 tinputz_area: "Tinputz"
 bougainville_area: "Bougainville"
 mu_ngava_area: "Mu Ngava"
 solomon_islands_sea_zones_area: "Solomon Adaları Denizi"
 temotu_area: "Temotu"
 temotu_sea_zones_area: "Temotu Denizi"
 vanuatu_area: "Vanuatu"
 vanuatu_sea_zones_area: "Vanuatu Denizi"
 fiji_area: "Fiji"
 fiji_sea_zones_area: "Fiji Denizi"
 kanaky_area: "Kanaky"
 kanaky_sea_zones_area: "Kanaky Denizi"
 nauru_area: "Nauru"
 nauru_sea_zones_area: "Nauru Denizi"
 #Ocean Continent
 #Ocean Subcontinent
 #Ocean Region
 atlantic_canada_area: "Atlantik Kanadası"
 black_sea_area: "Karadeniz"
 caribbean_sea_area: "Karayip Denizi"
 alboran_sea_area: "Alboran Denizi"
 tyrrhenian_sea: "Tiren Denizi"
 adriatic_sea_area: "Adriyatik Denizi"
 ionian_sea_area: "İyon Denizi"
 aegean_sea_area: "Ege Denizi"
 albania_area: "Arnavutluk"
 levantine_sea_area: "Levant Denizi"
 libyan_sea_area: "Libya Denizi"
 central_mediterranean_sea_area: "Orta Akdeniz"
 iberian_west_coast_area: "İberya Batı Kıyısı"
 southeast_baltic_sea: "Güneydoğu Baltık Denizi"
 western_mediterranean_sea_area: "Batı Akdeniz"
 atlantic_west_spitzbergen_area: "Atlantik Batı Spitzbergeni"
 atlantic_irminger_area: "Atlantik Irmingeri"
 atlantic_labrador_area: "Atlantik Labradoru"
 atlantic_gulf_stream_area: "Atlantik Körfez Akıntısı"
 atlantic_north_atlantic_current_area: "Kuzey Atlantik Akıntısı"
 atlantic_azores_stream_area: "Atlantik Azorlar Akıntısı"
 azores_sea_area: "Azorlar Denizi"
 bay_of_biscay_area: "Biskay Koyu"
 atlantic_north_equatorial_area: "Atlantik Kuzey Ekvatoru"
 atlantic_equatorial_countercurrent_area: "Atlantik Ekvator Karşı Akıntısı"
 atlantic_south_equatorial_area: "Atlantik Güney Ekvatoru"
 atlantic_saint_helena_area: "Atlantik Saint Helenası"
 atlantic_saint_helena_sea_area: "Atlantik Saint Helenası"
 atlantic_south_area: "Atlantik Güneyi"
 indian_horn_area: "Hint Boynuzu"
 indian_andaman_area: "Hint Andamanı"
 indian_monsoon_area: "Hint Musonu"
 indian_equatorial_countercurrent_area: "Hint Ekvator Karşı Akıntısı"
 indian_south_equatorial_area: "Hint Güney Ekvatoru"
 indian_south_area: "Hint Güneyi"
 indian_austral_area: "Hint Cenubisi"
 indian_north_agulhas_area: "Hint Kuzey Agulhası"
 pacific_north_area: "Pasifik Kuzeyi"
 pacific_north_equatorial_area: "Pasifik Kuzey Ekvatoru"
 pacific_hawaii_area: "Pasifik Hawaiisi"
 pacific_kuro_area: "Pasifik Kurosu"
 pacific_south_equatorial_area: "Pasifik Güney Ekvatoru"
 pacific_easter_equatorial_area: "Pasifik Paskalyası Ekvatoru"
 pacific_equatorial_countercurrent_area: "Pasifik Ekvator Karşı Akıntısı"
 pacific_polynesia_area: "Pasifik Polinezyası"
 pacific_south_area: "Pasifik Güneyi"
 pacific_tasmania_area: "Pasifik Tasmanyası"
 antarctic_ocean_area: "Antarktika Okyanusu"
 mozambique_channel_area: "Mozambik Kanalı"
 cape_sea_zones: "Cape Denizi"
 bengal_bay_area: "Bengal Koyu"
 timor_sea_area: "Timor Denizi"
 tristan_da_cunha_area: "Tristan da Cunha"
 tristan_da_cunha_sea_zones_area: "Tristan da Cunha Denizi"
 bouvet_area: "Bouvet"
 #Australians
 western_australia_high_sea_zones_area: "Batı Avustralya Denizi"
 northern_australia_high_sea_zones_area: "Kuzey Avustralya Denizi"
 eastern_australia_high_sea_zones_area: "Doğu Avustralya Denizi"
 southern_australia_high_sea_zones_area: "Güney Avustralya Denizi"
 southwestern_australia_area: "Güneybatı Avustralya"
 northwestern_australia_area: "Kuzeybatı Avustralya"
 australian_northern_territory_area: "Kuzey Toprakları"
 australian_yalanji_area: "Yalanji"
 southeastern_australia_area: "Güneydoğu Avustralya"
 south_australia_area: "Güney Avustralya"
 #unsorted
 bermuda_province: "$bermuda$"
 bermuda_area: "$bermuda$"
 gulf_of_mexico_area: "Meksika Körfezi"
 west_greenland_sea_area: "Batı Grönland Kıyısı"
 east_greenland_sea_area: "Doğu Grönland Kıyısı"
 coast_of_portugal_province: "Portekiz Kıyısı"
 azores_province: "Azorlar"
 madeira_province: "Madeira"
 canary_island_coast: "Kanarya Adaları Kıyısı"
 coast_of_morocco: "Fas Kıyısı"
 sahel_coast_province: "Sahel Kıyısı"
 bahamans_sea_zone: "Lucayan Kıyısı"
 atlantic_sea_area: "Sargasso Denizi"
 madeira_sea_area: "Madeira Denizi"
 azores_area: "Azorlar"
 canary_islands_area: "Kanarya Adaları"
 south_macaronesia_area: "Güney Makaronezya"
 #temporary ones
 nw_africa_coast_area: "Kuzeybatı Afrika Kıyısı"
