l_japanese:
 altamura.south_italian_language: "ヤルタムーレ"
 andria.south_italian_language: "イアンドゥリェ"
 bari.south_italian_language: "バレ"
 barletta.south_italian_language: "バルレッテ"
 caltagirone.south_italian_language: "カルタッジルニ"
 chieti.south_italian_language: "キエテ"
 corleone.south_italian_language: "クニッギウニ"
 cotrone.south_italian_language: "クトローネ"
 foggia.south_italian_language: "フォッジェ"
 francavilla.south_italian_language: "フランカイッダ"
 gaeta.south_italian_language: "ガイエタ"
 gallipoliita.south_italian_language: "カッディープリ"
 isernia.south_italian_language: "セルニア"
 lanciano.south_italian_language: "ランジャーネ"
 larino.south_italian_language: "ラリーネ"
 lecce.south_italian_language: "レッチェ"
 lucera.south_italian_language: "ルチェーレ"
 martinafr.south_italian_language: "マルテーネ"
 mazara.south_italian_language: "マッツァーラ"
 modica.south_italian_language: "ムオリカ"
 monopoli.south_italian_language: "メノーペレ"
 naples.south_italian_language: "ナプーレ"
 noto.south_italian_language: "ノートゥ"
 palermo.south_italian_language: "パレムム"
 pontikokastro.south_italian_language: "ベルヴェデーレ"
 sansevero.south_italian_language: "サンゼヴィーレ"
 sulmona.south_italian_language: "スルモーネ"
 syracuse.south_italian_language: "サラグーサ"
 taranto.south_italian_language: "タルデ"
 teramo.south_italian_language: "テレメ"
 trapani.south_italian_language: "トラーパニ"
 vasto.south_italian_language: "ル・ウァシュテ"
