l_japanese:
 acre.north_italian_language: "サン・ジョヴァンニ・ダクリ"
 amasra.north_italian_language: "アマストリス"
 ayas.north_italian_language: "ライアッツォ"
 balat.north_italian_language: "パラティア"
 berat.north_italian_language: "ベルグラード・ディ・ロマーニャ"
 brac.north_italian_language: "ブラッツァ"
 brixen.north_italian_language: "ブレッサノーネ"
 bruneck.north_italian_language: "ブルニコ"
 buzet.north_italian_language: "ピングエンテ"
 candia.north_italian_language: "キャンディア"
 cesme.north_italian_language: "チェシュメ"
 chania.north_italian_language: "ラ・カネア"
 crikvenica.north_italian_language: "チルクェニッツァ"
 dubrovnik.north_italian_language: "ラグーザ"
 dukagjini.north_italian_language: "ドゥカジーニ"
 durres.north_italian_language: "デュラッツォ"
 edremit.north_italian_language: "アドラミッティオ"
 eregli.north_italian_language: "ペンデラキア"
 famagusta.north_italian_language: "ファマゴスタ"
 florence.north_italian_language: "フィレンツェ"
 foca.north_italian_language: "フォチェア"
 genoa.north_italian_language: "ジェノヴァ"
 kaffa.north_italian_language: "カッファ"
 kavaje.north_italian_language: "カヴァリ"
 khadjibey.north_italian_language: "ジネストラ"
 knin.north_italian_language: "テニン"
 krk.north_italian_language: "ヴェリア"
 kruje.north_italian_language: "クロイア"
 kyrenia.north_italian_language: "チェリニア"
 lezha.north_italian_language: "アレッシオ"
 limassol.north_italian_language: "リミッソ"
 makarska.north_italian_language: "マカルスカ"
 mantova.north_italian_language: "マントヴァ"
 milano.north_italian_language: "ミラノ"
 morphou.north_italian_language: "オモルフォ"
 naples.north_italian_language: "ナポリ"
 novigrad.north_italian_language: "ノヴェグラディ"
 otocac.north_italian_language: "オットーチョ"
 pag.north_italian_language: "パゴ"
 paphos.north_italian_language: "パフォ"
 pazin.north_italian_language: "ピシノ"
 pola.north_italian_language: "ポラ"
 pontikokastro.north_italian_language: "ベルヴェデーレ"
 rethymno.north_italian_language: "レティモ"
 rijeka.north_italian_language: "フィウーメ"
 rome.north_italian_language: "ローマ"
 rovinj.north_italian_language: "ロヴィーニョ"
 samsun.north_italian_language: "シミッソ"
 senj.north_italian_language: "セーニャ"
 shkoder.north_italian_language: "スクタリ"
 sibenik.north_italian_language: "セベニコ"
 sinj.north_italian_language: "シグノ"
 sinop.north_italian_language: "シノペ"
 syracuse.north_italian_language: "シラクーサ"
 siteia.north_italian_language: "シティア"
 slano.north_italian_language: "スラノ"
 smyrna.north_italian_language: "スミルナ"
 split.north_italian_language: "スパラト"
 sterzing.north_italian_language: "ヴィピテーノ"
 theodoro.north_italian_language: "テドーロ"
 trebizond.north_italian_language: "トレビゾンダ"
 trento.north_italian_language: "トレント"
 turin.north_italian_language: "トリノ"
 venice.north_italian_language: "ヴェネツィア"
 zadar.north_italian_language: "ザラ"
