l_japanese:
 adony.german_language: "アダム"
 aiud.german_language: "シュトラスブルク・アム・ミエレシュ"
 aizkraukle.german_language: "アシェラーデン"
 alba_iulia.german_language: "ヴァイセンブルク"
 aluksne.german_language: "マリーエンブルク"
 anecho.german_language: "クラインポポ"
 babimost.german_language: "ボムスト"
 baia_de_aries.german_language: "オッフェンブルク"
 baia_mare.german_language: "フラウエンバッハ"
 baja_hungary.german_language: "フランケンシュタット"
 balassagyarmat.german_language: "ヤールマルクト"
 bardejov.german_language: "バルトフェルト"
 bauska.german_language: "バウスケ"
 bechyne.german_language: "ベヒン"
 benesov.german_language: "ベネシャウ"
 beregovo.german_language: "ベルグサス"
 beroun.german_language: "ベラウン"
 bialobork.german_language: "バルデンブルク"
 bialogard.german_language: "ベルガルト"
 bienne.german_language: "ビエル"
 bielsko.german_language: "ビーリッツ"
 bistrita.german_language: "ビストリッツ"
 bled.german_language: "フェルデス"
 bobolice.german_language: "ブブリッツ"
 boleslawiec.german_language: "ブンツラウ"
 bolzano.german_language: "ボーツェン"
 brasov.german_language: "クロンシュタット"
 bratislava.german_language: "プレスブルク"
 brodnica.german_language: "シュトラスブルク・アン・デア・ドレヴェンツ"
 brunswick.german_language: "ブラウンシュヴァイク"
 brzeg.german_language: "ブリーク"
 brzeznica.german_language: "ブジェズニツァ"
 buda.german_language: "オーフェン"
 budejovice.german_language: "ブドヴァイス"
 buk.german_language: "バック"
 bydgoszcz.german_language: "ブロムベルク"
 bytom.german_language: "ボイテン"
 bytow.german_language: "ビュートウ"
 caransebes.german_language: "カランゼベシュ"
 carei.german_language: "グロースカロル"
 caslav.german_language: "カスラウ"
 cavalese.german_language: "ガブレス"
 celje.german_language: "ツィリ"
 cesis.german_language: "ヴェンデン"
 cetatea_balta.german_language: "コケルブルク"
 cheb.german_language: "エゲル"
 chelmno.german_language: "クルム"
 chezdi_osorheiu.german_language: "ゼクラー・ノイマルクト"
 chodziez.german_language: "ホジジェン"
 chojna.german_language: "ケーニヒスベルク・イン・デア・ノイマルク"
 choszczno.german_language: "アーンスヴァルデ"
 ciechanow.german_language: "ツェヘナウ"
 cincu.german_language: "グロースシェンク"
 cles.german_language: "グレス"
 cluj.german_language: "クラウゼンブルク"
 cologne.german_language: "クェルン" #Written with C after the 1500s until 1815 and then again from 1857 to 1919.
 covasna.german_language: "コヴァスナ"
 crasna.german_language: "クラスマルクト"
 csanad.german_language: "チャナド"
 cuhea.german_language: "コニハウ"
 czaplinek.german_language: "テンペルブルク"
 czarnkow.german_language: "ツァルニカウ"
 czlopa.german_language: "シュロッペ"
 czluchow.german_language: "シュロッハウ"
 dabaca.german_language: "ドベシュドルフ"
 daugavpils.german_language: "ドゥナブルク"
 decin.german_language: "テッチェン"
 dej.german_language: "デッシュ"
 delemont.german_language: "デルスベルク"
 deva.german_language: "ディームリッヒ"
 dobele.german_language: "ドブレン"
 dobrzyn.german_language: "ドブリン"
 domazlice.german_language: "タウス"
 drawsko.german_language: "ドラムブルク"
 dundaga.german_language: "ドンダゲン"
 durbe.german_language: "ドゥルベン"
 dzierzgon.german_language: "クリストブルク"
 elblag.german_language: "エルビング"
 elk.german_language: "リュック"
 fagaras.german_language: "フォガラシュ"
 fehervar.german_language: "シュトゥールヴァイセンブルク"
 felegyhaza.german_language: "フォイレガス"
 felvint.german_language: "オーバーヴィンツ"
 frombork.german_language: "フラウエンブルク"
 frydlant.german_language: "フリードラント"
 fryvaldov.german_language: "フライヴァルダウ"
 gabin.german_language: "ゴンビン"
 gdansk.german_language: "ダンツィヒ"
 gemer.german_language: "ゲーメル"
 geneve.german_language: "ゲンフ"
 giessen.german_language: "ギーセン"
 glogow.german_language: "グロガウ"
 glubczyce.german_language: "レオブシュッツ"
 gniew.german_language: "メーヴェ"
 gniezno.german_language: "グネーゼン"
 goleniow.german_language: "ゴルノウ"
 gora.german_language: "グフラウ"
 gorizia.german_language: "ゲルツ"
 gorzow.german_language: "ランツベルク・アン・デア・ヴァルテ"
 grobina.german_language: "グロービン"
 grodkow.german_language: "グロットカウ"
 grodzisk_wielkopolski.german_language: "グレッツ"
 grudziadz.german_language: "グラウデンツ"
 gruyere.german_language: "グリュイエール"
 gryfia_gora.german_language: "グライフェンベルク"
 gryfow.german_language: "グライフェンハーゲン"
 gulbene.german_language: "シュヴァーネンブルク"
 gurghiu.german_language: "ゲルゲン"
 haapsalu.german_language: "ハプサル"
 halas.german_language: "ハラッシュ"
 hannover.german_language: "ハノーファー"
 hameln.german_language: "ハーメルン"
 hassfurt.german_language: "ハスフルト"
 hateg.german_language: "ヴァーレンタール"
 hlohovec.german_language: "フライシュタットル・アン・デア・ヴァーク"
 hlucin.german_language: "フルツシン"
 hodod.german_language: "クリークスドルフ"
 holic.german_language: "ホリッチ"
 hradec_kralove.german_language: "ケーニヒグレーツ"
 huedin.german_language: "ハイノド"
 hulagan.german_language: "グラン・ポポ"
 hunedoara.german_language: "アイゼンマルクト"
 husinec.german_language: "フシネッツ"
 ilirska_bistrica.german_language: "ファイストリッツ"
 ineu.german_language: "イェノポル"
 inowroclaw.german_language: "イノヴロツワフ"
 j_hradec.german_language: "ノイハウス"
 jachymov.german_language: "ヨアヒムスタール"
 jawor.german_language: "ヤウアー"
 jekabpils.german_language: "クロイツブルク"
 jelgava.german_language: "ミタウ"
 jicin.german_language: "イッチン"
 kaina.german_language: "カイニス"
 kalisz.german_language: "カリシュ"
 kamien.german_language: "カミン"
 kamienna_gora.german_language: "ランデシュト"
 kandava.german_language: "カンダウ"
 kaposvar.german_language: "コピッシュ"
 kapuvar.german_language: "コブルン"
 karksi.german_language: "カルクス"
 khust.german_language: "フスト"
 klatovy.german_language: "クラッタウ"
 klodzko.german_language: "グラーツ"
 kluczbork.german_language: "クロイツブルク"
 kocevje.german_language: "ゴットシェー"
 koknese.german_language: "コケンハウゼン"
 kolo.german_language: "コロ"
 kolobrzeg.german_language: "コルベルク"
 kormend.german_language: "キルメント"
 koscian.german_language: "コステン"
 koscierzyna.german_language: "ベーレント"
 kosice.german_language: "カッサウ"
 koszalin.german_language: "ケスリン"
 kourim.german_language: "カウジーム"
 kozle.german_language: "コーゼル"
 kozmin.german_language: "ホルレ"
 kozuchow.german_language: "フライシュタット"
 kranj.german_language: "クラインブルク"
 kraslava.german_language: "クレスラウ"
 kremnica.german_language: "クレムニッツ"
 krnov.german_language: "イェーゲンドルフ"
 krosno_odrzanskie.german_language: "クロッセン・アン・デア・オーダー"
 krumlov.german_language: "クルマウ"
 krupina.german_language: "カルプフェン"
 kuldiga.german_language: "ゴルディンゲン"
 kuressaare.german_language: "アーレンスブルク"
 kutna_hora.german_language: "クッテンベルク"
 kwidzyn.german_language: "マリーエンヴェルダー"
 lad_konin.german_language: "ロント"
 lasko.german_language: "チューファー"
 lebork.german_language: "ラウエンブルク・イン・ポンメルン"
 legnica.german_language: "リーグニッツ"
 lidzbark.german_language: "ハイルスベルク"
 lihula.german_language: "レアウ"
 limbazi.german_language: "レムザル"
 lipno.german_language: "ライペ"
 lipova.german_language: "リッパ"
 liptovsky_mikulas.german_language: "リプタウ・ザンクト・ニコラウス"
 litomerice.german_language: "ライトメリッツ"
 litomysl.german_language: "ライトミシュル"
 ljubljana.german_language: "ライバッハ"
 loket.german_language: "エルボーゲン"
 lomza.german_language: "ルムゼー"
 lubawa.german_language: "レーバウ"
 lubica.german_language: "ライビッツ"
 lubliniec.german_language: "ルブリーツ"
 lugoj.german_language: "ルゴーシュ"
 lucerne.german_language: "ルツェルン"
 mako.german_language: "マコヴァ"
 makonkalns.german_language: "ヴォルケンブルク"
 malbork.german_language: "マリーエンブルク"
 maribor.german_language: "マールブルク"
 medias.german_language: "メディアシュ"
 meissen.german_language: "マイセン"
 merano.german_language: "メラーン"
 metlika.german_language: "メットリング"
 miastko.german_language: "ルンメルスブルク・イン・ポンメルン"
 miedzyrzecz.german_language: "メーゼリッツ"
 miercurea_cluc.german_language: "ゼクレルブルク"
 mihalt.german_language: "ミヒェルスドルフ"
 milicz.german_language: "ミリッチュ"
 mirochowo.german_language: "ミルヒャウ"
 miskolc.german_language: "ミシュコルツ"
 mlada_boleslav.german_language: "ユングブンズラウ"
 mohacs.german_language: "モハッチュ"
 morag.german_language: "モールンゲン"
 most.german_language: "ブリュックス"
 mukachevo.german_language: "ムンカッチュ"
 munich.german_language: "ミュンヘン"
 nachod.german_language: "ナホト"
 nagykanizsa.german_language: "カニシャ"
 naklo.german_language: "ナーケル・アン・デア・ネッツェ"
 namyslow.german_language: "ナムスラウ"
 narva.german_language: "ナルヴァ"
 nemecky_brod.german_language: "ドイチュブロート"
 nibork.german_language: "ナイデンブルク"
 niemcza.german_language: "ニンプチュ"
 niemodlin.german_language: "ファルケンベルク"
 nitra.german_language: "ノイトラ"
 neuchatel.german_language: "ノイエンブルク"
 neuss.german_language: "ノイス"
 nograd.german_language: "ノイブルク"
 novo_mesto.german_language: "ルドルフスヴェルト"
 nowe.german_language: "ノイエンブルク・イン・ヴェストプロイセン"
 nowogard.german_language: "ナウガード"
 nowoszczecin.german_language: "ノイシュテッティン"
 nuremberg.german_language: "ニュルンベルク"
 nysa.german_language: "ニサ"
 oborniki.german_language: "オボルニク"
 odorhei.german_language: "オドールヘレン"
 olawa.german_language: "オーラウ"
 olesnica.german_language: "エルス"
 olesno.german_language: "ローゼンベルク"
 olsnica.german_language: "オルシュニッツ"
 olsztyn.german_language: "アレンシュタイン"
 opava.german_language: "トロッパウ"
 opole.german_language: "オッペルン"
 oradea.german_language: "グロースヴァルダイン"
 oravsky_podzamok.german_language: "アルヴァ"
 ostroda.german_language: "オステローデ"
 ostroleka.german_language: "オストロレンカ"
 ostrow_wielkopolski.german_language: "オストロヴォ"
 ostrzeszow.german_language: "シルトベルク"
 oswiecim.german_language: "アウシュヴィッツ"
 padise.german_language: "パディス"
 paide.german_language: "ヴァイセンシュタイン"
 papa.german_language: "ポッパ"
 parnu.german_language: "ペルナウ"
 pazin.german_language: "ミッターブルク"
 petrovaradin.german_language: "ペーターヴァルダイン"
 piltene.german_language: "ピルテン"
 piotrkow_trybunalski.german_language: "ペトリカウ"
 pisek.german_language: "ピーゼク"
 pleszew.german_language: "プレッシェン"
 plock.german_language: "プロッツ"
 plonsk.german_language: "プレーネン"
 plzen.german_language: "ピルゼン"
 podebrady.german_language: "ポディエブラート"
 podmuran.german_language: "ウンタームラーン"
 poltsamaa.german_language: "オーバーパーレン"
 postojna.german_language: "アーデルスベルク"
 povazska_bystrica.german_language: "ヴァークビストリッツ"
 poznan.german_language: "ブレスラウ"
 prachen.german_language: "プラーヒン"
 prague.german_language: "プラーク"
 presov.german_language: "エペリエス"
 prievidza.german_language: "プリヴィッツ"
 prudnik.german_language: "ノイシュタット"
 przasnysz.german_language: "ペツァスニッツ"
 pszczyna.german_language: "プレス"
 ptuj.german_language: "ペッタウ"
 puck.german_language: "プッチヒ"
 pyrzyce.german_language: "ピリツ"
 pyzdry.german_language: "パイゼルン"
 raciborz.german_language: "ラティボル"
 radziejow.german_language: "ラーデオウ"
 rakhiv.german_language: "ラヒウ"
 rakovnik.german_language: "ラコニッツ"
 rakvere.german_language: "ヴェーゼンベルグ"
 rapla.german_language: "ラッペル"
 rauna.german_language: "ロネブルク"
 rawicz.german_language: "ラヴィッチュ"
 recas.german_language: "レカシュ"
 reghin.german_language: "レーゲン"
 resko.german_language: "レーゲンヴァルデ"
 rezekne.german_language: "ロジッテン"
 rimavska_sobota.german_language: "グロースシュテッフェルスドルフ"
 riva.german_language: "ライフ"
 rovereto.german_language: "ロフライツ"
 rozan.german_language: "ロザン"
 roznava.german_language: "ローゼナウ"
 rychbach.german_language: "ライヒェンバッハ"
 ryn_poland.german_language: "ライン"
 rypin.german_language: "リッピン"
 saarde.german_language: "ザアラホーフ"
 salaspils.german_language: "キルヒホルム"
 saldus.german_language: "フラウエンブルク"
 salgotarjan.german_language: "シャルガウ"
 samorin.german_language: "ゾンマライン"
 santok.german_language: "ツァントッホ"
 satoraljaujhely.german_language: "ノイシュタット・アム・ツェルトベルク"
 schesslitz.german_language: "シェスリッツ"
 sebes.german_language: "ミュールバッハ"
 selpils.german_language: "ゼルブルク"
 semlacu_mare.german_language: "グロースシェムラック"
 sfantu_gheorghe.german_language: "ザンクト・ゲオルゲン"
 sibiu.german_language: "ヘルマンシュタット"
 sic.german_language: "ゼッケン"
 sierpc.german_language: "シェプス"
 sighet.german_language: "ジゲト"
 sighisoara.german_language: "シェスブルク"
 sigulda.german_language: "ゼーゲヴォルト"
 silandro.german_language: "シュランダース"
 simontornya.german_language: "ジモンシュトゥルム"
 siret.german_language: "ゼレス"
 skofja_loka.german_language: "ビショフラック"
 skwierzyna.german_language: "シュヴェリーン・アン・デア・ヴァルテ"
 slany.german_language: "シュラン"
 slawno.german_language: "シュラーヴェ"
 slovenj_gradec.german_language: "ヴィンディシュグレーツ"
 slupsk.german_language: "シュトルプ"
 soltyn.german_language: "ゾルディン"
 srem.german_language: "シュリム"
 sroda_slaska.german_language: "ノイマルクト"
 sroda_wielkopolska.german_language: "シュローダ"
 stary_tekov.german_language: "アルトバルシュ"
 storozhynets.german_language: "ストロジネッツ"
 straupe.german_language: "ループ"
 strzelce_opolskie.german_language: "グロース・シュトレリッツ"
 sulechow.german_language: "ツュリヒャウ"
 suure_jaani.german_language: "グロース・ザンクト・ヨハニス"
 swidnica.german_language: "シュヴァイトニッツ"
 swidwin.german_language: "シフェルバイン"
 swiecie.german_language: "シュヴェッツ"
 swinousjcie.german_language: "スヴィーネミュンデ"
 sycow.german_language: "ヴァルテンベルク"
 szabolcs.german_language: "ザボルチ"
 szadek.german_language: "シャデック"
 szadzko.german_language: "ザッツィヒ"
 szamotuly.german_language: "ザムター"
 szarvas.german_language: "ザルヴァシュ"
 szczytno.german_language: "オルテルスブルク"
 szeged.german_language: "ゼゲディン"
 szombathely.german_language: "シュタイナマンガー"
 szprotawa.german_language: "シュプロッタウ"
 szubin.german_language: "シュビン"
 tachov.german_language: "タハウ"
 tallinn.german_language: "レヴァル"
 targu_mures.german_language: "ノイマルクト・アム・ミエレシュ"
 tartu.german_language: "ドルパット"
 tata.german_language: "トティス"
 tczew.german_language: "ディルシャウ"
 tepla.german_language: "テープル"
 tesin.german_language: "テッシェン"
 timisoara.german_language: "テメシュヴァール"
 titel.german_language: "タイシュヒューゲル"
 tolmin.german_language: "トルメイン"
 tolna.german_language: "トルナウ"
 toolse.german_language: "トルスブルク"
 torun.german_language: "トルン"
 torzym.german_language: "シュテルンベルク"
 toszek.german_language: "トスト"
 trebon.german_language: "ヴィッティンガウ"
 trencin.german_language: "トレンチーン"
 trento.german_language: "トリェント"
 trieste.german_language: "トリエスト"
 trnava.german_language: "ティルナウ"
 trzebnica.german_language: "トレップニッツ"
 trzemeszno.german_language: "トレメッセン"
 tuchola.german_language: "トゥヘル"
 tukums.german_language: "トゥックム"
 turciansky_svaty_martin.german_language: "トゥルツ・ザンクト・マルティン"
 turda.german_language: "トーレンブルク"
 turna.german_language: "トルナウ"
 turnov.german_language: "トゥルナウ"
 uniejow.german_language: "ウニェナウ"
 usti_nad_labem.german_language: "アウスジヒ"
 uzhorod.german_language: "ウンクヴァール"
 valjala.german_language: "ヴォルデ"
 valka.german_language: "ヴァルク"
 valmiera.german_language: "ヴォルマー"
 vasknarva.german_language: "ノイシュロス"
 vastseliina.german_language: "ノイハウゼン"
 vatra_dornei.german_language: "ドルナ・ヴァトラ"
 veliky_beckerek.german_language: "グロースベチュケレク"
 ventspils.german_language: "ヴィンダウ"
 vilaka.german_language: "マリーエンハウゼン"
 viljandi.german_language: "フェリン"
 villandro.german_language: "フィランダース"
 vonnu.german_language: "ヴェンダウ"
 walcz.german_language: "アルンスクローネ"
 warsaw.german_language: "ヴァルシャウ"
 wegorzewo.german_language: "アンガーブルク"
 weissenburg.german_language: "ヴァイセンブルク"
 weissenfels.german_language: "ヴァイセンフェルス"
 wielen.german_language: "フィレーネ"
 wielun.german_language: "ヴェールン"
 wieruszow.german_language: "ヴェルスハウ"
 wloclawek.german_language: "レスラウ"
 wolow.german_language: "ヴォーラウ"
 wroclaw.german_language: "ブレスラウ"
 wschowa.german_language: "フラウシュタット"
 wyrzysk.german_language: "ヴィルジッツ"
 zagan.german_language: "ザガン"
 zalaegerszeg.german_language: "エーガーゼー"
 zalau.german_language: "ツィレンマルクト"
 zary.german_language: "ゾラウ"
 zatec.german_language: "ザーツ"
 ziebice.german_language: "ミュンスターベルク"
 zielona_gora.german_language: "グリュンベルク"
 zilina.german_language: "ジライン"
 zlotoryja.german_language: "ゴールドベルク"
 zlotow.german_language: "フラトウ"
 zurich.german_language: "チューリッヒ"
 zvolen.german_language: "アルトゾール"
