l_german:
 #Africa
 #Central Africa
 #Kongo Region
 ngono_area: "Ngono"
 #East Africa
 #Great Lakes Region
 egaso_ngiro_area: "Ewaso Ng’iro"
 igombe_area: "Igombe"
 malawi_area: "Grabenbruch von Malawi"
 rift_valley_area: "Grabenbruch"
 victoria_area: "Victoriasee"
 #Ethiopia Region
 central_ethiopia_area: "Zentraläthiopien"
 northern_ethiopia_area: "Nordäthiopien"
 southern_ethiopia_area: "Südäthiopien"
 #Nubia Region
 butana_area: "Butana"
 darfur_area: "Kordofan"
 equatoria_area: "Äquatoria"
 nubia_proper_area: "Nubien"
 #Somalia Region
 inner_somalia_area: "Inneres Somalia"
 northern_somalia_area: "Nordsomalia"
 southern_somalia_area: "Südsomalia"
 #Madagascar Region
 east_african_island_area: "Ostafrikanische Inseln"
 east_madagascar_area: "Ostmadagaskar"
 malagasy_highlands_area: "Hochland von Madagaskar"
 north_madagascar_area: "Nordmadagaskar"
 west_madagascar_area: "Westmadagaskar"
 #Swahili Coast Region
 mozambique_area: "Mosambik"
 rufiji_area: "Rufiji"
 ruvuma_lurio_area: "Ruvuma-Lurio"
 tana_area: "Tana"
 wami_area: "Wami"
 #North Africa
 #Egypt Region
 lower_egypt_area: "Unterägypten"
 upper_egypt_area: "Oberägypten"
 sinai_area: "Sinai"
 cyrenaica_area: "Kyrenaika"
 #Maghreb Region
 algiers_area: "Al-Maġrib al-Awsat"
 atlas_high_plateau: "Atlas-Hochebene"
 desert_area: "Sahara-Oasen"
 macaronesia_area: "Makaronesien"
 macaronesia_area_ADJ: "Makaronesisch"
 morocco_area: "Al-Maġrib al-Aqṣā"
 sus_area: "$sus_province$"
 tripolitania_area: "Tripolitanien"
 tunis_area: "Al-Maġrib al-Adna"
 #South Africa
 #South Africa Region
 southern_africa_islands_area: "Südafrikanische Inseln"
 goringhaikona_area: "Goringhaikona"
 umgungundlovu_area: "Umgungundlovu"
 tzaneen_area: "Tzaneen"
 thaba_bosiu_area: "Thaba Bosiu"
 karoo_area: "Karoo"
 kalahari_area: "Kalahari"
 okavango_area: "Okavango"
 namib_area: "Namib"
 cape_area: "Kap"
 #Zimbabwe Region
 limpopo_area: "Limpopo"
 zambezi_area: "Sambesi"
 save_area: "Save"
 #West Africa
 #Sahel Region
 adamawa_area: "Adamawa-Land"
 air_area: "Aïr"
 bornu_area: "Bornu"
 east_mossi_area: "Ost-Mossi"
 gao_area: "Gao"
 ghana_area: "Ghana"
 kanem_area: "Kanem"
 logone_area: "Logone"
 mali_area: "Mali"
 north_hausa_area: "Nördliche Hausastaaten"
 south_hausa_area: "Südliche Hausastaaten"
 timbuktu_area: "Timbuktu"
 wadai_area: "Wadai"
 west_mossi_area: "West-Mossi"
 western_sahara_area: "Westsahara"
 zarma_area: "Zarma-Land"
 #West Africa Region
 akan_area: "Akan-Land"
 benin_area: "Benin"
 cameroon_highlands_area: "Hochland von Kamerun"
 cape_verde_area: "Kap Verde"
 futa_tooro_area: "Fouta Toro"
 gambia_area: "Gambia"
 gold_coast_area: "Goldküste"
 gulf_of_guinea_area: "Golf von Guinea"
 gur_area: "Gur-Land"
 jolof_area: "Jolof"
 kong_area: "Kong"
 kru_area: "Kru-Land"
 lower_niger_area: "Unterer Niger"
 south_manding_area: "Südliches Manding-Land"
 upper_guinea_area: "Oberguinea"
 west_africa_coastline: "Westafrikanische Küste"
 yoruba_area: "Yoruba-Land"
 #Central Africa Region
 north_gabun_area: "Nordgabun"
 south_gabun_area: "Südgabun"
 west_kongo_area: "Westkongo"
 kongo_area: "Kongo"
 south_kongo_area: "Südkongo"
 west_lunda_area: "Westlunda"
 viye_area: "Viye"
 maligo_area: "Maligo"
 east_lunda_area: "Ostlunda"
 moshiko_area: "Moxiko"
 kasongo_area: "Kasongo"
 east_kongo_area: "Ostkongo"
 central_africa_area: "Zentralafrika"
 #America
 #North America
 #Canada Region
 greenland_area: "Grönland"
 greenland_sea_area: "Grönlandsee"
 icelandic_coast_area: "Küste von Island"
 northern_isles_sea_area: "See der Northern Isles"
 quebec_area: "Québec"
 laurentian_area: "Laurentinische Berge"
 lower_canada_area: "Niederkanada"
 jamesie_area: "Ost-James-Bay"
 nunavik_area: "Nunavik"
 labrador_area: "Labrador"
 newfoundland_area: "Neufundland"
 prince_edward_island_area: "Prinz-Eduard-Insel"
 acadia_area: "Akadien"
 new_brunswick_area: "New Brunswick"
 eastern_ontario_area: "Ost-Ontario"
 western_ontario_area: "West-Ontario"
 northern_ontario_area: "Nord-Ontario"
 northwestern_ontario_area: "Nordwest-Ontario"
 greenstone_belt_area: "Abitibi-Bergland"
 keewatin_area: "Keewatin"
 james_bay_lowlands_area: "West-James-Bay"
 gulf_of_saint_lawrence_area: "Sankt-Lorenz-Golf"
 canadian_atlantic_coast_area: "Kanadische Atlantikküste"
 labrador_sea_area: "Labradorsee"
 hudson_bay_coast_area: "Hudson-Bay-Küste"
 western_greenland_sea_zones_area: "Meer von Westgrönland"
 eastern_greenland_sea_area: "Meer von Ostgrönland"
 hudson_bay_sea_zones_area: "Hudson Bay"
 lousiana_sea_zones_area: "Meer von Louisiana"
 great_lakes_sea_zones_area: "Große Seen"
 #Caribbean Region
 cuba_area: "Kuba"
 hispaniola_area: "Hispaniola" #Quisqueya
 lesser_antilles_area: "Kleine Antillen"
 #Central America Region
 panama_area: "Panama"
 #East Coast Region
 massachusetts_area: "Massachusetts"
 southern_new_england_area: "Südliches Neuengland"
 vermont_area: "Vermont"
 new_hampshire_area: "New Hampshire"
 maine_area: "Maine"
 hudson_area: "Hudson"
 haudenosaunee_area: "Haudenosaunee"
 new_jersey_area: "New Jersey"
 pennsylvania_area: "Pennsylvania"
 westsylvania_area: "Allegheny"
 maryland_area: "Maryland"
 virginia_area: "Virginia"
 west_virginia_area: "West Virginia"
 north_carolina_area: "North Carolina"
 south_carolina_area: "South Carolina"
 georgia_us_area: "Georgia"
 florida_area: "Florida"
 tennessee_area: "Tennessee"
 kentucky_area: "Kentucky"
 ohio_area: "Ohio"
 indiana_area: "Indiana"
 michigan_area: "Michigan"
 illinois_area: "Illinois"
 wisconsin_area: "Wisconsin"
 alabama_area: "Alabama"
 mississippi_area: "Mississippi"
 #Louisiana Region
 louisiana_area: "Louisiana"
 arkansas_area: "Arkansas"
 missouri_area: "Missouri"
 iowa_area: "Iowa"
 minnesota_area: "Minnesota"
 superior_area: "Oberer See"
 north_dakota_area: "Norddakota"
 south_dakota_area: "Süddakota"
 central_plains_area: "Central Great Plains"
 natahende_area: "Natahende"
 high_plains_area: "High Plains"
 badlands_area: "Wyoming"
 upper_missouri_area: "Obermissouri"
 athabasca_area: "Athabasca"
 saskatchewan_area: "Saskatchewan"
 keewatin_n_area: "Nord-Keewatin"
 red_river_area: "Red River"
 mascarene_islands_area: "Maskarenen"
 #Mesoamerica
 mexihko_area: "Mexihko"
 tlaxcala_area: "Tlaxcalteken"
 puebla_area: "Puebla"
 guanajuato_area: "Guanajuato"
 oaxaca_area: "Oaxaca"
 veracruz_area: "Veracruz"
 huaxyacac_area: "Huāxyacac"
 tochtepec_area: "Tochtepec"
 michoacan_area: "Michoacán"
 xilotepec_area: "Xilotepec"
 xalisco_area: "Xalisco"
 aridoamerica_sea_zones_area: "Aridoamerikanisches Meer"
 janeiro_area: "Janeiro"
 mayaab_area: "Mayathan-Land"
 chilapan_area: "Chilapan"
 puuk_area: "Pu’uk"
 chactemal_area: "Cháak te’ éemal"
 mesoamerica_sea_zones_area: "Mesoamerikanisches Meer"
 central_america_sea_zones_area: "Mittelamerikanisches Meer"
 peten_area: "Petén"
 tezulutlan_area: "Tezulutlan"
 kuskatan_area: "Kuskatan"
 imabite_area: "Imabite-Land"
 nekokiaw_area: "Nekokiaw"
 #Arido America
 zacatecas_area: "Tlacuitlapán"
 baja_area: "Niederkalifornien"
 tahejoc_area: "Ge Kaachk Baasho"
 culiacan_area: "Culiacán"
 tamaulipeco_area: "Tamaulipas"
 guachichil_area: "Guachichil"
 texas_area: "Texas"
 shiewhibak_area: "Ali Shon"
 #West Coast Region
 northwest_coast_area: "Nordwestküste"
 western_arctic_area: "Westliche Arktis"
 alaxsxaq_area: "Alaxsxaq"
 yukon_area: "Yukon"
 alaska_sea_zones_area: "Meer von Alaska"
 columbia_interior_area: "Inneres Columbia"
 california_area: "Oberkalifornien"
 great_basin_area: "Großes Becken"
 rockies_area: "Rocky Mountains"
 hawaii_area: "Hawaii"
 hawaii_sea_area: "Meer von Hawaii"
 cascadia_area: "Kaskadien"
 cascadia_sea_zones_area: "Amerikanische Westküste"
 #South America
 #Brazil Region
 amazon_area: "Amazonas"
 tocantins_area: "Tocantins"
 mearim_area: "Mearim"
 paranaiba_area: "Paranaíba"
 jaguaribe_area: "Jaguaribe"
 parapitinga_area: "Parapĩtinga"
 pindorama_area: "Pindorama"
 parana_area: "Paraná"
 paraguay_area: "Paraguay"
 guapore_area: "Guaporé"
 uruguay_area: "Uruguay"
 #Colombia Region
 bogota_area: "Bogotá"
 #Andes Region
 andes_area: "Anden"
 quitu_area: "Quitu"
 chala_area: "Chala"
 atacama_area: "Atacama"
 cuyo_area: "Cuyo"
 yunga_area: "Yunga"
 puna_area: "Puna"
 qullaw_area: "Qullaw"
 acamama_area: "Acamama"
 suni_area: "Suni"
 rupa_rupa_area: "Rupa-Rupa"
 galapagos_area: "Galapagos"
 andes_sea_zones_area: "Meer der Anden"
 #Chaco Region
 chaco_area: "Chaco"
 la_plata_area: "La Plata"
 ngulumapu_area: "Ngulumapu"
 juan_fernandez_area: "Juan Fernández"
 mamore_area: "Mamore"
 paranena_area: "Paranena"
 ayoreo_area: "Ayoreo"
 moqoit_area: "Moqoit"
 pampa_area: "Pampa"
 puelmapu_area: "Puelmapu"
 patagonia_area: "Patagonien"
 falklands_area: "Falklandinseln"
 south_georgia_area: "Südgeorgien"
 rapa_nui_area: "Rapa Nui"
 #Asia
 #Central Asia
 #Khorasan Region
 badakhshan_area: "Badachschan"
 desht_kipchak_area: "Descht-i-Kiptschak"
 eastern_khorasan_area: "Ost-Chorasan"
 khwarazm_area: "Choresmien"
 transoxiana_area: "Transoxanien"
 western_khorasan_area: "West-Chorasan"
 zhetysu_area: "Schetissu"
 caspian_sea_area: "Kaspisches Meer"
 #East Asia
 #East China Region
 fujian_area: "Fújiàn" #福建
 hunan_area: "Húnán" #湖南
 wuling_area: "Wǔlíng" #武陵
 hubei_area: "Húběi" #湖北
 jiangxi_area: "Jiāngxī" #江西
 jiangnan_area: "Jiāngnán" #江南
 huaidong_area: "Huáidōng" #淮东
 huaixi_area: "Huáixī" #淮西
 taiwan_area: "Táiwān" #台灣
 zhejiang_area: "Zhèjiāng" #浙江
 east_china_coastline: "Ostchinesische Küste"
 #Japan Region
 ezo_area: "Ezo" #蝦夷
 hokurikudou_area: "Hokurikudō" #北陸道
 kinai_area: "Kinai" #畿内
 nankaidou_area: "Nankaidō" #南海道
 saikaidou_area: "Saikaidō" #西海道
 sanindou_area: "San’indō" #山陰道
 sanyoudou_area: "San’yōdō" #山陽道
 ou_area: "Ōu" #奥羽
 toukaidou_area: "Tōkaidō" #東海道
 tousandou_area: "Tōsandō" #東山道
 ryuukyuu_area: "Ryūkyū" #琉球
 japan_coastline: "Japanische Küste"
 sea_of_japan_area: "Japanisches Meer"
 ryuukyuu_sea_area: "Meer von Ryūkyū"
 ezo_sea: "Meer von Ezo"
 #Korea Region
 gwanseo_area: "Gwanseo"
 gwandong_area: "Gwandong"
 yeongnam_area: "Yeongnam"
 gyeonggi_area: "Gyeonggi"
 honam_area: "Honam"
 haeseo_area: "Haeseo"
 hoseo_area: "Hoseo"
 gwanbuk_area: "Gwanbuk"
 korea_western_coastline: "Koreanische Westküste"
 korea_eastern_coastline: "Koreanische Ostküste"
 #Manchuria Region
 liaodong_area: "Liáodōng" #遼東
 lower_amur_area: "Unterlauf des Amur"
 middle_amur_area: "Mittellauf des Amur"
 songhua_area: "Songhua"
 songnen_area: "Songnen"
 ussuri_area: "Ussuri"
 manchuria_coastline: "Mandschurische Küste"
 #Mongolia Region
 argun_area: "Argun"
 eastern_gobi_area: "Östliche Gobi"
 lower_selenga_area: "Unterlauf der Selenga"
 mongolian_great_lakes_area: "Mongolische Große Seensenke"
 shilkari_area: "Schilkari"
 southern_gobi_area: "Südliche Gobi"
 tuva_area: "Tuwa"
 upper_selenga_area: "Oberlauf der Selenga"
 western_gobi_area: "Westliche Gobi"
 #North China Region
 beiping_area: "Běipíng" #北平
 yannan_area: "Yānnán" #燕南
 yanbei_area: "Yānběi" #燕北
 hebei_area: "Héběi" #河北
 henan_area: "Hénán" #河南
 haiyou_area: "Hǎiyòu" #海右
 shandong_area: "Shāndōng" #山東
 datong_area: "Dàtóng"
 shanxi_area: "Shānxī" #山西
 north_china_coastline: "Nordchinesische Küste"
 #South China Region
 haibei_hainan_area: "Hǎiběi Hǎinán" #海北海南
 guangdong_area: "Guǎngdōng" #廣東
 liangjiang_area: "Liǎngjiāng" #两江
 guangxi_area: "Guǎngxī" #廣西
 guizhou_area: "Guìzhōu" #貴州
 dali_area: "Dàlǐ" #大理
 yunnan_area: "Yúnnán" #雲南
 south_china_coastline: "Südchinesische Küste"
 #Tibet Region
 amdo_area: "Amdo"
 changtang_area: "Changtang"
 kham_area: "Kham"
 ngari_area: "Ngari"
 tsang_area: "Tsang"
 u_area: "Ü"
 #West China Region
 gansu_area: "Gānsù" #甘肃/甘肅
 hexi_area: "Héxī" #河西
 longyou_area: "Lǒngyòu" #陇右
 shaanxi_area: "Shǎnxī" #陕西/陝西
 chuandong_area: "Chuāndōng" #川东
 chuannan_area: "Chuānnán" #川南
 chuanxi_area: "Chuānxī" #川西
 #xinjiang Region
 dzungaria_area: "Dsungarei"
 tarim_area: "Tarim"
 #Middle East
 #Anatolia Region
 armenian_highlands_area: "Armenisches Hochland"
 cappadocia_area: "Kappadokien"
 central_anatolia_area: "Zentralanatolien"
 cilicia_area: "Kilikien"
 marmara_area: "Marmararegion"
 pontus_area: "Pontos"
 west_anatolia_area: "Westanatolien"
 #Arabia Region
 bahrein_area: "Bahrain"
 hedjaz_area: "Hedschas"
 najd_area: "Nadschd"
 oman_area: "Oman"
 hail_area: "Al-Ḥa’il"
 north_yemen_area: "Nordjemen"
 south_yemen_area: "Südjemen"
 arabian_area: "Arabisches Meer"
 red_sea_area: "Rotes Meer"
 #Crescent Region
 iraq_arabi_area: "Irāq al-’Arab"
 jazira_area: "Dschazīra"
 levant_area: "Levante"
 #Persia Region
 azerbaijan_area: "Aserbaidschan"
 baluchistan_area: "Belutschistan"
 fars_area: "Fars"
 iraq_ajam_area: "Irāq al-’Aǧam"
 kerman_area: "Kerman"
 khuzestan_area: "Chuzestan und Luristan"
 kordestan_area: "Kurdistan"
 mazandaran_area: "Mazandaran"
 quhestan_area: "Kohistan"
 sistan_area: "Sistan"
 oman_sea_zones_area: "Golf von Oman"
 bengal_sea_zones_area: "Bengalisches Meer"
 western_india_sea_zones_area: "Westindisches Meer"
 deccan_sea_zones_area: "Dekkanisches Meer"
 #North Asia
 #West Siberia Region
 chimgi_tura_area: "Chimgi Tura"
 qashliq_area: "Qashliq"
 irkutsk_area: "Irkutsk"
 surgut_area: "Surgut"
 mangazeya_area: "Mangazeya"
 tomsk_area: "Tomsk"
 omsk_area: "Omsk"
 kulykol_area: "Kulykol"
 bursol_area: "Bursol"
 suzun_area: "Suzun"
 kansk_area: "Kansk"
 bratsk_area: "Bratsk"
 angara_area: "Angara"
 vitim_area: "Witim"
 anabyr_area: "Anabyr"
 yenisei_area: "Oberlauf des Jenissei"
 #East Siberia Region
 chukchee_area: "Tschuktschen"
 anadyr_area: "Anadyr"
 kamchatka_area: "Kamtschatka"
 chuvan_area: "Tschuwan"
 kolyma_area: "Kolyma"
 yandin_area: "Jandin"
 indigirka_area: "Indigirka"
 okhotsk_coast_area: "Ochotskische Küste"
 east_stanovoi_area: "Ost-Stanowoi"
 west_stanovoi_area: "West-Stanowoi"
 amga_area: "Amga"
 yakutia_area: "Jakutien"
 lower_lena_area: "Unterlauf der Lena"
 middle_lena_area: "Mittellauf der Lena"
 upper_lena_area: "Oberlauf der Lena"
 onoid_area: "Onoid"
 laptev_coast_area: "Laptew-Küste"
 siberian_lakes_area: "Sibirische Seen"
 yakutsk_sea_area: "Meer von Jakutsk"
 #West Siberia Region
 #South Asia
 #Bengal Region
 assam_area: "Assam"
 bengal_area: "Bengalen"
 hill_area: "Zo-Gebirge"
 jharkhand_area: "Jharkhand"
 mithila_area: "Mithila und Magadh"
 monyul_area: "Monyül"
 nepal_area: "Nepal"
 chota_nagpur_area: "Chota Nagpur"
 orissa_area: "Orissa"
 #Deccan Region
 andhra_area: "Andhra"
 awadh_area: "Avadh"
 bhojpur_area: "Bhojpur"
 gondwana_area: "Gondwana"
 karnakassala_area: "Karnakassala"
 konkan_area: "Konkan"
 sailan_area: "Sailan"
 maharashtra_area: "Maharashtra"
 malabar_area: "Malabar"
 rokhilkhand_area: "Rokhilkhand"
 tamil_land_area: "Tamil Nadu"
 telingana_area: "Telangana"
 vidarbha_area: "Vidarbha"
 maldives_area: "Malediven"
 #Western India Region
 gujarat_area: "Gujarat"
 malwa_area: "Malwa"
 rajputana_area: "Rajputana"
 saurashtra_area: "Saurashtra"
 #Hindustan Region
 upper_indus_area: "Oberlauf des Indus"
 sindh_area: "Sindh"
 doab_area: "Doab"
 punjab_area: "Punjab"
 #Southeast Asia
 #Indochina Region
 arakhan_area: "Arakan"
 champa_area: "Champa"
 chao_phraya_area: "Chao Phraya"
 irrawady_area: "Irrawady"
 irrawady_delta_area: "Irrawady-Delta"
 kachin_area: "Kachin"
 khorat_plateau_area: "Khorat-Hochebene"
 lower_mekong_area: "Unterlauf des Mekong"
 malay_peninsula_area: "Malayische Halbinsel"
 northern_tai_highland_area: "Nördliches Tai-Hochland"
 red_river_delta_area: "Delta des Roten Flusses"
 shan_highland_area: "Shan-Hochland"
 southeast_asian_coasts_area: "Südostasiatische Küste"
 #Indonesia Region
 north_borneo_area: "Nord-Borneo"
 south_borneo_area: "Süd-Borneo"
 celebes_area: "Celebes"
 java_area: "Java"
 lesser_sunda_area: "Kleine Sundainseln"
 moluccas_area: "Molukken"
 luzon_area: "Luzon"
 visayas_area: "Visayas"
 mindanao_area: "Mindanao"
 north_sumatra_area: "Nord-Sumatra"
 south_sumatra_area: "Süd-Sumatra"
 indonesia_coasts_area: "Indonesische Küste"
 #Europe
 #Eastern Europe
 #Balkan Region
 aegean_archipelago_area: "Ägäis-Archipel"
 bosnia_area: "Bosnien"
 bulgaria_area: "Bulgarien"
 croatia_area: "Kroatien"
 macedonia_area: "Mazedonien"
 morea_area: "Morea"
 northern_greece_area: "Nordgriechenland"
 serbia_area: "Serbien"
 silistria_area: "Silistra"
 slavonia_area: "Slawonien"
 slovenia_area: "Krain"
 thrace_area: "Thrakien"
 #Carpathia Region
 north_alfold_area: "Nord-Alföld"
 south_alfold_area: "Süd-Alföld"
 transdanubia_area: "Transdanubien"
 moldavia_area: "Moldawien"
 slovakia_area: "Slowakei"
 transylvania_area: "Transsylvanien"
 wallachia_area: "Walachei"
 #Caucasus Region
 armenia_area: "Armenien"
 georgia_area: "Georgien"
 northern_caucasus_area: "Nordkaukasus"
 shirvan_area: "Schirwan"
 #Poland Region
 central_poland_area: "Zentralpolen"
 greater_poland_area: "Großpolen"
 lesser_poland_area: "Kleinpolen"
 lithuania_area: "Litauen"
 mazovia_area: "Masowien"
 prussia_area: "Preußen"
 samogitia_area: "Samogitien"
 #Russia Region
 moscow_area: "Moskau"
 smolensk_area: "Smolensk"
 oka_area: "Oka"
 sloboda_ukraine_area: "Sloboda"
 ryazan_area: "Rjasan"
 west_novgorod_area: "West-Nowgorod"
 east_novgorod_area: "Ost-Nowgorod"
 tambov_area: "Tambow"
 samara_area: "Samara"
 nizhny_novgorod_area: "Nischni Nowgorod"
 suzdal_area: "Susdal"
 vladimir_area: "Wladimir"
 tver_area: "Twer"
 yaroslavl_area: "Jaroslawl"
 beloozero_area: "Belosersk"
 totma_area: "Totma"
 #Ruthenia Region
 black_ruthenia_area: "Schwarzruthenien"
 left_bank_ukraine_area: "Linksufrige Ukraine"
 podolia_area: "Podolien"
 polesia_area: "Polesien"
 red_ruthenia_area: "Rotruthenien"
 right_bank_ukraine_area: "Rechtsufrige Ukraine"
 severia_area: "Sewerien"
 volhynia_area: "Wolhynien"
 white_ruthenia_area: "Weißruthenien"
 #Steppes Region
 crimea_area: "Krim"
 matrega_area: "Matrega"
 yedisan_area: "Jedisan"
 zaporizhzhia_area: "Saporischschja"
 pryazovia_area: "Pryazovia"
 azov_area: "Asow"
 lower_don_area: "Unterer Don"
 astrakhan_area: "Astrachan"
 majar_area: "Majar"
 lower_yik_area: "Unterlauf des Yik"
 samar_area: "Samar"
 kursk_area: "Kursk"
 #Ural Region
 kazan_area: "Kasan"
 vyatka_area: "Wjatka"
 bolghar_area: "Bolghar"
 bashkiria_area: "Baschkirien"
 karagay_area: "Karagay"
 perm_area: "Perm"
 ust_sysola_area: "Ust-Sysola"
 vorkuta_area: "Vorkuta"
 ural_area: "Ural"
 #White Sea Region
 pomorye_area: "Pomorje"
 arkhangelsk_area: "Archangelsk"
 karelia_area: "Karelien"
 kola_area: "Kola"
 russian_coastline: "Russische Küste"
 #Western Europe
 #France Region
 alsace_area: "Elsass"
 alsace_area_ADJ: "Elsässisch"
 anjou_area: "Anjou"
 anjou_area_ADJ: "Angevinisch"
 auvergne_area: "Auvergne"
 brittany_area: "Bretagne"
 brittany_area_ADJ: "Bretonisch"
 burgundy_area: "Burgund"
 burgundy_area_ADJ: "Burgundisch"
 champagne_area: "Champagne"
 champagne_area_ADJ: "Champagnisch"
 franche_comte_area: "Franche-Comté"
 franche_comte_area_ADJ: "Comtoisisch"
 gascony_area: "Gascogne"
 gascony_area_ADJ: "Gaskognisch"
 guyenne_area: "Guyenne"
 guyenne_area_ADJ: "Guyennoisisch"
 ile_de_france_area: "Île-de-France"
 ile_de_france_area_ADJ: "Französisch"
 lorraine_area: "Lothringen"
 lorraine_area_ADJ: "Lothringisch"
 lyonnais_area: "Lyonnais"
 normandy_area: "Normandie"
 normandy_area_ADJ: "Normannisch"
 orleanais_area: "Orléanais"
 orleanais_area_ADJ: "Orléanaisisch"
 picardy_area: "Picardie"
 picardy_area_ADJ: "Picardisch"
 poitou_area: "Poitou"
 poitou_area_ADJ: "Poitevinisch"
 provence_area: "Provence"
 provence_area_ADJ: "Provenzalisch"
 savoy_area: "Savoy und Dauphiné"
 savoy_area_ADJ: "Savoyardisch"
 languedoc_area: "Languedoc"
 languedoc_area_ADJ: "Okzitanisch"
 #Great Britain Region
 east_anglia_area: "Ostanglien"
 home_counties_area: "Home Counties"
 midlands_area: "Mercia"
 northumbria_area: "Northumbria"
 scottish_highlands_area: "Highlands"
 hebrides_area: "Hebriden"
 hebrides_area_ADJ: "Hebridisch"
 scottish_lowlands_area: "Lowlands"
 wales_area: "Wales"
 northern_isles_area: "Northern Isles"
 west_country_area: "West Country"
 #Iberia Region
 andalusia_area: "Andalusien"
 andalusia_area_ADJ: "Andalusisch"
 aragon_area: "Aragón"
 aragon_area_ADJ: "Aragonisch"
 balearics_area: "Balearen"
 balearics_area_ADJ: "Balearisch"
 castile_area: "Kastilien"
 castile_area_ADJ: "Kastilisch"
 catalonia_area: "Katalonien"
 catalonia_area_ADJ: "Katalonisch"
 granada_area: "$granada$"
 granada_area_ADJ: "Granadisch"
 extremadura_area: "Extremadura"
 extremadura_area_ADJ: "Extremadurisch"
 galicia_area: "Galicien"
 galicia_area_ADJ: "Galicisch"
 leon_area: "$leon_province$"
 leon_area_ADJ: "Leonesisch"
 murcia_area: "Murcia"
 navarre_area: "Navarra"
 navarre_area_ADJ: "Navarresisch"
 north_portugal_area: "Nordportugal"
 north_portugal_area_ADJ: "Nordportugiesisch"
 south_portugal_area: "Südportugal"
 south_portugal_area_ADJ: "Südportugiesisch"
 toledo_area: "$toledo_province$"
 toledo_area_ADJ: "Toledisch"
 valencia_area: "$valencia_province$"
 valencia_area_ADJ: "Valencianisch"
 #Ireland Region
 connaught_area: "Connaught"
 leinster_area: "Leinster"
 munster_area: "Munster"
 ulster_area: "Ulster"
 #Italy Region
 abruzzo_area: "Abruzzen"
 apulia_area: "Apulien"
 basilicata_area: "Basilikata und Kalabrien"
 campania_area: "Kampanien und Principato"
 emilia_area: "Emilia und Romagna"
 lazio_area: "Lazio"
 liguria_area: "Ligurien und Korsika"
 lombardy_area: "Lombardei"
 marche_area: "Marken und Umbrien"
 piemonte_area: "Piemont"
 sardinia_area: "Sardinien"
 sicily_area: "Sizilien"
 tuscany_area: "Toskana"
 veneto_area: "Venetien und Friaul"
 #Scandinavia Region
 denmark_area: "Dänemark"
 gotaland_area: "Götaland"
 iceland_area: "Island"
 nord_norge_area: "Nord-Norge"
 skaneland_area: "Skåneland"
 svealand_area: "Svealand"
 syd_norge_area: "Sør-Norge"
 scandinavian_sea_zones_area: "Skandinavische Küste"
 #North Germany Region
 brabant_area: "Brabant"
 flanders_area: "Flandern"
 friesland_area: "Friesland"
 holland_area: "Holland"
 wallonia_area: "Wallonien"
 brandenburg_area: "Brandenburg"
 mecklenburg_area: "Mecklenburg"
 #South Germany Region
 austria_area: "Niederösterreich"
 rhineland_area: "Rheinland"
 hesse_area: "Hessen"
 westphalia_area: "Westfalen"
 lower_saxony_area: "Niedersachsen"
 upper_saxony_area: "Obersachsen"
 pomerania_area: "Pommern"
 holstein_area: "Holstein"
 upper_austria_area: "Oberösterreich"
 salzburg_area: "Salzburg"
 styria_area: "Steiermark"
 carinthia_area: "Kärnten"
 central_switzerland_area: "Schweiz"
 eastern_switzerland_area: "Raetia"
 western_switzerland_area: "Romandie"
 bohemia_area: "Böhmen"
 moravia_area: "Mähren"
 silesia_area: "Schlesien"
 upper_rhine_area: "Oberrhein"
 swabia_area: "Schwaben"
 bavaria_area: "Bayern"
 franconia_area: "Franken"
 tirol_area: "Tirol und Trentino"
 #Oceania
 #Australia
 #Australia Region
 eastern_australia_area: "Ostaustralien"
 #Papua
 eastern_australia_sea_zones_area: "Ostaustralisches Meer"
 micronesia_area: "Mikronesien"
 melanesia_area: "Melanesien"
 solomon_islands_area: "Solomon-Inseln"
 solomon_islands_coastal_sea_zones_area: "Küstenmeer der Salomonen"
 bismarck_area: "Bismarck"
 momase_area: "Momase"
 kerema_area: "Kerema"
 milne_area: "Milne"
 wanin_area: "Wanin"
 papua_area: "Papua"
 anim_ha_area: "Anim Ha"
 papua_sea_zones_area: "Meer von Papua"
 polynesia_area: "Polynesien"
 #Polynesia
 #New Zealand Region
 rekohu_area: "Rēkohu"
 lord_howe_area: "Lord-Howe-Insel"
 norfolk_nz_area: "Norfolk"
 motu_maha_area: "Motu Maha"
 new_zealand_sea_zones_area: "Meer von Neuseeland"
 rapa_nui_sea_zones_area: "Meer von Rapa Nui"
 papahanaumokuakea_area: "Papahanaumokuakea"
 hawaii_sea_zones_area: "Meer von Hawaii"
 aono_raina_area: "Aono Raina"
 aono_raina_sea_zones_area: "Meer von Aono Raina"
 kuki_airani_area: "Kuki Airani"
 kuki_airani_sea_zones_area: "Meer von Kuki Airani"
 tuhaa_pae_area: "Tuhaa Pae"
 tuhaa_pae_sea_zones_area: "Meer von Tuhaa Pae"
 te_henua_enana_area: "Te Henua Enana"
 te_henua_enana_sea_zones_area: "Meer von Te Henua Enana"
 tuamotu_area: "Tuamotu"
 raeffsky_area: "Raevski-Inseln"
 palliser_area: "Palliser-Inseln"
 tuamotu_sea_zones_area: "Meer von Tuamotu"
 totaiete_ma_area: "Totaiete Ma"
 totaiete_ma_sea_zones_area: "Meer von Totaiete Ma"
 pitcairn_area: "Pitcairn"
 pitcairn_sea_zones_area: "Meer von Pitcairn"
 rawaki_area: "Rawaki"
 rawaki_sea_zones_area: "Meer von Rawaki"
 tokelau_area: "Tokelau"
 tokelau_sea_zones_area: "Meer von Tokelau"
 niue_area: "Niue"
 niue_sea_zones_area: "Meer von Niue"
 tuvalu_area: "Tuvalu"
 tuvalu_sea_zones_area: "Meer von Tuvalu"
 futuna_area: "Futuna"
 tonga_area: "Tonga"
 tonga_sea_zones_area: "Meer von Tonga"
 samoa_area: "Samoa"
 samoa_sea_zones_area: "Meer von Samoa"
 nanpo_area: "Nanpō"
 nanpo_sea_zones_area: "Meer der Nanpō-Inseln"
 marianas_area: "Marianen"
 marianas_sea_zones_area: "Meer der Marianen"
 ratak_area: "Ratak-Kette"
 ralik_area: "Ralik-Kette"
 majel_sea_zones_area: "Meer der Marshallinseln"
 belau_area: "Belau"
 belau_sea_zones_area: "Meer von Belau"
 chuuk_area: "Chuuk"
 chuuk_sea_zones_area: "Meer von Chuuk"
 tungaru_area: "Tungaru"
 tungaru_sea_zones_area: "Meer von Tungaru"
 tinputz_area: "Tinputz"
 bougainville_area: "Bougainville"
 mu_ngava_area: "Mu-ngavaisch"
 solomon_islands_sea_zones_area: "Meer der Salomonen"
 temotu_area: "Temotu"
 temotu_sea_zones_area: "Meer von Temotu"
 vanuatu_area: "Vanuatu"
 vanuatu_sea_zones_area: "Meer von Vanuatu"
 fiji_area: "Fidschi"
 fiji_sea_zones_area: "Meer von Fidschi"
 kanaky_area: "Kanaky"
 kanaky_sea_zones_area: "Meer von Kanaky"
 nauru_area: "Nauru"
 nauru_sea_zones_area: "Meer von Nauru"
 #Ocean Continent
 #Ocean Subcontinent
 #Ocean Region
 atlantic_canada_area: "Atlantik (Kanada)"
 black_sea_area: "Schwarzes Meer"
 caribbean_sea_area: "Karibisches Meer"
 alboran_sea_area: "Alborán-Meer"
 tyrrhenian_sea: "Tyrrhenisches Meer"
 adriatic_sea_area: "Adriatisches Meer"
 ionian_sea_area: "Ionische See"
 aegean_sea_area: "Ägäisches Meer"
 albania_area: "Albanien"
 levantine_sea_area: "Levantisches Meer"
 libyan_sea_area: "Libysches Meer"
 central_mediterranean_sea_area: "Zentrales Mittelmeer"
 iberian_west_coast_area: "Iberische Westküste"
 southeast_baltic_sea: "Südöstliche Ostsee"
 western_mediterranean_sea_area: "Westliches Mittelmeer"
 atlantic_west_spitzbergen_area: "Atlantik westlich von Spitzbergen"
 atlantic_irminger_area: "Irmingersee"
 atlantic_labrador_area: "Labradorsee"
 atlantic_gulf_stream_area: "Golfstrom (Atlantik)"
 atlantic_north_atlantic_current_area: "Nordatlantikstrom"
 atlantic_azores_stream_area: "Azorenstrom (Atlantik)"
 azores_sea_area: "Meer der Azoren"
 bay_of_biscay_area: "Biskaya"
 atlantic_north_equatorial_area: "Nordäquatorialstrom (Atlantik)"
 atlantic_equatorial_countercurrent_area: "Äquatorialer Gegenstrom (Atlantik)"
 atlantic_south_equatorial_area: "Südäquatorialstrom (Atlantik)"
 atlantic_saint_helena_area: "Atlantik von St. Helena"
 atlantic_saint_helena_sea_area: "Atlantik von St. Helena"
 atlantic_south_area: "Südatlantik"
 indian_horn_area: "Indisches Horn"
 indian_andaman_area: "Indische Andamanen"
 indian_monsoon_area: "Indischer Monsun"
 indian_equatorial_countercurrent_area: "Indischer äquatorialer Gegenstrom"
 indian_south_equatorial_area: "Südäquatorialstrom (Indischer Ozean)"
 indian_south_area: "Südlicher Teil des Indischen Ozeans"
 indian_austral_area: "Indischer Ozean (Australien)"
 indian_north_agulhas_area: "Indischer Ozean (Nord-Agulhas)"
 pacific_north_area: "Nordpazifik"
 pacific_north_equatorial_area: "Nordäquatorialstrom (Pazifik)"
 pacific_hawaii_area: "Pazifik (Hawaii)"
 pacific_kuro_area: "Kuroshio-Strömung (Pazifik)"
 pacific_south_equatorial_area: "Südäquatorialstrom (Pazifik)"
 pacific_easter_equatorial_area: "Ostäquatorialstrom (Pazifik)"
 pacific_equatorial_countercurrent_area: "Pazifischer äquatorialer Gegenstrom"
 pacific_polynesia_area: "Pazifik (Polynesien)"
 pacific_south_area: "Südpazifik"
 pacific_tasmania_area: "Pazifik (Tasmanien)"
 antarctic_ocean_area: "Antarktischer Ozean"
 mozambique_channel_area: "Straße von Mosambik"
 cape_sea_zones: "Meer des Kaps"
 bengal_bay_area: "Golf von Bengalen"
 timor_sea_area: "Meer von Timor"
 tristan_da_cunha_area: "Tristan da Cunha"
 tristan_da_cunha_sea_zones_area: "Meer von Tristan da Cunha"
 bouvet_area: "Bouvetinsel"
 #Australians
 western_australia_high_sea_zones_area: "Westaustralisches Meer"
 northern_australia_high_sea_zones_area: "Nordaustralisches Meer"
 eastern_australia_high_sea_zones_area: "Ostaustralisches Meer"
 southern_australia_high_sea_zones_area: "Südaustralisches Meer"
 southwestern_australia_area: "Südwestaustralien"
 northwestern_australia_area: "Nordwestaustralien"
 australian_northern_territory_area: "Northern Territory"
 australian_yalanji_area: "Yalanji"
 southeastern_australia_area: "Südostaustralien"
 south_australia_area: "Südaustralien"
 #unsorted
 bermuda_province: "$bermuda$"
 bermuda_area: "$bermuda$"
 gulf_of_mexico_area: "Golf von Mexiko"
 west_greenland_sea_area: "Küste von Westgrönland"
 east_greenland_sea_area: "Küste von Ostgrönland"
 coast_of_portugal_province: "Portugiesische Küste"
 azores_province: "Azoren"
 madeira_province: "Madeira"
 canary_island_coast: "Küste der Kanarischen Inseln"
 coast_of_morocco: "Küste von Marokko"
 sahel_coast_province: "Sahel-Küste"
 bahamans_sea_zone: "Küste von Lucaya"
 atlantic_sea_area: "Sargassosee"
 madeira_sea_area: "Meer von Madeira"
 azores_area: "Azoren"
 canary_islands_area: "Kanarische Inseln"
 south_macaronesia_area: "Süd-Makaronesien"
 #temporary ones
 nw_africa_coast_area: "Nordwestafrikanische Küste"
